id,diagnosis_code,diagnosis_name,code_group,body_system,insurance_issue_category,related_claim_types,common_customer_expression,common_document_expression,common_tests,key_medical_findings,insurance_relevance,causation_points,pre_existing_condition_points,disclosure_duty_points,disability_points,hospitalization_points,surgery_points,required_documents,useful_search_keywords,related_source_areas,caution_notes,source_area,source_type,trust_level,review_status
"MIC001","M47.26","신경뿌리병증을 동반한 기타 척추증, 요추부","M47","근골격계 / 척추 / 관절","계약전 알릴의무 / 기왕증 / 상해성 여부 / 실손보험 / 후유장해","실손의료비;입원비;통원비;수술비;후유장해","통증;저림;삐끗함;움직임 제한;일상생활 불편","염좌;퇴행성 변화;디스크;관절 손상;골절","X-ray;MRI;CT;신경학적 검사;관절운동범위 측정","급성 외상 소견 여부;퇴행성 변화 정도;신경학적 결손;관절 불안정성;운동범위 제한","신경뿌리병증을 동반한 기타 척추증, 요추부은(는) 계약전 알릴의무 / 기왕증 / 상해성 여부 / 실손보험 / 후유장해와 연결될 수 있는 내부 검색 보강 항목이다. 코드명만으로 결론을 내리지 않고 실제 문서상 진단 경위, 검사, 치료기간, 약관상 담보를 함께 확인해야 한다.","사고 직후 증상 발생 여부;사고 전 동일 부위 또는 동일 질환 치료력;검사상 급성 소견 여부;시간적 근접성","기존 치료력;반복 진료 이력;퇴행성 또는 만성 변화;건강검진 이상소견","최근 3개월 내 진료 여부;정밀검사 여부;입원/수술/장기투약 여부;의사가 중대한 질환으로 설명했는지 여부","영구장해 여부;객관적 기능 제한;장해 고정 시점;기왕장해 기여도","입원 필요성은 증상 정도, 검사결과, 치료 내용, 관찰 필요성으로 검토 필요","수술 여부, 수술 목적, 수술기록지상 주요 소견 확인 필요","진료기록지;처방전;진료비 세부내역서;검사결과지 또는 판독지;의사 소견서","M47.26;M47;척추증;근골격계 / 척추 / 관절;계약전 알릴의무 / 기왕증 / 상해성 여부 / 실손보험 / 후유장해;통증;저림;염좌;퇴행성 변화","medical_knowledge;terms_standards;fss_dispute_cases;legal_statutes;precedents;issue_playbooks","이 데이터는 의료 판단 확정용이 아니라 보험 실무상 쟁점 연결용 내부 보강 데이터다. 질병코드만으로 진단, 인과관계, 장해율, 고지의무 위반을 단정하지 말고 실제 진료내용, 검사결과, 치료기간, 약관을 확인해야 한다.","medical_issue_codes","internal_medical_issue_code","internal_review_required","needs_human_review"
"MIC002","M51.1","추간판장애 관련 보험쟁점 2","M51","근골격계 / 척추 / 관절","계약전 알릴의무 / 기왕증 / 상해성 여부 / 실손보험 / 후유장해","실손의료비;입원비;통원비;수술비;후유장해","통증;저림;삐끗함;움직임 제한;일상생활 불편","염좌;퇴행성 변화;디스크;관절 손상;골절","X-ray;MRI;CT;신경학적 검사;관절운동범위 측정","급성 외상 소견 여부;퇴행성 변화 정도;신경학적 결손;관절 불안정성;운동범위 제한","추간판장애 관련 보험쟁점 2은(는) 계약전 알릴의무 / 기왕증 / 상해성 여부 / 실손보험 / 후유장해와 연결될 수 있는 내부 검색 보강 항목이다. 코드명만으로 결론을 내리지 않고 실제 문서상 진단 경위, 검사, 치료기간, 약관상 담보를 함께 확인해야 한다.","사고 직후 증상 발생 여부;사고 전 동일 부위 또는 동일 질환 치료력;검사상 급성 소견 여부;시간적 근접성","기존 치료력;반복 진료 이력;퇴행성 또는 만성 변화;건강검진 이상소견","최근 3개월 내 진료 여부;정밀검사 여부;입원/수술/장기투약 여부;의사가 중대한 질환으로 설명했는지 여부","영구장해 여부;객관적 기능 제한;장해 고정 시점;기왕장해 기여도","입원 필요성은 증상 정도, 검사결과, 치료 내용, 관찰 필요성으로 검토 필요","수술 여부, 수술 목적, 수술기록지상 주요 소견 확인 필요","진료기록지;처방전;진료비 세부내역서;검사결과지 또는 판독지;의사 소견서","M51.1;M51;추간판장애;근골격계 / 척추 / 관절;계약전 알릴의무 / 기왕증 / 상해성 여부 / 실손보험 / 후유장해;통증;저림;염좌;퇴행성 변화","medical_knowledge;terms_standards;fss_dispute_cases;legal_statutes;precedents;issue_playbooks","이 데이터는 의료 판단 확정용이 아니라 보험 실무상 쟁점 연결용 내부 보강 데이터다. 질병코드만으로 진단, 인과관계, 장해율, 고지의무 위반을 단정하지 말고 실제 진료내용, 검사결과, 치료기간, 약관을 확인해야 한다.","medical_issue_codes","internal_medical_issue_code","internal_review_required","needs_human_review"
"MIC003","M54.2","요통 관련 보험쟁점 3","M54","근골격계 / 척추 / 관절","계약전 알릴의무 / 기왕증 / 상해성 여부 / 실손보험 / 후유장해","실손의료비;입원비;통원비;수술비;후유장해","통증;저림;삐끗함;움직임 제한;일상생활 불편","염좌;퇴행성 변화;디스크;관절 손상;골절","X-ray;MRI;CT;신경학적 검사;관절운동범위 측정","급성 외상 소견 여부;퇴행성 변화 정도;신경학적 결손;관절 불안정성;운동범위 제한","요통 관련 보험쟁점 3은(는) 계약전 알릴의무 / 기왕증 / 상해성 여부 / 실손보험 / 후유장해와 연결될 수 있는 내부 검색 보강 항목이다. 코드명만으로 결론을 내리지 않고 실제 문서상 진단 경위, 검사, 치료기간, 약관상 담보를 함께 확인해야 한다.","사고 직후 증상 발생 여부;사고 전 동일 부위 또는 동일 질환 치료력;검사상 급성 소견 여부;시간적 근접성","기존 치료력;반복 진료 이력;퇴행성 또는 만성 변화;건강검진 이상소견","최근 3개월 내 진료 여부;정밀검사 여부;입원/수술/장기투약 여부;의사가 중대한 질환으로 설명했는지 여부","영구장해 여부;객관적 기능 제한;장해 고정 시점;기왕장해 기여도","입원 필요성은 증상 정도, 검사결과, 치료 내용, 관찰 필요성으로 검토 필요","수술 여부, 수술 목적, 수술기록지상 주요 소견 확인 필요","진료기록지;처방전;진료비 세부내역서;검사결과지 또는 판독지;의사 소견서","M54.2;M54;요통;근골격계 / 척추 / 관절;계약전 알릴의무 / 기왕증 / 상해성 여부 / 실손보험 / 후유장해;통증;저림;염좌;퇴행성 변화","medical_knowledge;terms_standards;fss_dispute_cases;legal_statutes;precedents;issue_playbooks","이 데이터는 의료 판단 확정용이 아니라 보험 실무상 쟁점 연결용 내부 보강 데이터다. 질병코드만으로 진단, 인과관계, 장해율, 고지의무 위반을 단정하지 말고 실제 진료내용, 검사결과, 치료기간, 약관을 확인해야 한다.","medical_issue_codes","internal_medical_issue_code","internal_review_required","needs_human_review"
"MIC004","M48.3","척추협착 관련 보험쟁점 4","M48","근골격계 / 척추 / 관절","계약전 알릴의무 / 기왕증 / 상해성 여부 / 실손보험 / 후유장해","실손의료비;입원비;통원비;수술비;후유장해","통증;저림;삐끗함;움직임 제한;일상생활 불편","염좌;퇴행성 변화;디스크;관절 손상;골절","X-ray;MRI;CT;신경학적 검사;관절운동범위 측정","급성 외상 소견 여부;퇴행성 변화 정도;신경학적 결손;관절 불안정성;운동범위 제한","척추협착 관련 보험쟁점 4은(는) 계약전 알릴의무 / 기왕증 / 상해성 여부 / 실손보험 / 후유장해와 연결될 수 있는 내부 검색 보강 항목이다. 코드명만으로 결론을 내리지 않고 실제 문서상 진단 경위, 검사, 치료기간, 약관상 담보를 함께 확인해야 한다.","사고 직후 증상 발생 여부;사고 전 동일 부위 또는 동일 질환 치료력;검사상 급성 소견 여부;시간적 근접성","기존 치료력;반복 진료 이력;퇴행성 또는 만성 변화;건강검진 이상소견","최근 3개월 내 진료 여부;정밀검사 여부;입원/수술/장기투약 여부;의사가 중대한 질환으로 설명했는지 여부","영구장해 여부;객관적 기능 제한;장해 고정 시점;기왕장해 기여도","입원 필요성은 증상 정도, 검사결과, 치료 내용, 관찰 필요성으로 검토 필요","수술 여부, 수술 목적, 수술기록지상 주요 소견 확인 필요","진료기록지;처방전;진료비 세부내역서;검사결과지 또는 판독지;의사 소견서","M48.3;M48;척추협착;근골격계 / 척추 / 관절;계약전 알릴의무 / 기왕증 / 상해성 여부 / 실손보험 / 후유장해;통증;저림;염좌;퇴행성 변화","medical_knowledge;terms_standards;fss_dispute_cases;legal_statutes;precedents;issue_playbooks","이 데이터는 의료 판단 확정용이 아니라 보험 실무상 쟁점 연결용 내부 보강 데이터다. 질병코드만으로 진단, 인과관계, 장해율, 고지의무 위반을 단정하지 말고 실제 진료내용, 검사결과, 치료기간, 약관을 확인해야 한다.","medical_issue_codes","internal_medical_issue_code","internal_review_required","needs_human_review"
"MIC005","S33.4","요추 염좌 관련 보험쟁점 5","S33","근골격계 / 척추 / 관절","계약전 알릴의무 / 기왕증 / 상해성 여부 / 실손보험 / 후유장해","실손의료비;입원비;통원비;수술비;후유장해","통증;저림;삐끗함;움직임 제한;일상생활 불편","염좌;퇴행성 변화;디스크;관절 손상;골절","X-ray;MRI;CT;신경학적 검사;관절운동범위 측정","급성 외상 소견 여부;퇴행성 변화 정도;신경학적 결손;관절 불안정성;운동범위 제한","요추 염좌 관련 보험쟁점 5은(는) 계약전 알릴의무 / 기왕증 / 상해성 여부 / 실손보험 / 후유장해와 연결될 수 있는 내부 검색 보강 항목이다. 코드명만으로 결론을 내리지 않고 실제 문서상 진단 경위, 검사, 치료기간, 약관상 담보를 함께 확인해야 한다.","사고 직후 증상 발생 여부;사고 전 동일 부위 또는 동일 질환 치료력;검사상 급성 소견 여부;시간적 근접성","기존 치료력;반복 진료 이력;퇴행성 또는 만성 변화;건강검진 이상소견","최근 3개월 내 진료 여부;정밀검사 여부;입원/수술/장기투약 여부;의사가 중대한 질환으로 설명했는지 여부","영구장해 여부;객관적 기능 제한;장해 고정 시점;기왕장해 기여도","입원 필요성은 증상 정도, 검사결과, 치료 내용, 관찰 필요성으로 검토 필요","수술 여부, 수술 목적, 수술기록지상 주요 소견 확인 필요","진료기록지;처방전;진료비 세부내역서;검사결과지 또는 판독지;의사 소견서","S33.4;S33;요추 염좌;근골격계 / 척추 / 관절;계약전 알릴의무 / 기왕증 / 상해성 여부 / 실손보험 / 후유장해;통증;저림;염좌;퇴행성 변화","medical_knowledge;terms_standards;fss_dispute_cases;legal_statutes;precedents;issue_playbooks","이 데이터는 의료 판단 확정용이 아니라 보험 실무상 쟁점 연결용 내부 보강 데이터다. 질병코드만으로 진단, 인과관계, 장해율, 고지의무 위반을 단정하지 말고 실제 진료내용, 검사결과, 치료기간, 약관을 확인해야 한다.","medical_issue_codes","internal_medical_issue_code","internal_review_required","needs_human_review"
"MIC006","S13.5","경추 염좌 관련 보험쟁점 6","S13","근골격계 / 척추 / 관절","계약전 알릴의무 / 기왕증 / 상해성 여부 / 실손보험 / 후유장해","실손의료비;입원비;통원비;수술비;후유장해","통증;저림;삐끗함;움직임 제한;일상생활 불편","염좌;퇴행성 변화;디스크;관절 손상;골절","X-ray;MRI;CT;신경학적 검사;관절운동범위 측정","급성 외상 소견 여부;퇴행성 변화 정도;신경학적 결손;관절 불안정성;운동범위 제한","경추 염좌 관련 보험쟁점 6은(는) 계약전 알릴의무 / 기왕증 / 상해성 여부 / 실손보험 / 후유장해와 연결될 수 있는 내부 검색 보강 항목이다. 코드명만으로 결론을 내리지 않고 실제 문서상 진단 경위, 검사, 치료기간, 약관상 담보를 함께 확인해야 한다.","사고 직후 증상 발생 여부;사고 전 동일 부위 또는 동일 질환 치료력;검사상 급성 소견 여부;시간적 근접성","기존 치료력;반복 진료 이력;퇴행성 또는 만성 변화;건강검진 이상소견","최근 3개월 내 진료 여부;정밀검사 여부;입원/수술/장기투약 여부;의사가 중대한 질환으로 설명했는지 여부","영구장해 여부;객관적 기능 제한;장해 고정 시점;기왕장해 기여도","입원 필요성은 증상 정도, 검사결과, 치료 내용, 관찰 필요성으로 검토 필요","수술 여부, 수술 목적, 수술기록지상 주요 소견 확인 필요","진료기록지;처방전;진료비 세부내역서;검사결과지 또는 판독지;의사 소견서","S13.5;S13;경추 염좌;근골격계 / 척추 / 관절;계약전 알릴의무 / 기왕증 / 상해성 여부 / 실손보험 / 후유장해;통증;저림;염좌;퇴행성 변화","medical_knowledge;terms_standards;fss_dispute_cases;legal_statutes;precedents;issue_playbooks","이 데이터는 의료 판단 확정용이 아니라 보험 실무상 쟁점 연결용 내부 보강 데이터다. 질병코드만으로 진단, 인과관계, 장해율, 고지의무 위반을 단정하지 말고 실제 진료내용, 검사결과, 치료기간, 약관을 확인해야 한다.","medical_issue_codes","internal_medical_issue_code","internal_review_required","needs_human_review"
"MIC007","M75.6","어깨 병변 관련 보험쟁점 7","M75","근골격계 / 척추 / 관절","계약전 알릴의무 / 기왕증 / 상해성 여부 / 실손보험 / 후유장해","실손의료비;입원비;통원비;수술비;후유장해","통증;저림;삐끗함;움직임 제한;일상생활 불편","염좌;퇴행성 변화;디스크;관절 손상;골절","X-ray;MRI;CT;신경학적 검사;관절운동범위 측정","급성 외상 소견 여부;퇴행성 변화 정도;신경학적 결손;관절 불안정성;운동범위 제한","어깨 병변 관련 보험쟁점 7은(는) 계약전 알릴의무 / 기왕증 / 상해성 여부 / 실손보험 / 후유장해와 연결될 수 있는 내부 검색 보강 항목이다. 코드명만으로 결론을 내리지 않고 실제 문서상 진단 경위, 검사, 치료기간, 약관상 담보를 함께 확인해야 한다.","사고 직후 증상 발생 여부;사고 전 동일 부위 또는 동일 질환 치료력;검사상 급성 소견 여부;시간적 근접성","기존 치료력;반복 진료 이력;퇴행성 또는 만성 변화;건강검진 이상소견","최근 3개월 내 진료 여부;정밀검사 여부;입원/수술/장기투약 여부;의사가 중대한 질환으로 설명했는지 여부","영구장해 여부;객관적 기능 제한;장해 고정 시점;기왕장해 기여도","입원 필요성은 증상 정도, 검사결과, 치료 내용, 관찰 필요성으로 검토 필요","수술 여부, 수술 목적, 수술기록지상 주요 소견 확인 필요","진료기록지;처방전;진료비 세부내역서;검사결과지 또는 판독지;의사 소견서","M75.6;M75;어깨 병변;근골격계 / 척추 / 관절;계약전 알릴의무 / 기왕증 / 상해성 여부 / 실손보험 / 후유장해;통증;저림;염좌;퇴행성 변화","medical_knowledge;terms_standards;fss_dispute_cases;legal_statutes;precedents;issue_playbooks","이 데이터는 의료 판단 확정용이 아니라 보험 실무상 쟁점 연결용 내부 보강 데이터다. 질병코드만으로 진단, 인과관계, 장해율, 고지의무 위반을 단정하지 말고 실제 진료내용, 검사결과, 치료기간, 약관을 확인해야 한다.","medical_issue_codes","internal_medical_issue_code","internal_review_required","needs_human_review"
"MIC008","S46.7","어깨/상완 손상 관련 보험쟁점 8","S46","근골격계 / 척추 / 관절","계약전 알릴의무 / 기왕증 / 상해성 여부 / 실손보험 / 후유장해","실손의료비;입원비;통원비;수술비;후유장해","통증;저림;삐끗함;움직임 제한;일상생활 불편","염좌;퇴행성 변화;디스크;관절 손상;골절","X-ray;MRI;CT;신경학적 검사;관절운동범위 측정","급성 외상 소견 여부;퇴행성 변화 정도;신경학적 결손;관절 불안정성;운동범위 제한","어깨/상완 손상 관련 보험쟁점 8은(는) 계약전 알릴의무 / 기왕증 / 상해성 여부 / 실손보험 / 후유장해와 연결될 수 있는 내부 검색 보강 항목이다. 코드명만으로 결론을 내리지 않고 실제 문서상 진단 경위, 검사, 치료기간, 약관상 담보를 함께 확인해야 한다.","사고 직후 증상 발생 여부;사고 전 동일 부위 또는 동일 질환 치료력;검사상 급성 소견 여부;시간적 근접성","기존 치료력;반복 진료 이력;퇴행성 또는 만성 변화;건강검진 이상소견","최근 3개월 내 진료 여부;정밀검사 여부;입원/수술/장기투약 여부;의사가 중대한 질환으로 설명했는지 여부","영구장해 여부;객관적 기능 제한;장해 고정 시점;기왕장해 기여도","입원 필요성은 증상 정도, 검사결과, 치료 내용, 관찰 필요성으로 검토 필요","수술 여부, 수술 목적, 수술기록지상 주요 소견 확인 필요","진료기록지;처방전;진료비 세부내역서;검사결과지 또는 판독지;의사 소견서","S46.7;S46;어깨/상완 손상;근골격계 / 척추 / 관절;계약전 알릴의무 / 기왕증 / 상해성 여부 / 실손보험 / 후유장해;통증;저림;염좌;퇴행성 변화","medical_knowledge;terms_standards;fss_dispute_cases;legal_statutes;precedents;issue_playbooks","이 데이터는 의료 판단 확정용이 아니라 보험 실무상 쟁점 연결용 내부 보강 데이터다. 질병코드만으로 진단, 인과관계, 장해율, 고지의무 위반을 단정하지 말고 실제 진료내용, 검사결과, 치료기간, 약관을 확인해야 한다.","medical_issue_codes","internal_medical_issue_code","internal_review_required","needs_human_review"
"MIC009","S83.8","무릎 인대/반월상연골 손상 관련 보험쟁점 9","S83","근골격계 / 척추 / 관절","계약전 알릴의무 / 기왕증 / 상해성 여부 / 실손보험 / 후유장해","실손의료비;입원비;통원비;수술비;후유장해","통증;저림;삐끗함;움직임 제한;일상생활 불편","염좌;퇴행성 변화;디스크;관절 손상;골절","X-ray;MRI;CT;신경학적 검사;관절운동범위 측정","급성 외상 소견 여부;퇴행성 변화 정도;신경학적 결손;관절 불안정성;운동범위 제한","무릎 인대/반월상연골 손상 관련 보험쟁점 9은(는) 계약전 알릴의무 / 기왕증 / 상해성 여부 / 실손보험 / 후유장해와 연결될 수 있는 내부 검색 보강 항목이다. 코드명만으로 결론을 내리지 않고 실제 문서상 진단 경위, 검사, 치료기간, 약관상 담보를 함께 확인해야 한다.","사고 직후 증상 발생 여부;사고 전 동일 부위 또는 동일 질환 치료력;검사상 급성 소견 여부;시간적 근접성","기존 치료력;반복 진료 이력;퇴행성 또는 만성 변화;건강검진 이상소견","최근 3개월 내 진료 여부;정밀검사 여부;입원/수술/장기투약 여부;의사가 중대한 질환으로 설명했는지 여부","영구장해 여부;객관적 기능 제한;장해 고정 시점;기왕장해 기여도","입원 필요성은 증상 정도, 검사결과, 치료 내용, 관찰 필요성으로 검토 필요","수술 여부, 수술 목적, 수술기록지상 주요 소견 확인 필요","진료기록지;처방전;진료비 세부내역서;검사결과지 또는 판독지;의사 소견서","S83.8;S83;무릎 인대/반월상연골 손상;근골격계 / 척추 / 관절;계약전 알릴의무 / 기왕증 / 상해성 여부 / 실손보험 / 후유장해;통증;저림;염좌;퇴행성 변화","medical_knowledge;terms_standards;fss_dispute_cases;legal_statutes;precedents;issue_playbooks","이 데이터는 의료 판단 확정용이 아니라 보험 실무상 쟁점 연결용 내부 보강 데이터다. 질병코드만으로 진단, 인과관계, 장해율, 고지의무 위반을 단정하지 말고 실제 진료내용, 검사결과, 치료기간, 약관을 확인해야 한다.","medical_issue_codes","internal_medical_issue_code","internal_review_required","needs_human_review"
"MIC010","M17.9","무릎관절증 관련 보험쟁점 10","M17","근골격계 / 척추 / 관절","계약전 알릴의무 / 기왕증 / 상해성 여부 / 실손보험 / 후유장해","실손의료비;입원비;통원비;수술비;후유장해","통증;저림;삐끗함;움직임 제한;일상생활 불편","염좌;퇴행성 변화;디스크;관절 손상;골절","X-ray;MRI;CT;신경학적 검사;관절운동범위 측정","급성 외상 소견 여부;퇴행성 변화 정도;신경학적 결손;관절 불안정성;운동범위 제한","무릎관절증 관련 보험쟁점 10은(는) 계약전 알릴의무 / 기왕증 / 상해성 여부 / 실손보험 / 후유장해와 연결될 수 있는 내부 검색 보강 항목이다. 코드명만으로 결론을 내리지 않고 실제 문서상 진단 경위, 검사, 치료기간, 약관상 담보를 함께 확인해야 한다.","사고 직후 증상 발생 여부;사고 전 동일 부위 또는 동일 질환 치료력;검사상 급성 소견 여부;시간적 근접성","기존 치료력;반복 진료 이력;퇴행성 또는 만성 변화;건강검진 이상소견","최근 3개월 내 진료 여부;정밀검사 여부;입원/수술/장기투약 여부;의사가 중대한 질환으로 설명했는지 여부","영구장해 여부;객관적 기능 제한;장해 고정 시점;기왕장해 기여도","입원 필요성은 증상 정도, 검사결과, 치료 내용, 관찰 필요성으로 검토 필요","수술 여부, 수술 목적, 수술기록지상 주요 소견 확인 필요","진료기록지;처방전;진료비 세부내역서;검사결과지 또는 판독지;의사 소견서","M17.9;M17;무릎관절증;근골격계 / 척추 / 관절;계약전 알릴의무 / 기왕증 / 상해성 여부 / 실손보험 / 후유장해;통증;저림;염좌;퇴행성 변화","medical_knowledge;terms_standards;fss_dispute_cases;legal_statutes;precedents;issue_playbooks","이 데이터는 의료 판단 확정용이 아니라 보험 실무상 쟁점 연결용 내부 보강 데이터다. 질병코드만으로 진단, 인과관계, 장해율, 고지의무 위반을 단정하지 말고 실제 진료내용, 검사결과, 치료기간, 약관을 확인해야 한다.","medical_issue_codes","internal_medical_issue_code","internal_review_required","needs_human_review"
"MIC011","S82.0","하퇴 골절 관련 보험쟁점 11","S82","근골격계 / 척추 / 관절","계약전 알릴의무 / 기왕증 / 상해성 여부 / 실손보험 / 후유장해","실손의료비;입원비;통원비;수술비;후유장해","통증;저림;삐끗함;움직임 제한;일상생활 불편","염좌;퇴행성 변화;디스크;관절 손상;골절","X-ray;MRI;CT;신경학적 검사;관절운동범위 측정","급성 외상 소견 여부;퇴행성 변화 정도;신경학적 결손;관절 불안정성;운동범위 제한","하퇴 골절 관련 보험쟁점 11은(는) 계약전 알릴의무 / 기왕증 / 상해성 여부 / 실손보험 / 후유장해와 연결될 수 있는 내부 검색 보강 항목이다. 코드명만으로 결론을 내리지 않고 실제 문서상 진단 경위, 검사, 치료기간, 약관상 담보를 함께 확인해야 한다.","사고 직후 증상 발생 여부;사고 전 동일 부위 또는 동일 질환 치료력;검사상 급성 소견 여부;시간적 근접성","기존 치료력;반복 진료 이력;퇴행성 또는 만성 변화;건강검진 이상소견","최근 3개월 내 진료 여부;정밀검사 여부;입원/수술/장기투약 여부;의사가 중대한 질환으로 설명했는지 여부","영구장해 여부;객관적 기능 제한;장해 고정 시점;기왕장해 기여도","입원 필요성은 증상 정도, 검사결과, 치료 내용, 관찰 필요성으로 검토 필요","수술 여부, 수술 목적, 수술기록지상 주요 소견 확인 필요","진료기록지;처방전;진료비 세부내역서;검사결과지 또는 판독지;의사 소견서","S82.0;S82;하퇴 골절;근골격계 / 척추 / 관절;계약전 알릴의무 / 기왕증 / 상해성 여부 / 실손보험 / 후유장해;통증;저림;염좌;퇴행성 변화","medical_knowledge;terms_standards;fss_dispute_cases;legal_statutes;precedents;issue_playbooks","이 데이터는 의료 판단 확정용이 아니라 보험 실무상 쟁점 연결용 내부 보강 데이터다. 질병코드만으로 진단, 인과관계, 장해율, 고지의무 위반을 단정하지 말고 실제 진료내용, 검사결과, 치료기간, 약관을 확인해야 한다.","medical_issue_codes","internal_medical_issue_code","internal_review_required","needs_human_review"
"MIC012","S52.1","전완 골절 관련 보험쟁점 12","S52","근골격계 / 척추 / 관절","계약전 알릴의무 / 기왕증 / 상해성 여부 / 실손보험 / 후유장해","실손의료비;입원비;통원비;수술비;후유장해","통증;저림;삐끗함;움직임 제한;일상생활 불편","염좌;퇴행성 변화;디스크;관절 손상;골절","X-ray;MRI;CT;신경학적 검사;관절운동범위 측정","급성 외상 소견 여부;퇴행성 변화 정도;신경학적 결손;관절 불안정성;운동범위 제한","전완 골절 관련 보험쟁점 12은(는) 계약전 알릴의무 / 기왕증 / 상해성 여부 / 실손보험 / 후유장해와 연결될 수 있는 내부 검색 보강 항목이다. 코드명만으로 결론을 내리지 않고 실제 문서상 진단 경위, 검사, 치료기간, 약관상 담보를 함께 확인해야 한다.","사고 직후 증상 발생 여부;사고 전 동일 부위 또는 동일 질환 치료력;검사상 급성 소견 여부;시간적 근접성","기존 치료력;반복 진료 이력;퇴행성 또는 만성 변화;건강검진 이상소견","최근 3개월 내 진료 여부;정밀검사 여부;입원/수술/장기투약 여부;의사가 중대한 질환으로 설명했는지 여부","영구장해 여부;객관적 기능 제한;장해 고정 시점;기왕장해 기여도","입원 필요성은 증상 정도, 검사결과, 치료 내용, 관찰 필요성으로 검토 필요","수술 여부, 수술 목적, 수술기록지상 주요 소견 확인 필요","진료기록지;처방전;진료비 세부내역서;검사결과지 또는 판독지;의사 소견서","S52.1;S52;전완 골절;근골격계 / 척추 / 관절;계약전 알릴의무 / 기왕증 / 상해성 여부 / 실손보험 / 후유장해;통증;저림;염좌;퇴행성 변화","medical_knowledge;terms_standards;fss_dispute_cases;legal_statutes;precedents;issue_playbooks","이 데이터는 의료 판단 확정용이 아니라 보험 실무상 쟁점 연결용 내부 보강 데이터다. 질병코드만으로 진단, 인과관계, 장해율, 고지의무 위반을 단정하지 말고 실제 진료내용, 검사결과, 치료기간, 약관을 확인해야 한다.","medical_issue_codes","internal_medical_issue_code","internal_review_required","needs_human_review"
"MIC013","S42.2","어깨/상완 골절 관련 보험쟁점 13","S42","근골격계 / 척추 / 관절","계약전 알릴의무 / 기왕증 / 상해성 여부 / 실손보험 / 후유장해","실손의료비;입원비;통원비;수술비;후유장해","통증;저림;삐끗함;움직임 제한;일상생활 불편","염좌;퇴행성 변화;디스크;관절 손상;골절","X-ray;MRI;CT;신경학적 검사;관절운동범위 측정","급성 외상 소견 여부;퇴행성 변화 정도;신경학적 결손;관절 불안정성;운동범위 제한","어깨/상완 골절 관련 보험쟁점 13은(는) 계약전 알릴의무 / 기왕증 / 상해성 여부 / 실손보험 / 후유장해와 연결될 수 있는 내부 검색 보강 항목이다. 코드명만으로 결론을 내리지 않고 실제 문서상 진단 경위, 검사, 치료기간, 약관상 담보를 함께 확인해야 한다.","사고 직후 증상 발생 여부;사고 전 동일 부위 또는 동일 질환 치료력;검사상 급성 소견 여부;시간적 근접성","기존 치료력;반복 진료 이력;퇴행성 또는 만성 변화;건강검진 이상소견","최근 3개월 내 진료 여부;정밀검사 여부;입원/수술/장기투약 여부;의사가 중대한 질환으로 설명했는지 여부","영구장해 여부;객관적 기능 제한;장해 고정 시점;기왕장해 기여도","입원 필요성은 증상 정도, 검사결과, 치료 내용, 관찰 필요성으로 검토 필요","수술 여부, 수술 목적, 수술기록지상 주요 소견 확인 필요","진료기록지;처방전;진료비 세부내역서;검사결과지 또는 판독지;의사 소견서","S42.2;S42;어깨/상완 골절;근골격계 / 척추 / 관절;계약전 알릴의무 / 기왕증 / 상해성 여부 / 실손보험 / 후유장해;통증;저림;염좌;퇴행성 변화","medical_knowledge;terms_standards;fss_dispute_cases;legal_statutes;precedents;issue_playbooks","이 데이터는 의료 판단 확정용이 아니라 보험 실무상 쟁점 연결용 내부 보강 데이터다. 질병코드만으로 진단, 인과관계, 장해율, 고지의무 위반을 단정하지 말고 실제 진료내용, 검사결과, 치료기간, 약관을 확인해야 한다.","medical_issue_codes","internal_medical_issue_code","internal_review_required","needs_human_review"
"MIC014","S32.3","요추/골반 골절 관련 보험쟁점 14","S32","근골격계 / 척추 / 관절","계약전 알릴의무 / 기왕증 / 상해성 여부 / 실손보험 / 후유장해","실손의료비;입원비;통원비;수술비;후유장해","통증;저림;삐끗함;움직임 제한;일상생활 불편","염좌;퇴행성 변화;디스크;관절 손상;골절","X-ray;MRI;CT;신경학적 검사;관절운동범위 측정","급성 외상 소견 여부;퇴행성 변화 정도;신경학적 결손;관절 불안정성;운동범위 제한","요추/골반 골절 관련 보험쟁점 14은(는) 계약전 알릴의무 / 기왕증 / 상해성 여부 / 실손보험 / 후유장해와 연결될 수 있는 내부 검색 보강 항목이다. 코드명만으로 결론을 내리지 않고 실제 문서상 진단 경위, 검사, 치료기간, 약관상 담보를 함께 확인해야 한다.","사고 직후 증상 발생 여부;사고 전 동일 부위 또는 동일 질환 치료력;검사상 급성 소견 여부;시간적 근접성","기존 치료력;반복 진료 이력;퇴행성 또는 만성 변화;건강검진 이상소견","최근 3개월 내 진료 여부;정밀검사 여부;입원/수술/장기투약 여부;의사가 중대한 질환으로 설명했는지 여부","영구장해 여부;객관적 기능 제한;장해 고정 시점;기왕장해 기여도","입원 필요성은 증상 정도, 검사결과, 치료 내용, 관찰 필요성으로 검토 필요","수술 여부, 수술 목적, 수술기록지상 주요 소견 확인 필요","진료기록지;처방전;진료비 세부내역서;검사결과지 또는 판독지;의사 소견서","S32.3;S32;요추/골반 골절;근골격계 / 척추 / 관절;계약전 알릴의무 / 기왕증 / 상해성 여부 / 실손보험 / 후유장해;통증;저림;염좌;퇴행성 변화","medical_knowledge;terms_standards;fss_dispute_cases;legal_statutes;precedents;issue_playbooks","이 데이터는 의료 판단 확정용이 아니라 보험 실무상 쟁점 연결용 내부 보강 데이터다. 질병코드만으로 진단, 인과관계, 장해율, 고지의무 위반을 단정하지 말고 실제 진료내용, 검사결과, 치료기간, 약관을 확인해야 한다.","medical_issue_codes","internal_medical_issue_code","internal_review_required","needs_human_review"
"MIC015","M16.4","고관절증 관련 보험쟁점 15","M16","근골격계 / 척추 / 관절","계약전 알릴의무 / 기왕증 / 상해성 여부 / 실손보험 / 후유장해","실손의료비;입원비;통원비;수술비;후유장해","통증;저림;삐끗함;움직임 제한;일상생활 불편","염좌;퇴행성 변화;디스크;관절 손상;골절","X-ray;MRI;CT;신경학적 검사;관절운동범위 측정","급성 외상 소견 여부;퇴행성 변화 정도;신경학적 결손;관절 불안정성;운동범위 제한","고관절증 관련 보험쟁점 15은(는) 계약전 알릴의무 / 기왕증 / 상해성 여부 / 실손보험 / 후유장해와 연결될 수 있는 내부 검색 보강 항목이다. 코드명만으로 결론을 내리지 않고 실제 문서상 진단 경위, 검사, 치료기간, 약관상 담보를 함께 확인해야 한다.","사고 직후 증상 발생 여부;사고 전 동일 부위 또는 동일 질환 치료력;검사상 급성 소견 여부;시간적 근접성","기존 치료력;반복 진료 이력;퇴행성 또는 만성 변화;건강검진 이상소견","최근 3개월 내 진료 여부;정밀검사 여부;입원/수술/장기투약 여부;의사가 중대한 질환으로 설명했는지 여부","영구장해 여부;객관적 기능 제한;장해 고정 시점;기왕장해 기여도","입원 필요성은 증상 정도, 검사결과, 치료 내용, 관찰 필요성으로 검토 필요","수술 여부, 수술 목적, 수술기록지상 주요 소견 확인 필요","진료기록지;처방전;진료비 세부내역서;검사결과지 또는 판독지;의사 소견서","M16.4;M16;고관절증;근골격계 / 척추 / 관절;계약전 알릴의무 / 기왕증 / 상해성 여부 / 실손보험 / 후유장해;통증;저림;염좌;퇴행성 변화","medical_knowledge;terms_standards;fss_dispute_cases;legal_statutes;precedents;issue_playbooks","이 데이터는 의료 판단 확정용이 아니라 보험 실무상 쟁점 연결용 내부 보강 데이터다. 질병코드만으로 진단, 인과관계, 장해율, 고지의무 위반을 단정하지 말고 실제 진료내용, 검사결과, 치료기간, 약관을 확인해야 한다.","medical_issue_codes","internal_medical_issue_code","internal_review_required","needs_human_review"
"MIC016","M19.5","기타 관절증 관련 보험쟁점 16","M19","근골격계 / 척추 / 관절","계약전 알릴의무 / 기왕증 / 상해성 여부 / 실손보험 / 후유장해","실손의료비;입원비;통원비;수술비;후유장해","통증;저림;삐끗함;움직임 제한;일상생활 불편","염좌;퇴행성 변화;디스크;관절 손상;골절","X-ray;MRI;CT;신경학적 검사;관절운동범위 측정","급성 외상 소견 여부;퇴행성 변화 정도;신경학적 결손;관절 불안정성;운동범위 제한","기타 관절증 관련 보험쟁점 16은(는) 계약전 알릴의무 / 기왕증 / 상해성 여부 / 실손보험 / 후유장해와 연결될 수 있는 내부 검색 보강 항목이다. 코드명만으로 결론을 내리지 않고 실제 문서상 진단 경위, 검사, 치료기간, 약관상 담보를 함께 확인해야 한다.","사고 직후 증상 발생 여부;사고 전 동일 부위 또는 동일 질환 치료력;검사상 급성 소견 여부;시간적 근접성","기존 치료력;반복 진료 이력;퇴행성 또는 만성 변화;건강검진 이상소견","최근 3개월 내 진료 여부;정밀검사 여부;입원/수술/장기투약 여부;의사가 중대한 질환으로 설명했는지 여부","영구장해 여부;객관적 기능 제한;장해 고정 시점;기왕장해 기여도","입원 필요성은 증상 정도, 검사결과, 치료 내용, 관찰 필요성으로 검토 필요","수술 여부, 수술 목적, 수술기록지상 주요 소견 확인 필요","진료기록지;처방전;진료비 세부내역서;검사결과지 또는 판독지;의사 소견서","M19.5;M19;기타 관절증;근골격계 / 척추 / 관절;계약전 알릴의무 / 기왕증 / 상해성 여부 / 실손보험 / 후유장해;통증;저림;염좌;퇴행성 변화","medical_knowledge;terms_standards;fss_dispute_cases;legal_statutes;precedents;issue_playbooks","이 데이터는 의료 판단 확정용이 아니라 보험 실무상 쟁점 연결용 내부 보강 데이터다. 질병코드만으로 진단, 인과관계, 장해율, 고지의무 위반을 단정하지 말고 실제 진료내용, 검사결과, 치료기간, 약관을 확인해야 한다.","medical_issue_codes","internal_medical_issue_code","internal_review_required","needs_human_review"
"MIC017","M50.6","경추간판장애 관련 보험쟁점 17","M50","근골격계 / 척추 / 관절","계약전 알릴의무 / 기왕증 / 상해성 여부 / 실손보험 / 후유장해","실손의료비;입원비;통원비;수술비;후유장해","통증;저림;삐끗함;움직임 제한;일상생활 불편","염좌;퇴행성 변화;디스크;관절 손상;골절","X-ray;MRI;CT;신경학적 검사;관절운동범위 측정","급성 외상 소견 여부;퇴행성 변화 정도;신경학적 결손;관절 불안정성;운동범위 제한","경추간판장애 관련 보험쟁점 17은(는) 계약전 알릴의무 / 기왕증 / 상해성 여부 / 실손보험 / 후유장해와 연결될 수 있는 내부 검색 보강 항목이다. 코드명만으로 결론을 내리지 않고 실제 문서상 진단 경위, 검사, 치료기간, 약관상 담보를 함께 확인해야 한다.","사고 직후 증상 발생 여부;사고 전 동일 부위 또는 동일 질환 치료력;검사상 급성 소견 여부;시간적 근접성","기존 치료력;반복 진료 이력;퇴행성 또는 만성 변화;건강검진 이상소견","최근 3개월 내 진료 여부;정밀검사 여부;입원/수술/장기투약 여부;의사가 중대한 질환으로 설명했는지 여부","영구장해 여부;객관적 기능 제한;장해 고정 시점;기왕장해 기여도","입원 필요성은 증상 정도, 검사결과, 치료 내용, 관찰 필요성으로 검토 필요","수술 여부, 수술 목적, 수술기록지상 주요 소견 확인 필요","진료기록지;처방전;진료비 세부내역서;검사결과지 또는 판독지;의사 소견서","M50.6;M50;경추간판장애;근골격계 / 척추 / 관절;계약전 알릴의무 / 기왕증 / 상해성 여부 / 실손보험 / 후유장해;통증;저림;염좌;퇴행성 변화","medical_knowledge;terms_standards;fss_dispute_cases;legal_statutes;precedents;issue_playbooks","이 데이터는 의료 판단 확정용이 아니라 보험 실무상 쟁점 연결용 내부 보강 데이터다. 질병코드만으로 진단, 인과관계, 장해율, 고지의무 위반을 단정하지 말고 실제 진료내용, 검사결과, 치료기간, 약관을 확인해야 한다.","medical_issue_codes","internal_medical_issue_code","internal_review_required","needs_human_review"
"MIC018","M65.7","윤활막염/힘줄윤활막염 관련 보험쟁점 18","M65","근골격계 / 척추 / 관절","계약전 알릴의무 / 기왕증 / 상해성 여부 / 실손보험 / 후유장해","실손의료비;입원비;통원비;수술비;후유장해","통증;저림;삐끗함;움직임 제한;일상생활 불편","염좌;퇴행성 변화;디스크;관절 손상;골절","X-ray;MRI;CT;신경학적 검사;관절운동범위 측정","급성 외상 소견 여부;퇴행성 변화 정도;신경학적 결손;관절 불안정성;운동범위 제한","윤활막염/힘줄윤활막염 관련 보험쟁점 18은(는) 계약전 알릴의무 / 기왕증 / 상해성 여부 / 실손보험 / 후유장해와 연결될 수 있는 내부 검색 보강 항목이다. 코드명만으로 결론을 내리지 않고 실제 문서상 진단 경위, 검사, 치료기간, 약관상 담보를 함께 확인해야 한다.","사고 직후 증상 발생 여부;사고 전 동일 부위 또는 동일 질환 치료력;검사상 급성 소견 여부;시간적 근접성","기존 치료력;반복 진료 이력;퇴행성 또는 만성 변화;건강검진 이상소견","최근 3개월 내 진료 여부;정밀검사 여부;입원/수술/장기투약 여부;의사가 중대한 질환으로 설명했는지 여부","영구장해 여부;객관적 기능 제한;장해 고정 시점;기왕장해 기여도","입원 필요성은 증상 정도, 검사결과, 치료 내용, 관찰 필요성으로 검토 필요","수술 여부, 수술 목적, 수술기록지상 주요 소견 확인 필요","진료기록지;처방전;진료비 세부내역서;검사결과지 또는 판독지;의사 소견서","M65.7;M65;윤활막염/힘줄윤활막염;근골격계 / 척추 / 관절;계약전 알릴의무 / 기왕증 / 상해성 여부 / 실손보험 / 후유장해;통증;저림;염좌;퇴행성 변화","medical_knowledge;terms_standards;fss_dispute_cases;legal_statutes;precedents;issue_playbooks","이 데이터는 의료 판단 확정용이 아니라 보험 실무상 쟁점 연결용 내부 보강 데이터다. 질병코드만으로 진단, 인과관계, 장해율, 고지의무 위반을 단정하지 말고 실제 진료내용, 검사결과, 치료기간, 약관을 확인해야 한다.","medical_issue_codes","internal_medical_issue_code","internal_review_required","needs_human_review"
"MIC019","M47.8","척추증 관련 보험쟁점 19","M47","근골격계 / 척추 / 관절","계약전 알릴의무 / 기왕증 / 상해성 여부 / 실손보험 / 후유장해","실손의료비;입원비;통원비;수술비;후유장해","통증;저림;삐끗함;움직임 제한;일상생활 불편","염좌;퇴행성 변화;디스크;관절 손상;골절","X-ray;MRI;CT;신경학적 검사;관절운동범위 측정","급성 외상 소견 여부;퇴행성 변화 정도;신경학적 결손;관절 불안정성;운동범위 제한","척추증 관련 보험쟁점 19은(는) 계약전 알릴의무 / 기왕증 / 상해성 여부 / 실손보험 / 후유장해와 연결될 수 있는 내부 검색 보강 항목이다. 코드명만으로 결론을 내리지 않고 실제 문서상 진단 경위, 검사, 치료기간, 약관상 담보를 함께 확인해야 한다.","사고 직후 증상 발생 여부;사고 전 동일 부위 또는 동일 질환 치료력;검사상 급성 소견 여부;시간적 근접성","기존 치료력;반복 진료 이력;퇴행성 또는 만성 변화;건강검진 이상소견","최근 3개월 내 진료 여부;정밀검사 여부;입원/수술/장기투약 여부;의사가 중대한 질환으로 설명했는지 여부","영구장해 여부;객관적 기능 제한;장해 고정 시점;기왕장해 기여도","입원 필요성은 증상 정도, 검사결과, 치료 내용, 관찰 필요성으로 검토 필요","수술 여부, 수술 목적, 수술기록지상 주요 소견 확인 필요","진료기록지;처방전;진료비 세부내역서;검사결과지 또는 판독지;의사 소견서","M47.8;M47;척추증;근골격계 / 척추 / 관절;계약전 알릴의무 / 기왕증 / 상해성 여부 / 실손보험 / 후유장해;통증;저림;염좌;퇴행성 변화","medical_knowledge;terms_standards;fss_dispute_cases;legal_statutes;precedents;issue_playbooks","이 데이터는 의료 판단 확정용이 아니라 보험 실무상 쟁점 연결용 내부 보강 데이터다. 질병코드만으로 진단, 인과관계, 장해율, 고지의무 위반을 단정하지 말고 실제 진료내용, 검사결과, 치료기간, 약관을 확인해야 한다.","medical_issue_codes","internal_medical_issue_code","internal_review_required","needs_human_review"
"MIC020","M51.9","추간판장애 관련 보험쟁점 20","M51","근골격계 / 척추 / 관절","계약전 알릴의무 / 기왕증 / 상해성 여부 / 실손보험 / 후유장해","실손의료비;입원비;통원비;수술비;후유장해","통증;저림;삐끗함;움직임 제한;일상생활 불편","염좌;퇴행성 변화;디스크;관절 손상;골절","X-ray;MRI;CT;신경학적 검사;관절운동범위 측정","급성 외상 소견 여부;퇴행성 변화 정도;신경학적 결손;관절 불안정성;운동범위 제한","추간판장애 관련 보험쟁점 20은(는) 계약전 알릴의무 / 기왕증 / 상해성 여부 / 실손보험 / 후유장해와 연결될 수 있는 내부 검색 보강 항목이다. 코드명만으로 결론을 내리지 않고 실제 문서상 진단 경위, 검사, 치료기간, 약관상 담보를 함께 확인해야 한다.","사고 직후 증상 발생 여부;사고 전 동일 부위 또는 동일 질환 치료력;검사상 급성 소견 여부;시간적 근접성","기존 치료력;반복 진료 이력;퇴행성 또는 만성 변화;건강검진 이상소견","최근 3개월 내 진료 여부;정밀검사 여부;입원/수술/장기투약 여부;의사가 중대한 질환으로 설명했는지 여부","영구장해 여부;객관적 기능 제한;장해 고정 시점;기왕장해 기여도","입원 필요성은 증상 정도, 검사결과, 치료 내용, 관찰 필요성으로 검토 필요","수술 여부, 수술 목적, 수술기록지상 주요 소견 확인 필요","진료기록지;처방전;진료비 세부내역서;검사결과지 또는 판독지;의사 소견서","M51.9;M51;추간판장애;근골격계 / 척추 / 관절;계약전 알릴의무 / 기왕증 / 상해성 여부 / 실손보험 / 후유장해;통증;저림;염좌;퇴행성 변화","medical_knowledge;terms_standards;fss_dispute_cases;legal_statutes;precedents;issue_playbooks","이 데이터는 의료 판단 확정용이 아니라 보험 실무상 쟁점 연결용 내부 보강 데이터다. 질병코드만으로 진단, 인과관계, 장해율, 고지의무 위반을 단정하지 말고 실제 진료내용, 검사결과, 치료기간, 약관을 확인해야 한다.","medical_issue_codes","internal_medical_issue_code","internal_review_required","needs_human_review"
"MIC021","M54.0","요통 관련 보험쟁점 21","M54","근골격계 / 척추 / 관절","계약전 알릴의무 / 기왕증 / 상해성 여부 / 실손보험 / 후유장해","실손의료비;입원비;통원비;수술비;후유장해","통증;저림;삐끗함;움직임 제한;일상생활 불편","염좌;퇴행성 변화;디스크;관절 손상;골절","X-ray;MRI;CT;신경학적 검사;관절운동범위 측정","급성 외상 소견 여부;퇴행성 변화 정도;신경학적 결손;관절 불안정성;운동범위 제한","요통 관련 보험쟁점 21은(는) 계약전 알릴의무 / 기왕증 / 상해성 여부 / 실손보험 / 후유장해와 연결될 수 있는 내부 검색 보강 항목이다. 코드명만으로 결론을 내리지 않고 실제 문서상 진단 경위, 검사, 치료기간, 약관상 담보를 함께 확인해야 한다.","사고 직후 증상 발생 여부;사고 전 동일 부위 또는 동일 질환 치료력;검사상 급성 소견 여부;시간적 근접성","기존 치료력;반복 진료 이력;퇴행성 또는 만성 변화;건강검진 이상소견","최근 3개월 내 진료 여부;정밀검사 여부;입원/수술/장기투약 여부;의사가 중대한 질환으로 설명했는지 여부","영구장해 여부;객관적 기능 제한;장해 고정 시점;기왕장해 기여도","입원 필요성은 증상 정도, 검사결과, 치료 내용, 관찰 필요성으로 검토 필요","수술 여부, 수술 목적, 수술기록지상 주요 소견 확인 필요","진료기록지;처방전;진료비 세부내역서;검사결과지 또는 판독지;의사 소견서","M54.0;M54;요통;근골격계 / 척추 / 관절;계약전 알릴의무 / 기왕증 / 상해성 여부 / 실손보험 / 후유장해;통증;저림;염좌;퇴행성 변화","medical_knowledge;terms_standards;fss_dispute_cases;legal_statutes;precedents;issue_playbooks","이 데이터는 의료 판단 확정용이 아니라 보험 실무상 쟁점 연결용 내부 보강 데이터다. 질병코드만으로 진단, 인과관계, 장해율, 고지의무 위반을 단정하지 말고 실제 진료내용, 검사결과, 치료기간, 약관을 확인해야 한다.","medical_issue_codes","internal_medical_issue_code","internal_review_required","needs_human_review"
"MIC022","M48.1","척추협착 관련 보험쟁점 22","M48","근골격계 / 척추 / 관절","계약전 알릴의무 / 기왕증 / 상해성 여부 / 실손보험 / 후유장해","실손의료비;입원비;통원비;수술비;후유장해","통증;저림;삐끗함;움직임 제한;일상생활 불편","염좌;퇴행성 변화;디스크;관절 손상;골절","X-ray;MRI;CT;신경학적 검사;관절운동범위 측정","급성 외상 소견 여부;퇴행성 변화 정도;신경학적 결손;관절 불안정성;운동범위 제한","척추협착 관련 보험쟁점 22은(는) 계약전 알릴의무 / 기왕증 / 상해성 여부 / 실손보험 / 후유장해와 연결될 수 있는 내부 검색 보강 항목이다. 코드명만으로 결론을 내리지 않고 실제 문서상 진단 경위, 검사, 치료기간, 약관상 담보를 함께 확인해야 한다.","사고 직후 증상 발생 여부;사고 전 동일 부위 또는 동일 질환 치료력;검사상 급성 소견 여부;시간적 근접성","기존 치료력;반복 진료 이력;퇴행성 또는 만성 변화;건강검진 이상소견","최근 3개월 내 진료 여부;정밀검사 여부;입원/수술/장기투약 여부;의사가 중대한 질환으로 설명했는지 여부","영구장해 여부;객관적 기능 제한;장해 고정 시점;기왕장해 기여도","입원 필요성은 증상 정도, 검사결과, 치료 내용, 관찰 필요성으로 검토 필요","수술 여부, 수술 목적, 수술기록지상 주요 소견 확인 필요","진료기록지;처방전;진료비 세부내역서;검사결과지 또는 판독지;의사 소견서","M48.1;M48;척추협착;근골격계 / 척추 / 관절;계약전 알릴의무 / 기왕증 / 상해성 여부 / 실손보험 / 후유장해;통증;저림;염좌;퇴행성 변화","medical_knowledge;terms_standards;fss_dispute_cases;legal_statutes;precedents;issue_playbooks","이 데이터는 의료 판단 확정용이 아니라 보험 실무상 쟁점 연결용 내부 보강 데이터다. 질병코드만으로 진단, 인과관계, 장해율, 고지의무 위반을 단정하지 말고 실제 진료내용, 검사결과, 치료기간, 약관을 확인해야 한다.","medical_issue_codes","internal_medical_issue_code","internal_review_required","needs_human_review"
"MIC023","S33.2","요추 염좌 관련 보험쟁점 23","S33","근골격계 / 척추 / 관절","계약전 알릴의무 / 기왕증 / 상해성 여부 / 실손보험 / 후유장해","실손의료비;입원비;통원비;수술비;후유장해","통증;저림;삐끗함;움직임 제한;일상생활 불편","염좌;퇴행성 변화;디스크;관절 손상;골절","X-ray;MRI;CT;신경학적 검사;관절운동범위 측정","급성 외상 소견 여부;퇴행성 변화 정도;신경학적 결손;관절 불안정성;운동범위 제한","요추 염좌 관련 보험쟁점 23은(는) 계약전 알릴의무 / 기왕증 / 상해성 여부 / 실손보험 / 후유장해와 연결될 수 있는 내부 검색 보강 항목이다. 코드명만으로 결론을 내리지 않고 실제 문서상 진단 경위, 검사, 치료기간, 약관상 담보를 함께 확인해야 한다.","사고 직후 증상 발생 여부;사고 전 동일 부위 또는 동일 질환 치료력;검사상 급성 소견 여부;시간적 근접성","기존 치료력;반복 진료 이력;퇴행성 또는 만성 변화;건강검진 이상소견","최근 3개월 내 진료 여부;정밀검사 여부;입원/수술/장기투약 여부;의사가 중대한 질환으로 설명했는지 여부","영구장해 여부;객관적 기능 제한;장해 고정 시점;기왕장해 기여도","입원 필요성은 증상 정도, 검사결과, 치료 내용, 관찰 필요성으로 검토 필요","수술 여부, 수술 목적, 수술기록지상 주요 소견 확인 필요","진료기록지;처방전;진료비 세부내역서;검사결과지 또는 판독지;의사 소견서","S33.2;S33;요추 염좌;근골격계 / 척추 / 관절;계약전 알릴의무 / 기왕증 / 상해성 여부 / 실손보험 / 후유장해;통증;저림;염좌;퇴행성 변화","medical_knowledge;terms_standards;fss_dispute_cases;legal_statutes;precedents;issue_playbooks","이 데이터는 의료 판단 확정용이 아니라 보험 실무상 쟁점 연결용 내부 보강 데이터다. 질병코드만으로 진단, 인과관계, 장해율, 고지의무 위반을 단정하지 말고 실제 진료내용, 검사결과, 치료기간, 약관을 확인해야 한다.","medical_issue_codes","internal_medical_issue_code","internal_review_required","needs_human_review"
"MIC024","S13.3","경추 염좌 관련 보험쟁점 24","S13","근골격계 / 척추 / 관절","계약전 알릴의무 / 기왕증 / 상해성 여부 / 실손보험 / 후유장해","실손의료비;입원비;통원비;수술비;후유장해","통증;저림;삐끗함;움직임 제한;일상생활 불편","염좌;퇴행성 변화;디스크;관절 손상;골절","X-ray;MRI;CT;신경학적 검사;관절운동범위 측정","급성 외상 소견 여부;퇴행성 변화 정도;신경학적 결손;관절 불안정성;운동범위 제한","경추 염좌 관련 보험쟁점 24은(는) 계약전 알릴의무 / 기왕증 / 상해성 여부 / 실손보험 / 후유장해와 연결될 수 있는 내부 검색 보강 항목이다. 코드명만으로 결론을 내리지 않고 실제 문서상 진단 경위, 검사, 치료기간, 약관상 담보를 함께 확인해야 한다.","사고 직후 증상 발생 여부;사고 전 동일 부위 또는 동일 질환 치료력;검사상 급성 소견 여부;시간적 근접성","기존 치료력;반복 진료 이력;퇴행성 또는 만성 변화;건강검진 이상소견","최근 3개월 내 진료 여부;정밀검사 여부;입원/수술/장기투약 여부;의사가 중대한 질환으로 설명했는지 여부","영구장해 여부;객관적 기능 제한;장해 고정 시점;기왕장해 기여도","입원 필요성은 증상 정도, 검사결과, 치료 내용, 관찰 필요성으로 검토 필요","수술 여부, 수술 목적, 수술기록지상 주요 소견 확인 필요","진료기록지;처방전;진료비 세부내역서;검사결과지 또는 판독지;의사 소견서","S13.3;S13;경추 염좌;근골격계 / 척추 / 관절;계약전 알릴의무 / 기왕증 / 상해성 여부 / 실손보험 / 후유장해;통증;저림;염좌;퇴행성 변화","medical_knowledge;terms_standards;fss_dispute_cases;legal_statutes;precedents;issue_playbooks","이 데이터는 의료 판단 확정용이 아니라 보험 실무상 쟁점 연결용 내부 보강 데이터다. 질병코드만으로 진단, 인과관계, 장해율, 고지의무 위반을 단정하지 말고 실제 진료내용, 검사결과, 치료기간, 약관을 확인해야 한다.","medical_issue_codes","internal_medical_issue_code","internal_review_required","needs_human_review"
"MIC025","M75.4","어깨 병변 관련 보험쟁점 25","M75","근골격계 / 척추 / 관절","계약전 알릴의무 / 기왕증 / 상해성 여부 / 실손보험 / 후유장해","실손의료비;입원비;통원비;수술비;후유장해","통증;저림;삐끗함;움직임 제한;일상생활 불편","염좌;퇴행성 변화;디스크;관절 손상;골절","X-ray;MRI;CT;신경학적 검사;관절운동범위 측정","급성 외상 소견 여부;퇴행성 변화 정도;신경학적 결손;관절 불안정성;운동범위 제한","어깨 병변 관련 보험쟁점 25은(는) 계약전 알릴의무 / 기왕증 / 상해성 여부 / 실손보험 / 후유장해와 연결될 수 있는 내부 검색 보강 항목이다. 코드명만으로 결론을 내리지 않고 실제 문서상 진단 경위, 검사, 치료기간, 약관상 담보를 함께 확인해야 한다.","사고 직후 증상 발생 여부;사고 전 동일 부위 또는 동일 질환 치료력;검사상 급성 소견 여부;시간적 근접성","기존 치료력;반복 진료 이력;퇴행성 또는 만성 변화;건강검진 이상소견","최근 3개월 내 진료 여부;정밀검사 여부;입원/수술/장기투약 여부;의사가 중대한 질환으로 설명했는지 여부","영구장해 여부;객관적 기능 제한;장해 고정 시점;기왕장해 기여도","입원 필요성은 증상 정도, 검사결과, 치료 내용, 관찰 필요성으로 검토 필요","수술 여부, 수술 목적, 수술기록지상 주요 소견 확인 필요","진료기록지;처방전;진료비 세부내역서;검사결과지 또는 판독지;의사 소견서","M75.4;M75;어깨 병변;근골격계 / 척추 / 관절;계약전 알릴의무 / 기왕증 / 상해성 여부 / 실손보험 / 후유장해;통증;저림;염좌;퇴행성 변화","medical_knowledge;terms_standards;fss_dispute_cases;legal_statutes;precedents;issue_playbooks","이 데이터는 의료 판단 확정용이 아니라 보험 실무상 쟁점 연결용 내부 보강 데이터다. 질병코드만으로 진단, 인과관계, 장해율, 고지의무 위반을 단정하지 말고 실제 진료내용, 검사결과, 치료기간, 약관을 확인해야 한다.","medical_issue_codes","internal_medical_issue_code","internal_review_required","needs_human_review"
"MIC026","S46.5","어깨/상완 손상 관련 보험쟁점 26","S46","근골격계 / 척추 / 관절","계약전 알릴의무 / 기왕증 / 상해성 여부 / 실손보험 / 후유장해","실손의료비;입원비;통원비;수술비;후유장해","통증;저림;삐끗함;움직임 제한;일상생활 불편","염좌;퇴행성 변화;디스크;관절 손상;골절","X-ray;MRI;CT;신경학적 검사;관절운동범위 측정","급성 외상 소견 여부;퇴행성 변화 정도;신경학적 결손;관절 불안정성;운동범위 제한","어깨/상완 손상 관련 보험쟁점 26은(는) 계약전 알릴의무 / 기왕증 / 상해성 여부 / 실손보험 / 후유장해와 연결될 수 있는 내부 검색 보강 항목이다. 코드명만으로 결론을 내리지 않고 실제 문서상 진단 경위, 검사, 치료기간, 약관상 담보를 함께 확인해야 한다.","사고 직후 증상 발생 여부;사고 전 동일 부위 또는 동일 질환 치료력;검사상 급성 소견 여부;시간적 근접성","기존 치료력;반복 진료 이력;퇴행성 또는 만성 변화;건강검진 이상소견","최근 3개월 내 진료 여부;정밀검사 여부;입원/수술/장기투약 여부;의사가 중대한 질환으로 설명했는지 여부","영구장해 여부;객관적 기능 제한;장해 고정 시점;기왕장해 기여도","입원 필요성은 증상 정도, 검사결과, 치료 내용, 관찰 필요성으로 검토 필요","수술 여부, 수술 목적, 수술기록지상 주요 소견 확인 필요","진료기록지;처방전;진료비 세부내역서;검사결과지 또는 판독지;의사 소견서","S46.5;S46;어깨/상완 손상;근골격계 / 척추 / 관절;계약전 알릴의무 / 기왕증 / 상해성 여부 / 실손보험 / 후유장해;통증;저림;염좌;퇴행성 변화","medical_knowledge;terms_standards;fss_dispute_cases;legal_statutes;precedents;issue_playbooks","이 데이터는 의료 판단 확정용이 아니라 보험 실무상 쟁점 연결용 내부 보강 데이터다. 질병코드만으로 진단, 인과관계, 장해율, 고지의무 위반을 단정하지 말고 실제 진료내용, 검사결과, 치료기간, 약관을 확인해야 한다.","medical_issue_codes","internal_medical_issue_code","internal_review_required","needs_human_review"
"MIC027","S83.6","무릎 인대/반월상연골 손상 관련 보험쟁점 27","S83","근골격계 / 척추 / 관절","계약전 알릴의무 / 기왕증 / 상해성 여부 / 실손보험 / 후유장해","실손의료비;입원비;통원비;수술비;후유장해","통증;저림;삐끗함;움직임 제한;일상생활 불편","염좌;퇴행성 변화;디스크;관절 손상;골절","X-ray;MRI;CT;신경학적 검사;관절운동범위 측정","급성 외상 소견 여부;퇴행성 변화 정도;신경학적 결손;관절 불안정성;운동범위 제한","무릎 인대/반월상연골 손상 관련 보험쟁점 27은(는) 계약전 알릴의무 / 기왕증 / 상해성 여부 / 실손보험 / 후유장해와 연결될 수 있는 내부 검색 보강 항목이다. 코드명만으로 결론을 내리지 않고 실제 문서상 진단 경위, 검사, 치료기간, 약관상 담보를 함께 확인해야 한다.","사고 직후 증상 발생 여부;사고 전 동일 부위 또는 동일 질환 치료력;검사상 급성 소견 여부;시간적 근접성","기존 치료력;반복 진료 이력;퇴행성 또는 만성 변화;건강검진 이상소견","최근 3개월 내 진료 여부;정밀검사 여부;입원/수술/장기투약 여부;의사가 중대한 질환으로 설명했는지 여부","영구장해 여부;객관적 기능 제한;장해 고정 시점;기왕장해 기여도","입원 필요성은 증상 정도, 검사결과, 치료 내용, 관찰 필요성으로 검토 필요","수술 여부, 수술 목적, 수술기록지상 주요 소견 확인 필요","진료기록지;처방전;진료비 세부내역서;검사결과지 또는 판독지;의사 소견서","S83.6;S83;무릎 인대/반월상연골 손상;근골격계 / 척추 / 관절;계약전 알릴의무 / 기왕증 / 상해성 여부 / 실손보험 / 후유장해;통증;저림;염좌;퇴행성 변화","medical_knowledge;terms_standards;fss_dispute_cases;legal_statutes;precedents;issue_playbooks","이 데이터는 의료 판단 확정용이 아니라 보험 실무상 쟁점 연결용 내부 보강 데이터다. 질병코드만으로 진단, 인과관계, 장해율, 고지의무 위반을 단정하지 말고 실제 진료내용, 검사결과, 치료기간, 약관을 확인해야 한다.","medical_issue_codes","internal_medical_issue_code","internal_review_required","needs_human_review"
"MIC028","M17.7","무릎관절증 관련 보험쟁점 28","M17","근골격계 / 척추 / 관절","계약전 알릴의무 / 기왕증 / 상해성 여부 / 실손보험 / 후유장해","실손의료비;입원비;통원비;수술비;후유장해","통증;저림;삐끗함;움직임 제한;일상생활 불편","염좌;퇴행성 변화;디스크;관절 손상;골절","X-ray;MRI;CT;신경학적 검사;관절운동범위 측정","급성 외상 소견 여부;퇴행성 변화 정도;신경학적 결손;관절 불안정성;운동범위 제한","무릎관절증 관련 보험쟁점 28은(는) 계약전 알릴의무 / 기왕증 / 상해성 여부 / 실손보험 / 후유장해와 연결될 수 있는 내부 검색 보강 항목이다. 코드명만으로 결론을 내리지 않고 실제 문서상 진단 경위, 검사, 치료기간, 약관상 담보를 함께 확인해야 한다.","사고 직후 증상 발생 여부;사고 전 동일 부위 또는 동일 질환 치료력;검사상 급성 소견 여부;시간적 근접성","기존 치료력;반복 진료 이력;퇴행성 또는 만성 변화;건강검진 이상소견","최근 3개월 내 진료 여부;정밀검사 여부;입원/수술/장기투약 여부;의사가 중대한 질환으로 설명했는지 여부","영구장해 여부;객관적 기능 제한;장해 고정 시점;기왕장해 기여도","입원 필요성은 증상 정도, 검사결과, 치료 내용, 관찰 필요성으로 검토 필요","수술 여부, 수술 목적, 수술기록지상 주요 소견 확인 필요","진료기록지;처방전;진료비 세부내역서;검사결과지 또는 판독지;의사 소견서","M17.7;M17;무릎관절증;근골격계 / 척추 / 관절;계약전 알릴의무 / 기왕증 / 상해성 여부 / 실손보험 / 후유장해;통증;저림;염좌;퇴행성 변화","medical_knowledge;terms_standards;fss_dispute_cases;legal_statutes;precedents;issue_playbooks","이 데이터는 의료 판단 확정용이 아니라 보험 실무상 쟁점 연결용 내부 보강 데이터다. 질병코드만으로 진단, 인과관계, 장해율, 고지의무 위반을 단정하지 말고 실제 진료내용, 검사결과, 치료기간, 약관을 확인해야 한다.","medical_issue_codes","internal_medical_issue_code","internal_review_required","needs_human_review"
"MIC029","S82.8","하퇴 골절 관련 보험쟁점 29","S82","근골격계 / 척추 / 관절","계약전 알릴의무 / 기왕증 / 상해성 여부 / 실손보험 / 후유장해","실손의료비;입원비;통원비;수술비;후유장해","통증;저림;삐끗함;움직임 제한;일상생활 불편","염좌;퇴행성 변화;디스크;관절 손상;골절","X-ray;MRI;CT;신경학적 검사;관절운동범위 측정","급성 외상 소견 여부;퇴행성 변화 정도;신경학적 결손;관절 불안정성;운동범위 제한","하퇴 골절 관련 보험쟁점 29은(는) 계약전 알릴의무 / 기왕증 / 상해성 여부 / 실손보험 / 후유장해와 연결될 수 있는 내부 검색 보강 항목이다. 코드명만으로 결론을 내리지 않고 실제 문서상 진단 경위, 검사, 치료기간, 약관상 담보를 함께 확인해야 한다.","사고 직후 증상 발생 여부;사고 전 동일 부위 또는 동일 질환 치료력;검사상 급성 소견 여부;시간적 근접성","기존 치료력;반복 진료 이력;퇴행성 또는 만성 변화;건강검진 이상소견","최근 3개월 내 진료 여부;정밀검사 여부;입원/수술/장기투약 여부;의사가 중대한 질환으로 설명했는지 여부","영구장해 여부;객관적 기능 제한;장해 고정 시점;기왕장해 기여도","입원 필요성은 증상 정도, 검사결과, 치료 내용, 관찰 필요성으로 검토 필요","수술 여부, 수술 목적, 수술기록지상 주요 소견 확인 필요","진료기록지;처방전;진료비 세부내역서;검사결과지 또는 판독지;의사 소견서","S82.8;S82;하퇴 골절;근골격계 / 척추 / 관절;계약전 알릴의무 / 기왕증 / 상해성 여부 / 실손보험 / 후유장해;통증;저림;염좌;퇴행성 변화","medical_knowledge;terms_standards;fss_dispute_cases;legal_statutes;precedents;issue_playbooks","이 데이터는 의료 판단 확정용이 아니라 보험 실무상 쟁점 연결용 내부 보강 데이터다. 질병코드만으로 진단, 인과관계, 장해율, 고지의무 위반을 단정하지 말고 실제 진료내용, 검사결과, 치료기간, 약관을 확인해야 한다.","medical_issue_codes","internal_medical_issue_code","internal_review_required","needs_human_review"
"MIC030","S52.9","전완 골절 관련 보험쟁점 30","S52","근골격계 / 척추 / 관절","계약전 알릴의무 / 기왕증 / 상해성 여부 / 실손보험 / 후유장해","실손의료비;입원비;통원비;수술비;후유장해","통증;저림;삐끗함;움직임 제한;일상생활 불편","염좌;퇴행성 변화;디스크;관절 손상;골절","X-ray;MRI;CT;신경학적 검사;관절운동범위 측정","급성 외상 소견 여부;퇴행성 변화 정도;신경학적 결손;관절 불안정성;운동범위 제한","전완 골절 관련 보험쟁점 30은(는) 계약전 알릴의무 / 기왕증 / 상해성 여부 / 실손보험 / 후유장해와 연결될 수 있는 내부 검색 보강 항목이다. 코드명만으로 결론을 내리지 않고 실제 문서상 진단 경위, 검사, 치료기간, 약관상 담보를 함께 확인해야 한다.","사고 직후 증상 발생 여부;사고 전 동일 부위 또는 동일 질환 치료력;검사상 급성 소견 여부;시간적 근접성","기존 치료력;반복 진료 이력;퇴행성 또는 만성 변화;건강검진 이상소견","최근 3개월 내 진료 여부;정밀검사 여부;입원/수술/장기투약 여부;의사가 중대한 질환으로 설명했는지 여부","영구장해 여부;객관적 기능 제한;장해 고정 시점;기왕장해 기여도","입원 필요성은 증상 정도, 검사결과, 치료 내용, 관찰 필요성으로 검토 필요","수술 여부, 수술 목적, 수술기록지상 주요 소견 확인 필요","진료기록지;처방전;진료비 세부내역서;검사결과지 또는 판독지;의사 소견서","S52.9;S52;전완 골절;근골격계 / 척추 / 관절;계약전 알릴의무 / 기왕증 / 상해성 여부 / 실손보험 / 후유장해;통증;저림;염좌;퇴행성 변화","medical_knowledge;terms_standards;fss_dispute_cases;legal_statutes;precedents;issue_playbooks","이 데이터는 의료 판단 확정용이 아니라 보험 실무상 쟁점 연결용 내부 보강 데이터다. 질병코드만으로 진단, 인과관계, 장해율, 고지의무 위반을 단정하지 말고 실제 진료내용, 검사결과, 치료기간, 약관을 확인해야 한다.","medical_issue_codes","internal_medical_issue_code","internal_review_required","needs_human_review"
"MIC031","S42.0","어깨/상완 골절 관련 보험쟁점 31","S42","근골격계 / 척추 / 관절","계약전 알릴의무 / 기왕증 / 상해성 여부 / 실손보험 / 후유장해","실손의료비;입원비;통원비;수술비;후유장해","통증;저림;삐끗함;움직임 제한;일상생활 불편","염좌;퇴행성 변화;디스크;관절 손상;골절","X-ray;MRI;CT;신경학적 검사;관절운동범위 측정","급성 외상 소견 여부;퇴행성 변화 정도;신경학적 결손;관절 불안정성;운동범위 제한","어깨/상완 골절 관련 보험쟁점 31은(는) 계약전 알릴의무 / 기왕증 / 상해성 여부 / 실손보험 / 후유장해와 연결될 수 있는 내부 검색 보강 항목이다. 코드명만으로 결론을 내리지 않고 실제 문서상 진단 경위, 검사, 치료기간, 약관상 담보를 함께 확인해야 한다.","사고 직후 증상 발생 여부;사고 전 동일 부위 또는 동일 질환 치료력;검사상 급성 소견 여부;시간적 근접성","기존 치료력;반복 진료 이력;퇴행성 또는 만성 변화;건강검진 이상소견","최근 3개월 내 진료 여부;정밀검사 여부;입원/수술/장기투약 여부;의사가 중대한 질환으로 설명했는지 여부","영구장해 여부;객관적 기능 제한;장해 고정 시점;기왕장해 기여도","입원 필요성은 증상 정도, 검사결과, 치료 내용, 관찰 필요성으로 검토 필요","수술 여부, 수술 목적, 수술기록지상 주요 소견 확인 필요","진료기록지;처방전;진료비 세부내역서;검사결과지 또는 판독지;의사 소견서","S42.0;S42;어깨/상완 골절;근골격계 / 척추 / 관절;계약전 알릴의무 / 기왕증 / 상해성 여부 / 실손보험 / 후유장해;통증;저림;염좌;퇴행성 변화","medical_knowledge;terms_standards;fss_dispute_cases;legal_statutes;precedents;issue_playbooks","이 데이터는 의료 판단 확정용이 아니라 보험 실무상 쟁점 연결용 내부 보강 데이터다. 질병코드만으로 진단, 인과관계, 장해율, 고지의무 위반을 단정하지 말고 실제 진료내용, 검사결과, 치료기간, 약관을 확인해야 한다.","medical_issue_codes","internal_medical_issue_code","internal_review_required","needs_human_review"
"MIC032","S32.1","요추/골반 골절 관련 보험쟁점 32","S32","근골격계 / 척추 / 관절","계약전 알릴의무 / 기왕증 / 상해성 여부 / 실손보험 / 후유장해","실손의료비;입원비;통원비;수술비;후유장해","통증;저림;삐끗함;움직임 제한;일상생활 불편","염좌;퇴행성 변화;디스크;관절 손상;골절","X-ray;MRI;CT;신경학적 검사;관절운동범위 측정","급성 외상 소견 여부;퇴행성 변화 정도;신경학적 결손;관절 불안정성;운동범위 제한","요추/골반 골절 관련 보험쟁점 32은(는) 계약전 알릴의무 / 기왕증 / 상해성 여부 / 실손보험 / 후유장해와 연결될 수 있는 내부 검색 보강 항목이다. 코드명만으로 결론을 내리지 않고 실제 문서상 진단 경위, 검사, 치료기간, 약관상 담보를 함께 확인해야 한다.","사고 직후 증상 발생 여부;사고 전 동일 부위 또는 동일 질환 치료력;검사상 급성 소견 여부;시간적 근접성","기존 치료력;반복 진료 이력;퇴행성 또는 만성 변화;건강검진 이상소견","최근 3개월 내 진료 여부;정밀검사 여부;입원/수술/장기투약 여부;의사가 중대한 질환으로 설명했는지 여부","영구장해 여부;객관적 기능 제한;장해 고정 시점;기왕장해 기여도","입원 필요성은 증상 정도, 검사결과, 치료 내용, 관찰 필요성으로 검토 필요","수술 여부, 수술 목적, 수술기록지상 주요 소견 확인 필요","진료기록지;처방전;진료비 세부내역서;검사결과지 또는 판독지;의사 소견서","S32.1;S32;요추/골반 골절;근골격계 / 척추 / 관절;계약전 알릴의무 / 기왕증 / 상해성 여부 / 실손보험 / 후유장해;통증;저림;염좌;퇴행성 변화","medical_knowledge;terms_standards;fss_dispute_cases;legal_statutes;precedents;issue_playbooks","이 데이터는 의료 판단 확정용이 아니라 보험 실무상 쟁점 연결용 내부 보강 데이터다. 질병코드만으로 진단, 인과관계, 장해율, 고지의무 위반을 단정하지 말고 실제 진료내용, 검사결과, 치료기간, 약관을 확인해야 한다.","medical_issue_codes","internal_medical_issue_code","internal_review_required","needs_human_review"
"MIC033","M16.2","고관절증 관련 보험쟁점 33","M16","근골격계 / 척추 / 관절","계약전 알릴의무 / 기왕증 / 상해성 여부 / 실손보험 / 후유장해","실손의료비;입원비;통원비;수술비;후유장해","통증;저림;삐끗함;움직임 제한;일상생활 불편","염좌;퇴행성 변화;디스크;관절 손상;골절","X-ray;MRI;CT;신경학적 검사;관절운동범위 측정","급성 외상 소견 여부;퇴행성 변화 정도;신경학적 결손;관절 불안정성;운동범위 제한","고관절증 관련 보험쟁점 33은(는) 계약전 알릴의무 / 기왕증 / 상해성 여부 / 실손보험 / 후유장해와 연결될 수 있는 내부 검색 보강 항목이다. 코드명만으로 결론을 내리지 않고 실제 문서상 진단 경위, 검사, 치료기간, 약관상 담보를 함께 확인해야 한다.","사고 직후 증상 발생 여부;사고 전 동일 부위 또는 동일 질환 치료력;검사상 급성 소견 여부;시간적 근접성","기존 치료력;반복 진료 이력;퇴행성 또는 만성 변화;건강검진 이상소견","최근 3개월 내 진료 여부;정밀검사 여부;입원/수술/장기투약 여부;의사가 중대한 질환으로 설명했는지 여부","영구장해 여부;객관적 기능 제한;장해 고정 시점;기왕장해 기여도","입원 필요성은 증상 정도, 검사결과, 치료 내용, 관찰 필요성으로 검토 필요","수술 여부, 수술 목적, 수술기록지상 주요 소견 확인 필요","진료기록지;처방전;진료비 세부내역서;검사결과지 또는 판독지;의사 소견서","M16.2;M16;고관절증;근골격계 / 척추 / 관절;계약전 알릴의무 / 기왕증 / 상해성 여부 / 실손보험 / 후유장해;통증;저림;염좌;퇴행성 변화","medical_knowledge;terms_standards;fss_dispute_cases;legal_statutes;precedents;issue_playbooks","이 데이터는 의료 판단 확정용이 아니라 보험 실무상 쟁점 연결용 내부 보강 데이터다. 질병코드만으로 진단, 인과관계, 장해율, 고지의무 위반을 단정하지 말고 실제 진료내용, 검사결과, 치료기간, 약관을 확인해야 한다.","medical_issue_codes","internal_medical_issue_code","internal_review_required","needs_human_review"
"MIC034","M19.3","기타 관절증 관련 보험쟁점 34","M19","근골격계 / 척추 / 관절","계약전 알릴의무 / 기왕증 / 상해성 여부 / 실손보험 / 후유장해","실손의료비;입원비;통원비;수술비;후유장해","통증;저림;삐끗함;움직임 제한;일상생활 불편","염좌;퇴행성 변화;디스크;관절 손상;골절","X-ray;MRI;CT;신경학적 검사;관절운동범위 측정","급성 외상 소견 여부;퇴행성 변화 정도;신경학적 결손;관절 불안정성;운동범위 제한","기타 관절증 관련 보험쟁점 34은(는) 계약전 알릴의무 / 기왕증 / 상해성 여부 / 실손보험 / 후유장해와 연결될 수 있는 내부 검색 보강 항목이다. 코드명만으로 결론을 내리지 않고 실제 문서상 진단 경위, 검사, 치료기간, 약관상 담보를 함께 확인해야 한다.","사고 직후 증상 발생 여부;사고 전 동일 부위 또는 동일 질환 치료력;검사상 급성 소견 여부;시간적 근접성","기존 치료력;반복 진료 이력;퇴행성 또는 만성 변화;건강검진 이상소견","최근 3개월 내 진료 여부;정밀검사 여부;입원/수술/장기투약 여부;의사가 중대한 질환으로 설명했는지 여부","영구장해 여부;객관적 기능 제한;장해 고정 시점;기왕장해 기여도","입원 필요성은 증상 정도, 검사결과, 치료 내용, 관찰 필요성으로 검토 필요","수술 여부, 수술 목적, 수술기록지상 주요 소견 확인 필요","진료기록지;처방전;진료비 세부내역서;검사결과지 또는 판독지;의사 소견서","M19.3;M19;기타 관절증;근골격계 / 척추 / 관절;계약전 알릴의무 / 기왕증 / 상해성 여부 / 실손보험 / 후유장해;통증;저림;염좌;퇴행성 변화","medical_knowledge;terms_standards;fss_dispute_cases;legal_statutes;precedents;issue_playbooks","이 데이터는 의료 판단 확정용이 아니라 보험 실무상 쟁점 연결용 내부 보강 데이터다. 질병코드만으로 진단, 인과관계, 장해율, 고지의무 위반을 단정하지 말고 실제 진료내용, 검사결과, 치료기간, 약관을 확인해야 한다.","medical_issue_codes","internal_medical_issue_code","internal_review_required","needs_human_review"
"MIC035","M50.4","경추간판장애 관련 보험쟁점 35","M50","근골격계 / 척추 / 관절","계약전 알릴의무 / 기왕증 / 상해성 여부 / 실손보험 / 후유장해","실손의료비;입원비;통원비;수술비;후유장해","통증;저림;삐끗함;움직임 제한;일상생활 불편","염좌;퇴행성 변화;디스크;관절 손상;골절","X-ray;MRI;CT;신경학적 검사;관절운동범위 측정","급성 외상 소견 여부;퇴행성 변화 정도;신경학적 결손;관절 불안정성;운동범위 제한","경추간판장애 관련 보험쟁점 35은(는) 계약전 알릴의무 / 기왕증 / 상해성 여부 / 실손보험 / 후유장해와 연결될 수 있는 내부 검색 보강 항목이다. 코드명만으로 결론을 내리지 않고 실제 문서상 진단 경위, 검사, 치료기간, 약관상 담보를 함께 확인해야 한다.","사고 직후 증상 발생 여부;사고 전 동일 부위 또는 동일 질환 치료력;검사상 급성 소견 여부;시간적 근접성","기존 치료력;반복 진료 이력;퇴행성 또는 만성 변화;건강검진 이상소견","최근 3개월 내 진료 여부;정밀검사 여부;입원/수술/장기투약 여부;의사가 중대한 질환으로 설명했는지 여부","영구장해 여부;객관적 기능 제한;장해 고정 시점;기왕장해 기여도","입원 필요성은 증상 정도, 검사결과, 치료 내용, 관찰 필요성으로 검토 필요","수술 여부, 수술 목적, 수술기록지상 주요 소견 확인 필요","진료기록지;처방전;진료비 세부내역서;검사결과지 또는 판독지;의사 소견서","M50.4;M50;경추간판장애;근골격계 / 척추 / 관절;계약전 알릴의무 / 기왕증 / 상해성 여부 / 실손보험 / 후유장해;통증;저림;염좌;퇴행성 변화","medical_knowledge;terms_standards;fss_dispute_cases;legal_statutes;precedents;issue_playbooks","이 데이터는 의료 판단 확정용이 아니라 보험 실무상 쟁점 연결용 내부 보강 데이터다. 질병코드만으로 진단, 인과관계, 장해율, 고지의무 위반을 단정하지 말고 실제 진료내용, 검사결과, 치료기간, 약관을 확인해야 한다.","medical_issue_codes","internal_medical_issue_code","internal_review_required","needs_human_review"
"MIC036","M65.5","윤활막염/힘줄윤활막염 관련 보험쟁점 36","M65","근골격계 / 척추 / 관절","계약전 알릴의무 / 기왕증 / 상해성 여부 / 실손보험 / 후유장해","실손의료비;입원비;통원비;수술비;후유장해","통증;저림;삐끗함;움직임 제한;일상생활 불편","염좌;퇴행성 변화;디스크;관절 손상;골절","X-ray;MRI;CT;신경학적 검사;관절운동범위 측정","급성 외상 소견 여부;퇴행성 변화 정도;신경학적 결손;관절 불안정성;운동범위 제한","윤활막염/힘줄윤활막염 관련 보험쟁점 36은(는) 계약전 알릴의무 / 기왕증 / 상해성 여부 / 실손보험 / 후유장해와 연결될 수 있는 내부 검색 보강 항목이다. 코드명만으로 결론을 내리지 않고 실제 문서상 진단 경위, 검사, 치료기간, 약관상 담보를 함께 확인해야 한다.","사고 직후 증상 발생 여부;사고 전 동일 부위 또는 동일 질환 치료력;검사상 급성 소견 여부;시간적 근접성","기존 치료력;반복 진료 이력;퇴행성 또는 만성 변화;건강검진 이상소견","최근 3개월 내 진료 여부;정밀검사 여부;입원/수술/장기투약 여부;의사가 중대한 질환으로 설명했는지 여부","영구장해 여부;객관적 기능 제한;장해 고정 시점;기왕장해 기여도","입원 필요성은 증상 정도, 검사결과, 치료 내용, 관찰 필요성으로 검토 필요","수술 여부, 수술 목적, 수술기록지상 주요 소견 확인 필요","진료기록지;처방전;진료비 세부내역서;검사결과지 또는 판독지;의사 소견서","M65.5;M65;윤활막염/힘줄윤활막염;근골격계 / 척추 / 관절;계약전 알릴의무 / 기왕증 / 상해성 여부 / 실손보험 / 후유장해;통증;저림;염좌;퇴행성 변화","medical_knowledge;terms_standards;fss_dispute_cases;legal_statutes;precedents;issue_playbooks","이 데이터는 의료 판단 확정용이 아니라 보험 실무상 쟁점 연결용 내부 보강 데이터다. 질병코드만으로 진단, 인과관계, 장해율, 고지의무 위반을 단정하지 말고 실제 진료내용, 검사결과, 치료기간, 약관을 확인해야 한다.","medical_issue_codes","internal_medical_issue_code","internal_review_required","needs_human_review"
"MIC037","M47.6","척추증 관련 보험쟁점 37","M47","근골격계 / 척추 / 관절","계약전 알릴의무 / 기왕증 / 상해성 여부 / 실손보험 / 후유장해","실손의료비;입원비;통원비;수술비;후유장해","통증;저림;삐끗함;움직임 제한;일상생활 불편","염좌;퇴행성 변화;디스크;관절 손상;골절","X-ray;MRI;CT;신경학적 검사;관절운동범위 측정","급성 외상 소견 여부;퇴행성 변화 정도;신경학적 결손;관절 불안정성;운동범위 제한","척추증 관련 보험쟁점 37은(는) 계약전 알릴의무 / 기왕증 / 상해성 여부 / 실손보험 / 후유장해와 연결될 수 있는 내부 검색 보강 항목이다. 코드명만으로 결론을 내리지 않고 실제 문서상 진단 경위, 검사, 치료기간, 약관상 담보를 함께 확인해야 한다.","사고 직후 증상 발생 여부;사고 전 동일 부위 또는 동일 질환 치료력;검사상 급성 소견 여부;시간적 근접성","기존 치료력;반복 진료 이력;퇴행성 또는 만성 변화;건강검진 이상소견","최근 3개월 내 진료 여부;정밀검사 여부;입원/수술/장기투약 여부;의사가 중대한 질환으로 설명했는지 여부","영구장해 여부;객관적 기능 제한;장해 고정 시점;기왕장해 기여도","입원 필요성은 증상 정도, 검사결과, 치료 내용, 관찰 필요성으로 검토 필요","수술 여부, 수술 목적, 수술기록지상 주요 소견 확인 필요","진료기록지;처방전;진료비 세부내역서;검사결과지 또는 판독지;의사 소견서","M47.6;M47;척추증;근골격계 / 척추 / 관절;계약전 알릴의무 / 기왕증 / 상해성 여부 / 실손보험 / 후유장해;통증;저림;염좌;퇴행성 변화","medical_knowledge;terms_standards;fss_dispute_cases;legal_statutes;precedents;issue_playbooks","이 데이터는 의료 판단 확정용이 아니라 보험 실무상 쟁점 연결용 내부 보강 데이터다. 질병코드만으로 진단, 인과관계, 장해율, 고지의무 위반을 단정하지 말고 실제 진료내용, 검사결과, 치료기간, 약관을 확인해야 한다.","medical_issue_codes","internal_medical_issue_code","internal_review_required","needs_human_review"
"MIC038","M51.7","추간판장애 관련 보험쟁점 38","M51","근골격계 / 척추 / 관절","계약전 알릴의무 / 기왕증 / 상해성 여부 / 실손보험 / 후유장해","실손의료비;입원비;통원비;수술비;후유장해","통증;저림;삐끗함;움직임 제한;일상생활 불편","염좌;퇴행성 변화;디스크;관절 손상;골절","X-ray;MRI;CT;신경학적 검사;관절운동범위 측정","급성 외상 소견 여부;퇴행성 변화 정도;신경학적 결손;관절 불안정성;운동범위 제한","추간판장애 관련 보험쟁점 38은(는) 계약전 알릴의무 / 기왕증 / 상해성 여부 / 실손보험 / 후유장해와 연결될 수 있는 내부 검색 보강 항목이다. 코드명만으로 결론을 내리지 않고 실제 문서상 진단 경위, 검사, 치료기간, 약관상 담보를 함께 확인해야 한다.","사고 직후 증상 발생 여부;사고 전 동일 부위 또는 동일 질환 치료력;검사상 급성 소견 여부;시간적 근접성","기존 치료력;반복 진료 이력;퇴행성 또는 만성 변화;건강검진 이상소견","최근 3개월 내 진료 여부;정밀검사 여부;입원/수술/장기투약 여부;의사가 중대한 질환으로 설명했는지 여부","영구장해 여부;객관적 기능 제한;장해 고정 시점;기왕장해 기여도","입원 필요성은 증상 정도, 검사결과, 치료 내용, 관찰 필요성으로 검토 필요","수술 여부, 수술 목적, 수술기록지상 주요 소견 확인 필요","진료기록지;처방전;진료비 세부내역서;검사결과지 또는 판독지;의사 소견서","M51.7;M51;추간판장애;근골격계 / 척추 / 관절;계약전 알릴의무 / 기왕증 / 상해성 여부 / 실손보험 / 후유장해;통증;저림;염좌;퇴행성 변화","medical_knowledge;terms_standards;fss_dispute_cases;legal_statutes;precedents;issue_playbooks","이 데이터는 의료 판단 확정용이 아니라 보험 실무상 쟁점 연결용 내부 보강 데이터다. 질병코드만으로 진단, 인과관계, 장해율, 고지의무 위반을 단정하지 말고 실제 진료내용, 검사결과, 치료기간, 약관을 확인해야 한다.","medical_issue_codes","internal_medical_issue_code","internal_review_required","needs_human_review"
"MIC039","M54.8","요통 관련 보험쟁점 39","M54","근골격계 / 척추 / 관절","계약전 알릴의무 / 기왕증 / 상해성 여부 / 실손보험 / 후유장해","실손의료비;입원비;통원비;수술비;후유장해","통증;저림;삐끗함;움직임 제한;일상생활 불편","염좌;퇴행성 변화;디스크;관절 손상;골절","X-ray;MRI;CT;신경학적 검사;관절운동범위 측정","급성 외상 소견 여부;퇴행성 변화 정도;신경학적 결손;관절 불안정성;운동범위 제한","요통 관련 보험쟁점 39은(는) 계약전 알릴의무 / 기왕증 / 상해성 여부 / 실손보험 / 후유장해와 연결될 수 있는 내부 검색 보강 항목이다. 코드명만으로 결론을 내리지 않고 실제 문서상 진단 경위, 검사, 치료기간, 약관상 담보를 함께 확인해야 한다.","사고 직후 증상 발생 여부;사고 전 동일 부위 또는 동일 질환 치료력;검사상 급성 소견 여부;시간적 근접성","기존 치료력;반복 진료 이력;퇴행성 또는 만성 변화;건강검진 이상소견","최근 3개월 내 진료 여부;정밀검사 여부;입원/수술/장기투약 여부;의사가 중대한 질환으로 설명했는지 여부","영구장해 여부;객관적 기능 제한;장해 고정 시점;기왕장해 기여도","입원 필요성은 증상 정도, 검사결과, 치료 내용, 관찰 필요성으로 검토 필요","수술 여부, 수술 목적, 수술기록지상 주요 소견 확인 필요","진료기록지;처방전;진료비 세부내역서;검사결과지 또는 판독지;의사 소견서","M54.8;M54;요통;근골격계 / 척추 / 관절;계약전 알릴의무 / 기왕증 / 상해성 여부 / 실손보험 / 후유장해;통증;저림;염좌;퇴행성 변화","medical_knowledge;terms_standards;fss_dispute_cases;legal_statutes;precedents;issue_playbooks","이 데이터는 의료 판단 확정용이 아니라 보험 실무상 쟁점 연결용 내부 보강 데이터다. 질병코드만으로 진단, 인과관계, 장해율, 고지의무 위반을 단정하지 말고 실제 진료내용, 검사결과, 치료기간, 약관을 확인해야 한다.","medical_issue_codes","internal_medical_issue_code","internal_review_required","needs_human_review"
"MIC040","M48.9","척추협착 관련 보험쟁점 40","M48","근골격계 / 척추 / 관절","계약전 알릴의무 / 기왕증 / 상해성 여부 / 실손보험 / 후유장해","실손의료비;입원비;통원비;수술비;후유장해","통증;저림;삐끗함;움직임 제한;일상생활 불편","염좌;퇴행성 변화;디스크;관절 손상;골절","X-ray;MRI;CT;신경학적 검사;관절운동범위 측정","급성 외상 소견 여부;퇴행성 변화 정도;신경학적 결손;관절 불안정성;운동범위 제한","척추협착 관련 보험쟁점 40은(는) 계약전 알릴의무 / 기왕증 / 상해성 여부 / 실손보험 / 후유장해와 연결될 수 있는 내부 검색 보강 항목이다. 코드명만으로 결론을 내리지 않고 실제 문서상 진단 경위, 검사, 치료기간, 약관상 담보를 함께 확인해야 한다.","사고 직후 증상 발생 여부;사고 전 동일 부위 또는 동일 질환 치료력;검사상 급성 소견 여부;시간적 근접성","기존 치료력;반복 진료 이력;퇴행성 또는 만성 변화;건강검진 이상소견","최근 3개월 내 진료 여부;정밀검사 여부;입원/수술/장기투약 여부;의사가 중대한 질환으로 설명했는지 여부","영구장해 여부;객관적 기능 제한;장해 고정 시점;기왕장해 기여도","입원 필요성은 증상 정도, 검사결과, 치료 내용, 관찰 필요성으로 검토 필요","수술 여부, 수술 목적, 수술기록지상 주요 소견 확인 필요","진료기록지;처방전;진료비 세부내역서;검사결과지 또는 판독지;의사 소견서","M48.9;M48;척추협착;근골격계 / 척추 / 관절;계약전 알릴의무 / 기왕증 / 상해성 여부 / 실손보험 / 후유장해;통증;저림;염좌;퇴행성 변화","medical_knowledge;terms_standards;fss_dispute_cases;legal_statutes;precedents;issue_playbooks","이 데이터는 의료 판단 확정용이 아니라 보험 실무상 쟁점 연결용 내부 보강 데이터다. 질병코드만으로 진단, 인과관계, 장해율, 고지의무 위반을 단정하지 말고 실제 진료내용, 검사결과, 치료기간, 약관을 확인해야 한다.","medical_issue_codes","internal_medical_issue_code","internal_review_required","needs_human_review"
"MIC041","S33.0","요추 염좌 관련 보험쟁점 41","S33","근골격계 / 척추 / 관절","계약전 알릴의무 / 기왕증 / 상해성 여부 / 실손보험 / 후유장해","실손의료비;입원비;통원비;수술비;후유장해","통증;저림;삐끗함;움직임 제한;일상생활 불편","염좌;퇴행성 변화;디스크;관절 손상;골절","X-ray;MRI;CT;신경학적 검사;관절운동범위 측정","급성 외상 소견 여부;퇴행성 변화 정도;신경학적 결손;관절 불안정성;운동범위 제한","요추 염좌 관련 보험쟁점 41은(는) 계약전 알릴의무 / 기왕증 / 상해성 여부 / 실손보험 / 후유장해와 연결될 수 있는 내부 검색 보강 항목이다. 코드명만으로 결론을 내리지 않고 실제 문서상 진단 경위, 검사, 치료기간, 약관상 담보를 함께 확인해야 한다.","사고 직후 증상 발생 여부;사고 전 동일 부위 또는 동일 질환 치료력;검사상 급성 소견 여부;시간적 근접성","기존 치료력;반복 진료 이력;퇴행성 또는 만성 변화;건강검진 이상소견","최근 3개월 내 진료 여부;정밀검사 여부;입원/수술/장기투약 여부;의사가 중대한 질환으로 설명했는지 여부","영구장해 여부;객관적 기능 제한;장해 고정 시점;기왕장해 기여도","입원 필요성은 증상 정도, 검사결과, 치료 내용, 관찰 필요성으로 검토 필요","수술 여부, 수술 목적, 수술기록지상 주요 소견 확인 필요","진료기록지;처방전;진료비 세부내역서;검사결과지 또는 판독지;의사 소견서","S33.0;S33;요추 염좌;근골격계 / 척추 / 관절;계약전 알릴의무 / 기왕증 / 상해성 여부 / 실손보험 / 후유장해;통증;저림;염좌;퇴행성 변화","medical_knowledge;terms_standards;fss_dispute_cases;legal_statutes;precedents;issue_playbooks","이 데이터는 의료 판단 확정용이 아니라 보험 실무상 쟁점 연결용 내부 보강 데이터다. 질병코드만으로 진단, 인과관계, 장해율, 고지의무 위반을 단정하지 말고 실제 진료내용, 검사결과, 치료기간, 약관을 확인해야 한다.","medical_issue_codes","internal_medical_issue_code","internal_review_required","needs_human_review"
"MIC042","S13.1","경추 염좌 관련 보험쟁점 42","S13","근골격계 / 척추 / 관절","계약전 알릴의무 / 기왕증 / 상해성 여부 / 실손보험 / 후유장해","실손의료비;입원비;통원비;수술비;후유장해","통증;저림;삐끗함;움직임 제한;일상생활 불편","염좌;퇴행성 변화;디스크;관절 손상;골절","X-ray;MRI;CT;신경학적 검사;관절운동범위 측정","급성 외상 소견 여부;퇴행성 변화 정도;신경학적 결손;관절 불안정성;운동범위 제한","경추 염좌 관련 보험쟁점 42은(는) 계약전 알릴의무 / 기왕증 / 상해성 여부 / 실손보험 / 후유장해와 연결될 수 있는 내부 검색 보강 항목이다. 코드명만으로 결론을 내리지 않고 실제 문서상 진단 경위, 검사, 치료기간, 약관상 담보를 함께 확인해야 한다.","사고 직후 증상 발생 여부;사고 전 동일 부위 또는 동일 질환 치료력;검사상 급성 소견 여부;시간적 근접성","기존 치료력;반복 진료 이력;퇴행성 또는 만성 변화;건강검진 이상소견","최근 3개월 내 진료 여부;정밀검사 여부;입원/수술/장기투약 여부;의사가 중대한 질환으로 설명했는지 여부","영구장해 여부;객관적 기능 제한;장해 고정 시점;기왕장해 기여도","입원 필요성은 증상 정도, 검사결과, 치료 내용, 관찰 필요성으로 검토 필요","수술 여부, 수술 목적, 수술기록지상 주요 소견 확인 필요","진료기록지;처방전;진료비 세부내역서;검사결과지 또는 판독지;의사 소견서","S13.1;S13;경추 염좌;근골격계 / 척추 / 관절;계약전 알릴의무 / 기왕증 / 상해성 여부 / 실손보험 / 후유장해;통증;저림;염좌;퇴행성 변화","medical_knowledge;terms_standards;fss_dispute_cases;legal_statutes;precedents;issue_playbooks","이 데이터는 의료 판단 확정용이 아니라 보험 실무상 쟁점 연결용 내부 보강 데이터다. 질병코드만으로 진단, 인과관계, 장해율, 고지의무 위반을 단정하지 말고 실제 진료내용, 검사결과, 치료기간, 약관을 확인해야 한다.","medical_issue_codes","internal_medical_issue_code","internal_review_required","needs_human_review"
"MIC043","M75.2","어깨 병변 관련 보험쟁점 43","M75","근골격계 / 척추 / 관절","계약전 알릴의무 / 기왕증 / 상해성 여부 / 실손보험 / 후유장해","실손의료비;입원비;통원비;수술비;후유장해","통증;저림;삐끗함;움직임 제한;일상생활 불편","염좌;퇴행성 변화;디스크;관절 손상;골절","X-ray;MRI;CT;신경학적 검사;관절운동범위 측정","급성 외상 소견 여부;퇴행성 변화 정도;신경학적 결손;관절 불안정성;운동범위 제한","어깨 병변 관련 보험쟁점 43은(는) 계약전 알릴의무 / 기왕증 / 상해성 여부 / 실손보험 / 후유장해와 연결될 수 있는 내부 검색 보강 항목이다. 코드명만으로 결론을 내리지 않고 실제 문서상 진단 경위, 검사, 치료기간, 약관상 담보를 함께 확인해야 한다.","사고 직후 증상 발생 여부;사고 전 동일 부위 또는 동일 질환 치료력;검사상 급성 소견 여부;시간적 근접성","기존 치료력;반복 진료 이력;퇴행성 또는 만성 변화;건강검진 이상소견","최근 3개월 내 진료 여부;정밀검사 여부;입원/수술/장기투약 여부;의사가 중대한 질환으로 설명했는지 여부","영구장해 여부;객관적 기능 제한;장해 고정 시점;기왕장해 기여도","입원 필요성은 증상 정도, 검사결과, 치료 내용, 관찰 필요성으로 검토 필요","수술 여부, 수술 목적, 수술기록지상 주요 소견 확인 필요","진료기록지;처방전;진료비 세부내역서;검사결과지 또는 판독지;의사 소견서","M75.2;M75;어깨 병변;근골격계 / 척추 / 관절;계약전 알릴의무 / 기왕증 / 상해성 여부 / 실손보험 / 후유장해;통증;저림;염좌;퇴행성 변화","medical_knowledge;terms_standards;fss_dispute_cases;legal_statutes;precedents;issue_playbooks","이 데이터는 의료 판단 확정용이 아니라 보험 실무상 쟁점 연결용 내부 보강 데이터다. 질병코드만으로 진단, 인과관계, 장해율, 고지의무 위반을 단정하지 말고 실제 진료내용, 검사결과, 치료기간, 약관을 확인해야 한다.","medical_issue_codes","internal_medical_issue_code","internal_review_required","needs_human_review"
"MIC044","S46.3","어깨/상완 손상 관련 보험쟁점 44","S46","근골격계 / 척추 / 관절","계약전 알릴의무 / 기왕증 / 상해성 여부 / 실손보험 / 후유장해","실손의료비;입원비;통원비;수술비;후유장해","통증;저림;삐끗함;움직임 제한;일상생활 불편","염좌;퇴행성 변화;디스크;관절 손상;골절","X-ray;MRI;CT;신경학적 검사;관절운동범위 측정","급성 외상 소견 여부;퇴행성 변화 정도;신경학적 결손;관절 불안정성;운동범위 제한","어깨/상완 손상 관련 보험쟁점 44은(는) 계약전 알릴의무 / 기왕증 / 상해성 여부 / 실손보험 / 후유장해와 연결될 수 있는 내부 검색 보강 항목이다. 코드명만으로 결론을 내리지 않고 실제 문서상 진단 경위, 검사, 치료기간, 약관상 담보를 함께 확인해야 한다.","사고 직후 증상 발생 여부;사고 전 동일 부위 또는 동일 질환 치료력;검사상 급성 소견 여부;시간적 근접성","기존 치료력;반복 진료 이력;퇴행성 또는 만성 변화;건강검진 이상소견","최근 3개월 내 진료 여부;정밀검사 여부;입원/수술/장기투약 여부;의사가 중대한 질환으로 설명했는지 여부","영구장해 여부;객관적 기능 제한;장해 고정 시점;기왕장해 기여도","입원 필요성은 증상 정도, 검사결과, 치료 내용, 관찰 필요성으로 검토 필요","수술 여부, 수술 목적, 수술기록지상 주요 소견 확인 필요","진료기록지;처방전;진료비 세부내역서;검사결과지 또는 판독지;의사 소견서","S46.3;S46;어깨/상완 손상;근골격계 / 척추 / 관절;계약전 알릴의무 / 기왕증 / 상해성 여부 / 실손보험 / 후유장해;통증;저림;염좌;퇴행성 변화","medical_knowledge;terms_standards;fss_dispute_cases;legal_statutes;precedents;issue_playbooks","이 데이터는 의료 판단 확정용이 아니라 보험 실무상 쟁점 연결용 내부 보강 데이터다. 질병코드만으로 진단, 인과관계, 장해율, 고지의무 위반을 단정하지 말고 실제 진료내용, 검사결과, 치료기간, 약관을 확인해야 한다.","medical_issue_codes","internal_medical_issue_code","internal_review_required","needs_human_review"
"MIC045","S83.4","무릎 인대/반월상연골 손상 관련 보험쟁점 45","S83","근골격계 / 척추 / 관절","계약전 알릴의무 / 기왕증 / 상해성 여부 / 실손보험 / 후유장해","실손의료비;입원비;통원비;수술비;후유장해","통증;저림;삐끗함;움직임 제한;일상생활 불편","염좌;퇴행성 변화;디스크;관절 손상;골절","X-ray;MRI;CT;신경학적 검사;관절운동범위 측정","급성 외상 소견 여부;퇴행성 변화 정도;신경학적 결손;관절 불안정성;운동범위 제한","무릎 인대/반월상연골 손상 관련 보험쟁점 45은(는) 계약전 알릴의무 / 기왕증 / 상해성 여부 / 실손보험 / 후유장해와 연결될 수 있는 내부 검색 보강 항목이다. 코드명만으로 결론을 내리지 않고 실제 문서상 진단 경위, 검사, 치료기간, 약관상 담보를 함께 확인해야 한다.","사고 직후 증상 발생 여부;사고 전 동일 부위 또는 동일 질환 치료력;검사상 급성 소견 여부;시간적 근접성","기존 치료력;반복 진료 이력;퇴행성 또는 만성 변화;건강검진 이상소견","최근 3개월 내 진료 여부;정밀검사 여부;입원/수술/장기투약 여부;의사가 중대한 질환으로 설명했는지 여부","영구장해 여부;객관적 기능 제한;장해 고정 시점;기왕장해 기여도","입원 필요성은 증상 정도, 검사결과, 치료 내용, 관찰 필요성으로 검토 필요","수술 여부, 수술 목적, 수술기록지상 주요 소견 확인 필요","진료기록지;처방전;진료비 세부내역서;검사결과지 또는 판독지;의사 소견서","S83.4;S83;무릎 인대/반월상연골 손상;근골격계 / 척추 / 관절;계약전 알릴의무 / 기왕증 / 상해성 여부 / 실손보험 / 후유장해;통증;저림;염좌;퇴행성 변화","medical_knowledge;terms_standards;fss_dispute_cases;legal_statutes;precedents;issue_playbooks","이 데이터는 의료 판단 확정용이 아니라 보험 실무상 쟁점 연결용 내부 보강 데이터다. 질병코드만으로 진단, 인과관계, 장해율, 고지의무 위반을 단정하지 말고 실제 진료내용, 검사결과, 치료기간, 약관을 확인해야 한다.","medical_issue_codes","internal_medical_issue_code","internal_review_required","needs_human_review"
"MIC046","M17.5","무릎관절증 관련 보험쟁점 46","M17","근골격계 / 척추 / 관절","계약전 알릴의무 / 기왕증 / 상해성 여부 / 실손보험 / 후유장해","실손의료비;입원비;통원비;수술비;후유장해","통증;저림;삐끗함;움직임 제한;일상생활 불편","염좌;퇴행성 변화;디스크;관절 손상;골절","X-ray;MRI;CT;신경학적 검사;관절운동범위 측정","급성 외상 소견 여부;퇴행성 변화 정도;신경학적 결손;관절 불안정성;운동범위 제한","무릎관절증 관련 보험쟁점 46은(는) 계약전 알릴의무 / 기왕증 / 상해성 여부 / 실손보험 / 후유장해와 연결될 수 있는 내부 검색 보강 항목이다. 코드명만으로 결론을 내리지 않고 실제 문서상 진단 경위, 검사, 치료기간, 약관상 담보를 함께 확인해야 한다.","사고 직후 증상 발생 여부;사고 전 동일 부위 또는 동일 질환 치료력;검사상 급성 소견 여부;시간적 근접성","기존 치료력;반복 진료 이력;퇴행성 또는 만성 변화;건강검진 이상소견","최근 3개월 내 진료 여부;정밀검사 여부;입원/수술/장기투약 여부;의사가 중대한 질환으로 설명했는지 여부","영구장해 여부;객관적 기능 제한;장해 고정 시점;기왕장해 기여도","입원 필요성은 증상 정도, 검사결과, 치료 내용, 관찰 필요성으로 검토 필요","수술 여부, 수술 목적, 수술기록지상 주요 소견 확인 필요","진료기록지;처방전;진료비 세부내역서;검사결과지 또는 판독지;의사 소견서","M17.5;M17;무릎관절증;근골격계 / 척추 / 관절;계약전 알릴의무 / 기왕증 / 상해성 여부 / 실손보험 / 후유장해;통증;저림;염좌;퇴행성 변화","medical_knowledge;terms_standards;fss_dispute_cases;legal_statutes;precedents;issue_playbooks","이 데이터는 의료 판단 확정용이 아니라 보험 실무상 쟁점 연결용 내부 보강 데이터다. 질병코드만으로 진단, 인과관계, 장해율, 고지의무 위반을 단정하지 말고 실제 진료내용, 검사결과, 치료기간, 약관을 확인해야 한다.","medical_issue_codes","internal_medical_issue_code","internal_review_required","needs_human_review"
"MIC047","S82.6","하퇴 골절 관련 보험쟁점 47","S82","근골격계 / 척추 / 관절","계약전 알릴의무 / 기왕증 / 상해성 여부 / 실손보험 / 후유장해","실손의료비;입원비;통원비;수술비;후유장해","통증;저림;삐끗함;움직임 제한;일상생활 불편","염좌;퇴행성 변화;디스크;관절 손상;골절","X-ray;MRI;CT;신경학적 검사;관절운동범위 측정","급성 외상 소견 여부;퇴행성 변화 정도;신경학적 결손;관절 불안정성;운동범위 제한","하퇴 골절 관련 보험쟁점 47은(는) 계약전 알릴의무 / 기왕증 / 상해성 여부 / 실손보험 / 후유장해와 연결될 수 있는 내부 검색 보강 항목이다. 코드명만으로 결론을 내리지 않고 실제 문서상 진단 경위, 검사, 치료기간, 약관상 담보를 함께 확인해야 한다.","사고 직후 증상 발생 여부;사고 전 동일 부위 또는 동일 질환 치료력;검사상 급성 소견 여부;시간적 근접성","기존 치료력;반복 진료 이력;퇴행성 또는 만성 변화;건강검진 이상소견","최근 3개월 내 진료 여부;정밀검사 여부;입원/수술/장기투약 여부;의사가 중대한 질환으로 설명했는지 여부","영구장해 여부;객관적 기능 제한;장해 고정 시점;기왕장해 기여도","입원 필요성은 증상 정도, 검사결과, 치료 내용, 관찰 필요성으로 검토 필요","수술 여부, 수술 목적, 수술기록지상 주요 소견 확인 필요","진료기록지;처방전;진료비 세부내역서;검사결과지 또는 판독지;의사 소견서","S82.6;S82;하퇴 골절;근골격계 / 척추 / 관절;계약전 알릴의무 / 기왕증 / 상해성 여부 / 실손보험 / 후유장해;통증;저림;염좌;퇴행성 변화","medical_knowledge;terms_standards;fss_dispute_cases;legal_statutes;precedents;issue_playbooks","이 데이터는 의료 판단 확정용이 아니라 보험 실무상 쟁점 연결용 내부 보강 데이터다. 질병코드만으로 진단, 인과관계, 장해율, 고지의무 위반을 단정하지 말고 실제 진료내용, 검사결과, 치료기간, 약관을 확인해야 한다.","medical_issue_codes","internal_medical_issue_code","internal_review_required","needs_human_review"
"MIC048","S52.7","전완 골절 관련 보험쟁점 48","S52","근골격계 / 척추 / 관절","계약전 알릴의무 / 기왕증 / 상해성 여부 / 실손보험 / 후유장해","실손의료비;입원비;통원비;수술비;후유장해","통증;저림;삐끗함;움직임 제한;일상생활 불편","염좌;퇴행성 변화;디스크;관절 손상;골절","X-ray;MRI;CT;신경학적 검사;관절운동범위 측정","급성 외상 소견 여부;퇴행성 변화 정도;신경학적 결손;관절 불안정성;운동범위 제한","전완 골절 관련 보험쟁점 48은(는) 계약전 알릴의무 / 기왕증 / 상해성 여부 / 실손보험 / 후유장해와 연결될 수 있는 내부 검색 보강 항목이다. 코드명만으로 결론을 내리지 않고 실제 문서상 진단 경위, 검사, 치료기간, 약관상 담보를 함께 확인해야 한다.","사고 직후 증상 발생 여부;사고 전 동일 부위 또는 동일 질환 치료력;검사상 급성 소견 여부;시간적 근접성","기존 치료력;반복 진료 이력;퇴행성 또는 만성 변화;건강검진 이상소견","최근 3개월 내 진료 여부;정밀검사 여부;입원/수술/장기투약 여부;의사가 중대한 질환으로 설명했는지 여부","영구장해 여부;객관적 기능 제한;장해 고정 시점;기왕장해 기여도","입원 필요성은 증상 정도, 검사결과, 치료 내용, 관찰 필요성으로 검토 필요","수술 여부, 수술 목적, 수술기록지상 주요 소견 확인 필요","진료기록지;처방전;진료비 세부내역서;검사결과지 또는 판독지;의사 소견서","S52.7;S52;전완 골절;근골격계 / 척추 / 관절;계약전 알릴의무 / 기왕증 / 상해성 여부 / 실손보험 / 후유장해;통증;저림;염좌;퇴행성 변화","medical_knowledge;terms_standards;fss_dispute_cases;legal_statutes;precedents;issue_playbooks","이 데이터는 의료 판단 확정용이 아니라 보험 실무상 쟁점 연결용 내부 보강 데이터다. 질병코드만으로 진단, 인과관계, 장해율, 고지의무 위반을 단정하지 말고 실제 진료내용, 검사결과, 치료기간, 약관을 확인해야 한다.","medical_issue_codes","internal_medical_issue_code","internal_review_required","needs_human_review"
"MIC049","S42.8","어깨/상완 골절 관련 보험쟁점 49","S42","근골격계 / 척추 / 관절","계약전 알릴의무 / 기왕증 / 상해성 여부 / 실손보험 / 후유장해","실손의료비;입원비;통원비;수술비;후유장해","통증;저림;삐끗함;움직임 제한;일상생활 불편","염좌;퇴행성 변화;디스크;관절 손상;골절","X-ray;MRI;CT;신경학적 검사;관절운동범위 측정","급성 외상 소견 여부;퇴행성 변화 정도;신경학적 결손;관절 불안정성;운동범위 제한","어깨/상완 골절 관련 보험쟁점 49은(는) 계약전 알릴의무 / 기왕증 / 상해성 여부 / 실손보험 / 후유장해와 연결될 수 있는 내부 검색 보강 항목이다. 코드명만으로 결론을 내리지 않고 실제 문서상 진단 경위, 검사, 치료기간, 약관상 담보를 함께 확인해야 한다.","사고 직후 증상 발생 여부;사고 전 동일 부위 또는 동일 질환 치료력;검사상 급성 소견 여부;시간적 근접성","기존 치료력;반복 진료 이력;퇴행성 또는 만성 변화;건강검진 이상소견","최근 3개월 내 진료 여부;정밀검사 여부;입원/수술/장기투약 여부;의사가 중대한 질환으로 설명했는지 여부","영구장해 여부;객관적 기능 제한;장해 고정 시점;기왕장해 기여도","입원 필요성은 증상 정도, 검사결과, 치료 내용, 관찰 필요성으로 검토 필요","수술 여부, 수술 목적, 수술기록지상 주요 소견 확인 필요","진료기록지;처방전;진료비 세부내역서;검사결과지 또는 판독지;의사 소견서","S42.8;S42;어깨/상완 골절;근골격계 / 척추 / 관절;계약전 알릴의무 / 기왕증 / 상해성 여부 / 실손보험 / 후유장해;통증;저림;염좌;퇴행성 변화","medical_knowledge;terms_standards;fss_dispute_cases;legal_statutes;precedents;issue_playbooks","이 데이터는 의료 판단 확정용이 아니라 보험 실무상 쟁점 연결용 내부 보강 데이터다. 질병코드만으로 진단, 인과관계, 장해율, 고지의무 위반을 단정하지 말고 실제 진료내용, 검사결과, 치료기간, 약관을 확인해야 한다.","medical_issue_codes","internal_medical_issue_code","internal_review_required","needs_human_review"
"MIC050","S32.9","요추/골반 골절 관련 보험쟁점 50","S32","근골격계 / 척추 / 관절","계약전 알릴의무 / 기왕증 / 상해성 여부 / 실손보험 / 후유장해","실손의료비;입원비;통원비;수술비;후유장해","통증;저림;삐끗함;움직임 제한;일상생활 불편","염좌;퇴행성 변화;디스크;관절 손상;골절","X-ray;MRI;CT;신경학적 검사;관절운동범위 측정","급성 외상 소견 여부;퇴행성 변화 정도;신경학적 결손;관절 불안정성;운동범위 제한","요추/골반 골절 관련 보험쟁점 50은(는) 계약전 알릴의무 / 기왕증 / 상해성 여부 / 실손보험 / 후유장해와 연결될 수 있는 내부 검색 보강 항목이다. 코드명만으로 결론을 내리지 않고 실제 문서상 진단 경위, 검사, 치료기간, 약관상 담보를 함께 확인해야 한다.","사고 직후 증상 발생 여부;사고 전 동일 부위 또는 동일 질환 치료력;검사상 급성 소견 여부;시간적 근접성","기존 치료력;반복 진료 이력;퇴행성 또는 만성 변화;건강검진 이상소견","최근 3개월 내 진료 여부;정밀검사 여부;입원/수술/장기투약 여부;의사가 중대한 질환으로 설명했는지 여부","영구장해 여부;객관적 기능 제한;장해 고정 시점;기왕장해 기여도","입원 필요성은 증상 정도, 검사결과, 치료 내용, 관찰 필요성으로 검토 필요","수술 여부, 수술 목적, 수술기록지상 주요 소견 확인 필요","진료기록지;처방전;진료비 세부내역서;검사결과지 또는 판독지;의사 소견서","S32.9;S32;요추/골반 골절;근골격계 / 척추 / 관절;계약전 알릴의무 / 기왕증 / 상해성 여부 / 실손보험 / 후유장해;통증;저림;염좌;퇴행성 변화","medical_knowledge;terms_standards;fss_dispute_cases;legal_statutes;precedents;issue_playbooks","이 데이터는 의료 판단 확정용이 아니라 보험 실무상 쟁점 연결용 내부 보강 데이터다. 질병코드만으로 진단, 인과관계, 장해율, 고지의무 위반을 단정하지 말고 실제 진료내용, 검사결과, 치료기간, 약관을 확인해야 한다.","medical_issue_codes","internal_medical_issue_code","internal_review_required","needs_human_review"
"MIC051","M16.0","고관절증 관련 보험쟁점 51","M16","근골격계 / 척추 / 관절","계약전 알릴의무 / 기왕증 / 상해성 여부 / 실손보험 / 후유장해","실손의료비;입원비;통원비;수술비;후유장해","통증;저림;삐끗함;움직임 제한;일상생활 불편","염좌;퇴행성 변화;디스크;관절 손상;골절","X-ray;MRI;CT;신경학적 검사;관절운동범위 측정","급성 외상 소견 여부;퇴행성 변화 정도;신경학적 결손;관절 불안정성;운동범위 제한","고관절증 관련 보험쟁점 51은(는) 계약전 알릴의무 / 기왕증 / 상해성 여부 / 실손보험 / 후유장해와 연결될 수 있는 내부 검색 보강 항목이다. 코드명만으로 결론을 내리지 않고 실제 문서상 진단 경위, 검사, 치료기간, 약관상 담보를 함께 확인해야 한다.","사고 직후 증상 발생 여부;사고 전 동일 부위 또는 동일 질환 치료력;검사상 급성 소견 여부;시간적 근접성","기존 치료력;반복 진료 이력;퇴행성 또는 만성 변화;건강검진 이상소견","최근 3개월 내 진료 여부;정밀검사 여부;입원/수술/장기투약 여부;의사가 중대한 질환으로 설명했는지 여부","영구장해 여부;객관적 기능 제한;장해 고정 시점;기왕장해 기여도","입원 필요성은 증상 정도, 검사결과, 치료 내용, 관찰 필요성으로 검토 필요","수술 여부, 수술 목적, 수술기록지상 주요 소견 확인 필요","진료기록지;처방전;진료비 세부내역서;검사결과지 또는 판독지;의사 소견서","M16.0;M16;고관절증;근골격계 / 척추 / 관절;계약전 알릴의무 / 기왕증 / 상해성 여부 / 실손보험 / 후유장해;통증;저림;염좌;퇴행성 변화","medical_knowledge;terms_standards;fss_dispute_cases;legal_statutes;precedents;issue_playbooks","이 데이터는 의료 판단 확정용이 아니라 보험 실무상 쟁점 연결용 내부 보강 데이터다. 질병코드만으로 진단, 인과관계, 장해율, 고지의무 위반을 단정하지 말고 실제 진료내용, 검사결과, 치료기간, 약관을 확인해야 한다.","medical_issue_codes","internal_medical_issue_code","internal_review_required","needs_human_review"
"MIC052","M19.1","기타 관절증 관련 보험쟁점 52","M19","근골격계 / 척추 / 관절","계약전 알릴의무 / 기왕증 / 상해성 여부 / 실손보험 / 후유장해","실손의료비;입원비;통원비;수술비;후유장해","통증;저림;삐끗함;움직임 제한;일상생활 불편","염좌;퇴행성 변화;디스크;관절 손상;골절","X-ray;MRI;CT;신경학적 검사;관절운동범위 측정","급성 외상 소견 여부;퇴행성 변화 정도;신경학적 결손;관절 불안정성;운동범위 제한","기타 관절증 관련 보험쟁점 52은(는) 계약전 알릴의무 / 기왕증 / 상해성 여부 / 실손보험 / 후유장해와 연결될 수 있는 내부 검색 보강 항목이다. 코드명만으로 결론을 내리지 않고 실제 문서상 진단 경위, 검사, 치료기간, 약관상 담보를 함께 확인해야 한다.","사고 직후 증상 발생 여부;사고 전 동일 부위 또는 동일 질환 치료력;검사상 급성 소견 여부;시간적 근접성","기존 치료력;반복 진료 이력;퇴행성 또는 만성 변화;건강검진 이상소견","최근 3개월 내 진료 여부;정밀검사 여부;입원/수술/장기투약 여부;의사가 중대한 질환으로 설명했는지 여부","영구장해 여부;객관적 기능 제한;장해 고정 시점;기왕장해 기여도","입원 필요성은 증상 정도, 검사결과, 치료 내용, 관찰 필요성으로 검토 필요","수술 여부, 수술 목적, 수술기록지상 주요 소견 확인 필요","진료기록지;처방전;진료비 세부내역서;검사결과지 또는 판독지;의사 소견서","M19.1;M19;기타 관절증;근골격계 / 척추 / 관절;계약전 알릴의무 / 기왕증 / 상해성 여부 / 실손보험 / 후유장해;통증;저림;염좌;퇴행성 변화","medical_knowledge;terms_standards;fss_dispute_cases;legal_statutes;precedents;issue_playbooks","이 데이터는 의료 판단 확정용이 아니라 보험 실무상 쟁점 연결용 내부 보강 데이터다. 질병코드만으로 진단, 인과관계, 장해율, 고지의무 위반을 단정하지 말고 실제 진료내용, 검사결과, 치료기간, 약관을 확인해야 한다.","medical_issue_codes","internal_medical_issue_code","internal_review_required","needs_human_review"
"MIC053","M50.2","경추간판장애 관련 보험쟁점 53","M50","근골격계 / 척추 / 관절","계약전 알릴의무 / 기왕증 / 상해성 여부 / 실손보험 / 후유장해","실손의료비;입원비;통원비;수술비;후유장해","통증;저림;삐끗함;움직임 제한;일상생활 불편","염좌;퇴행성 변화;디스크;관절 손상;골절","X-ray;MRI;CT;신경학적 검사;관절운동범위 측정","급성 외상 소견 여부;퇴행성 변화 정도;신경학적 결손;관절 불안정성;운동범위 제한","경추간판장애 관련 보험쟁점 53은(는) 계약전 알릴의무 / 기왕증 / 상해성 여부 / 실손보험 / 후유장해와 연결될 수 있는 내부 검색 보강 항목이다. 코드명만으로 결론을 내리지 않고 실제 문서상 진단 경위, 검사, 치료기간, 약관상 담보를 함께 확인해야 한다.","사고 직후 증상 발생 여부;사고 전 동일 부위 또는 동일 질환 치료력;검사상 급성 소견 여부;시간적 근접성","기존 치료력;반복 진료 이력;퇴행성 또는 만성 변화;건강검진 이상소견","최근 3개월 내 진료 여부;정밀검사 여부;입원/수술/장기투약 여부;의사가 중대한 질환으로 설명했는지 여부","영구장해 여부;객관적 기능 제한;장해 고정 시점;기왕장해 기여도","입원 필요성은 증상 정도, 검사결과, 치료 내용, 관찰 필요성으로 검토 필요","수술 여부, 수술 목적, 수술기록지상 주요 소견 확인 필요","진료기록지;처방전;진료비 세부내역서;검사결과지 또는 판독지;의사 소견서","M50.2;M50;경추간판장애;근골격계 / 척추 / 관절;계약전 알릴의무 / 기왕증 / 상해성 여부 / 실손보험 / 후유장해;통증;저림;염좌;퇴행성 변화","medical_knowledge;terms_standards;fss_dispute_cases;legal_statutes;precedents;issue_playbooks","이 데이터는 의료 판단 확정용이 아니라 보험 실무상 쟁점 연결용 내부 보강 데이터다. 질병코드만으로 진단, 인과관계, 장해율, 고지의무 위반을 단정하지 말고 실제 진료내용, 검사결과, 치료기간, 약관을 확인해야 한다.","medical_issue_codes","internal_medical_issue_code","internal_review_required","needs_human_review"
"MIC054","M65.3","윤활막염/힘줄윤활막염 관련 보험쟁점 54","M65","근골격계 / 척추 / 관절","계약전 알릴의무 / 기왕증 / 상해성 여부 / 실손보험 / 후유장해","실손의료비;입원비;통원비;수술비;후유장해","통증;저림;삐끗함;움직임 제한;일상생활 불편","염좌;퇴행성 변화;디스크;관절 손상;골절","X-ray;MRI;CT;신경학적 검사;관절운동범위 측정","급성 외상 소견 여부;퇴행성 변화 정도;신경학적 결손;관절 불안정성;운동범위 제한","윤활막염/힘줄윤활막염 관련 보험쟁점 54은(는) 계약전 알릴의무 / 기왕증 / 상해성 여부 / 실손보험 / 후유장해와 연결될 수 있는 내부 검색 보강 항목이다. 코드명만으로 결론을 내리지 않고 실제 문서상 진단 경위, 검사, 치료기간, 약관상 담보를 함께 확인해야 한다.","사고 직후 증상 발생 여부;사고 전 동일 부위 또는 동일 질환 치료력;검사상 급성 소견 여부;시간적 근접성","기존 치료력;반복 진료 이력;퇴행성 또는 만성 변화;건강검진 이상소견","최근 3개월 내 진료 여부;정밀검사 여부;입원/수술/장기투약 여부;의사가 중대한 질환으로 설명했는지 여부","영구장해 여부;객관적 기능 제한;장해 고정 시점;기왕장해 기여도","입원 필요성은 증상 정도, 검사결과, 치료 내용, 관찰 필요성으로 검토 필요","수술 여부, 수술 목적, 수술기록지상 주요 소견 확인 필요","진료기록지;처방전;진료비 세부내역서;검사결과지 또는 판독지;의사 소견서","M65.3;M65;윤활막염/힘줄윤활막염;근골격계 / 척추 / 관절;계약전 알릴의무 / 기왕증 / 상해성 여부 / 실손보험 / 후유장해;통증;저림;염좌;퇴행성 변화","medical_knowledge;terms_standards;fss_dispute_cases;legal_statutes;precedents;issue_playbooks","이 데이터는 의료 판단 확정용이 아니라 보험 실무상 쟁점 연결용 내부 보강 데이터다. 질병코드만으로 진단, 인과관계, 장해율, 고지의무 위반을 단정하지 말고 실제 진료내용, 검사결과, 치료기간, 약관을 확인해야 한다.","medical_issue_codes","internal_medical_issue_code","internal_review_required","needs_human_review"
"MIC055","M47.4","척추증 관련 보험쟁점 55","M47","근골격계 / 척추 / 관절","계약전 알릴의무 / 기왕증 / 상해성 여부 / 실손보험 / 후유장해","실손의료비;입원비;통원비;수술비;후유장해","통증;저림;삐끗함;움직임 제한;일상생활 불편","염좌;퇴행성 변화;디스크;관절 손상;골절","X-ray;MRI;CT;신경학적 검사;관절운동범위 측정","급성 외상 소견 여부;퇴행성 변화 정도;신경학적 결손;관절 불안정성;운동범위 제한","척추증 관련 보험쟁점 55은(는) 계약전 알릴의무 / 기왕증 / 상해성 여부 / 실손보험 / 후유장해와 연결될 수 있는 내부 검색 보강 항목이다. 코드명만으로 결론을 내리지 않고 실제 문서상 진단 경위, 검사, 치료기간, 약관상 담보를 함께 확인해야 한다.","사고 직후 증상 발생 여부;사고 전 동일 부위 또는 동일 질환 치료력;검사상 급성 소견 여부;시간적 근접성","기존 치료력;반복 진료 이력;퇴행성 또는 만성 변화;건강검진 이상소견","최근 3개월 내 진료 여부;정밀검사 여부;입원/수술/장기투약 여부;의사가 중대한 질환으로 설명했는지 여부","영구장해 여부;객관적 기능 제한;장해 고정 시점;기왕장해 기여도","입원 필요성은 증상 정도, 검사결과, 치료 내용, 관찰 필요성으로 검토 필요","수술 여부, 수술 목적, 수술기록지상 주요 소견 확인 필요","진료기록지;처방전;진료비 세부내역서;검사결과지 또는 판독지;의사 소견서","M47.4;M47;척추증;근골격계 / 척추 / 관절;계약전 알릴의무 / 기왕증 / 상해성 여부 / 실손보험 / 후유장해;통증;저림;염좌;퇴행성 변화","medical_knowledge;terms_standards;fss_dispute_cases;legal_statutes;precedents;issue_playbooks","이 데이터는 의료 판단 확정용이 아니라 보험 실무상 쟁점 연결용 내부 보강 데이터다. 질병코드만으로 진단, 인과관계, 장해율, 고지의무 위반을 단정하지 말고 실제 진료내용, 검사결과, 치료기간, 약관을 확인해야 한다.","medical_issue_codes","internal_medical_issue_code","internal_review_required","needs_human_review"
"MIC056","M51.5","추간판장애 관련 보험쟁점 56","M51","근골격계 / 척추 / 관절","계약전 알릴의무 / 기왕증 / 상해성 여부 / 실손보험 / 후유장해","실손의료비;입원비;통원비;수술비;후유장해","통증;저림;삐끗함;움직임 제한;일상생활 불편","염좌;퇴행성 변화;디스크;관절 손상;골절","X-ray;MRI;CT;신경학적 검사;관절운동범위 측정","급성 외상 소견 여부;퇴행성 변화 정도;신경학적 결손;관절 불안정성;운동범위 제한","추간판장애 관련 보험쟁점 56은(는) 계약전 알릴의무 / 기왕증 / 상해성 여부 / 실손보험 / 후유장해와 연결될 수 있는 내부 검색 보강 항목이다. 코드명만으로 결론을 내리지 않고 실제 문서상 진단 경위, 검사, 치료기간, 약관상 담보를 함께 확인해야 한다.","사고 직후 증상 발생 여부;사고 전 동일 부위 또는 동일 질환 치료력;검사상 급성 소견 여부;시간적 근접성","기존 치료력;반복 진료 이력;퇴행성 또는 만성 변화;건강검진 이상소견","최근 3개월 내 진료 여부;정밀검사 여부;입원/수술/장기투약 여부;의사가 중대한 질환으로 설명했는지 여부","영구장해 여부;객관적 기능 제한;장해 고정 시점;기왕장해 기여도","입원 필요성은 증상 정도, 검사결과, 치료 내용, 관찰 필요성으로 검토 필요","수술 여부, 수술 목적, 수술기록지상 주요 소견 확인 필요","진료기록지;처방전;진료비 세부내역서;검사결과지 또는 판독지;의사 소견서","M51.5;M51;추간판장애;근골격계 / 척추 / 관절;계약전 알릴의무 / 기왕증 / 상해성 여부 / 실손보험 / 후유장해;통증;저림;염좌;퇴행성 변화","medical_knowledge;terms_standards;fss_dispute_cases;legal_statutes;precedents;issue_playbooks","이 데이터는 의료 판단 확정용이 아니라 보험 실무상 쟁점 연결용 내부 보강 데이터다. 질병코드만으로 진단, 인과관계, 장해율, 고지의무 위반을 단정하지 말고 실제 진료내용, 검사결과, 치료기간, 약관을 확인해야 한다.","medical_issue_codes","internal_medical_issue_code","internal_review_required","needs_human_review"
"MIC057","M54.6","요통 관련 보험쟁점 57","M54","근골격계 / 척추 / 관절","계약전 알릴의무 / 기왕증 / 상해성 여부 / 실손보험 / 후유장해","실손의료비;입원비;통원비;수술비;후유장해","통증;저림;삐끗함;움직임 제한;일상생활 불편","염좌;퇴행성 변화;디스크;관절 손상;골절","X-ray;MRI;CT;신경학적 검사;관절운동범위 측정","급성 외상 소견 여부;퇴행성 변화 정도;신경학적 결손;관절 불안정성;운동범위 제한","요통 관련 보험쟁점 57은(는) 계약전 알릴의무 / 기왕증 / 상해성 여부 / 실손보험 / 후유장해와 연결될 수 있는 내부 검색 보강 항목이다. 코드명만으로 결론을 내리지 않고 실제 문서상 진단 경위, 검사, 치료기간, 약관상 담보를 함께 확인해야 한다.","사고 직후 증상 발생 여부;사고 전 동일 부위 또는 동일 질환 치료력;검사상 급성 소견 여부;시간적 근접성","기존 치료력;반복 진료 이력;퇴행성 또는 만성 변화;건강검진 이상소견","최근 3개월 내 진료 여부;정밀검사 여부;입원/수술/장기투약 여부;의사가 중대한 질환으로 설명했는지 여부","영구장해 여부;객관적 기능 제한;장해 고정 시점;기왕장해 기여도","입원 필요성은 증상 정도, 검사결과, 치료 내용, 관찰 필요성으로 검토 필요","수술 여부, 수술 목적, 수술기록지상 주요 소견 확인 필요","진료기록지;처방전;진료비 세부내역서;검사결과지 또는 판독지;의사 소견서","M54.6;M54;요통;근골격계 / 척추 / 관절;계약전 알릴의무 / 기왕증 / 상해성 여부 / 실손보험 / 후유장해;통증;저림;염좌;퇴행성 변화","medical_knowledge;terms_standards;fss_dispute_cases;legal_statutes;precedents;issue_playbooks","이 데이터는 의료 판단 확정용이 아니라 보험 실무상 쟁점 연결용 내부 보강 데이터다. 질병코드만으로 진단, 인과관계, 장해율, 고지의무 위반을 단정하지 말고 실제 진료내용, 검사결과, 치료기간, 약관을 확인해야 한다.","medical_issue_codes","internal_medical_issue_code","internal_review_required","needs_human_review"
"MIC058","M48.7","척추협착 관련 보험쟁점 58","M48","근골격계 / 척추 / 관절","계약전 알릴의무 / 기왕증 / 상해성 여부 / 실손보험 / 후유장해","실손의료비;입원비;통원비;수술비;후유장해","통증;저림;삐끗함;움직임 제한;일상생활 불편","염좌;퇴행성 변화;디스크;관절 손상;골절","X-ray;MRI;CT;신경학적 검사;관절운동범위 측정","급성 외상 소견 여부;퇴행성 변화 정도;신경학적 결손;관절 불안정성;운동범위 제한","척추협착 관련 보험쟁점 58은(는) 계약전 알릴의무 / 기왕증 / 상해성 여부 / 실손보험 / 후유장해와 연결될 수 있는 내부 검색 보강 항목이다. 코드명만으로 결론을 내리지 않고 실제 문서상 진단 경위, 검사, 치료기간, 약관상 담보를 함께 확인해야 한다.","사고 직후 증상 발생 여부;사고 전 동일 부위 또는 동일 질환 치료력;검사상 급성 소견 여부;시간적 근접성","기존 치료력;반복 진료 이력;퇴행성 또는 만성 변화;건강검진 이상소견","최근 3개월 내 진료 여부;정밀검사 여부;입원/수술/장기투약 여부;의사가 중대한 질환으로 설명했는지 여부","영구장해 여부;객관적 기능 제한;장해 고정 시점;기왕장해 기여도","입원 필요성은 증상 정도, 검사결과, 치료 내용, 관찰 필요성으로 검토 필요","수술 여부, 수술 목적, 수술기록지상 주요 소견 확인 필요","진료기록지;처방전;진료비 세부내역서;검사결과지 또는 판독지;의사 소견서","M48.7;M48;척추협착;근골격계 / 척추 / 관절;계약전 알릴의무 / 기왕증 / 상해성 여부 / 실손보험 / 후유장해;통증;저림;염좌;퇴행성 변화","medical_knowledge;terms_standards;fss_dispute_cases;legal_statutes;precedents;issue_playbooks","이 데이터는 의료 판단 확정용이 아니라 보험 실무상 쟁점 연결용 내부 보강 데이터다. 질병코드만으로 진단, 인과관계, 장해율, 고지의무 위반을 단정하지 말고 실제 진료내용, 검사결과, 치료기간, 약관을 확인해야 한다.","medical_issue_codes","internal_medical_issue_code","internal_review_required","needs_human_review"
"MIC059","S33.8","요추 염좌 관련 보험쟁점 59","S33","근골격계 / 척추 / 관절","계약전 알릴의무 / 기왕증 / 상해성 여부 / 실손보험 / 후유장해","실손의료비;입원비;통원비;수술비;후유장해","통증;저림;삐끗함;움직임 제한;일상생활 불편","염좌;퇴행성 변화;디스크;관절 손상;골절","X-ray;MRI;CT;신경학적 검사;관절운동범위 측정","급성 외상 소견 여부;퇴행성 변화 정도;신경학적 결손;관절 불안정성;운동범위 제한","요추 염좌 관련 보험쟁점 59은(는) 계약전 알릴의무 / 기왕증 / 상해성 여부 / 실손보험 / 후유장해와 연결될 수 있는 내부 검색 보강 항목이다. 코드명만으로 결론을 내리지 않고 실제 문서상 진단 경위, 검사, 치료기간, 약관상 담보를 함께 확인해야 한다.","사고 직후 증상 발생 여부;사고 전 동일 부위 또는 동일 질환 치료력;검사상 급성 소견 여부;시간적 근접성","기존 치료력;반복 진료 이력;퇴행성 또는 만성 변화;건강검진 이상소견","최근 3개월 내 진료 여부;정밀검사 여부;입원/수술/장기투약 여부;의사가 중대한 질환으로 설명했는지 여부","영구장해 여부;객관적 기능 제한;장해 고정 시점;기왕장해 기여도","입원 필요성은 증상 정도, 검사결과, 치료 내용, 관찰 필요성으로 검토 필요","수술 여부, 수술 목적, 수술기록지상 주요 소견 확인 필요","진료기록지;처방전;진료비 세부내역서;검사결과지 또는 판독지;의사 소견서","S33.8;S33;요추 염좌;근골격계 / 척추 / 관절;계약전 알릴의무 / 기왕증 / 상해성 여부 / 실손보험 / 후유장해;통증;저림;염좌;퇴행성 변화","medical_knowledge;terms_standards;fss_dispute_cases;legal_statutes;precedents;issue_playbooks","이 데이터는 의료 판단 확정용이 아니라 보험 실무상 쟁점 연결용 내부 보강 데이터다. 질병코드만으로 진단, 인과관계, 장해율, 고지의무 위반을 단정하지 말고 실제 진료내용, 검사결과, 치료기간, 약관을 확인해야 한다.","medical_issue_codes","internal_medical_issue_code","internal_review_required","needs_human_review"
"MIC060","S13.9","경추 염좌 관련 보험쟁점 60","S13","근골격계 / 척추 / 관절","계약전 알릴의무 / 기왕증 / 상해성 여부 / 실손보험 / 후유장해","실손의료비;입원비;통원비;수술비;후유장해","통증;저림;삐끗함;움직임 제한;일상생활 불편","염좌;퇴행성 변화;디스크;관절 손상;골절","X-ray;MRI;CT;신경학적 검사;관절운동범위 측정","급성 외상 소견 여부;퇴행성 변화 정도;신경학적 결손;관절 불안정성;운동범위 제한","경추 염좌 관련 보험쟁점 60은(는) 계약전 알릴의무 / 기왕증 / 상해성 여부 / 실손보험 / 후유장해와 연결될 수 있는 내부 검색 보강 항목이다. 코드명만으로 결론을 내리지 않고 실제 문서상 진단 경위, 검사, 치료기간, 약관상 담보를 함께 확인해야 한다.","사고 직후 증상 발생 여부;사고 전 동일 부위 또는 동일 질환 치료력;검사상 급성 소견 여부;시간적 근접성","기존 치료력;반복 진료 이력;퇴행성 또는 만성 변화;건강검진 이상소견","최근 3개월 내 진료 여부;정밀검사 여부;입원/수술/장기투약 여부;의사가 중대한 질환으로 설명했는지 여부","영구장해 여부;객관적 기능 제한;장해 고정 시점;기왕장해 기여도","입원 필요성은 증상 정도, 검사결과, 치료 내용, 관찰 필요성으로 검토 필요","수술 여부, 수술 목적, 수술기록지상 주요 소견 확인 필요","진료기록지;처방전;진료비 세부내역서;검사결과지 또는 판독지;의사 소견서","S13.9;S13;경추 염좌;근골격계 / 척추 / 관절;계약전 알릴의무 / 기왕증 / 상해성 여부 / 실손보험 / 후유장해;통증;저림;염좌;퇴행성 변화","medical_knowledge;terms_standards;fss_dispute_cases;legal_statutes;precedents;issue_playbooks","이 데이터는 의료 판단 확정용이 아니라 보험 실무상 쟁점 연결용 내부 보강 데이터다. 질병코드만으로 진단, 인과관계, 장해율, 고지의무 위반을 단정하지 말고 실제 진료내용, 검사결과, 치료기간, 약관을 확인해야 한다.","medical_issue_codes","internal_medical_issue_code","internal_review_required","needs_human_review"
"MIC061","M75.0","어깨 병변 관련 보험쟁점 61","M75","근골격계 / 척추 / 관절","계약전 알릴의무 / 기왕증 / 상해성 여부 / 실손보험 / 후유장해","실손의료비;입원비;통원비;수술비;후유장해","통증;저림;삐끗함;움직임 제한;일상생활 불편","염좌;퇴행성 변화;디스크;관절 손상;골절","X-ray;MRI;CT;신경학적 검사;관절운동범위 측정","급성 외상 소견 여부;퇴행성 변화 정도;신경학적 결손;관절 불안정성;운동범위 제한","어깨 병변 관련 보험쟁점 61은(는) 계약전 알릴의무 / 기왕증 / 상해성 여부 / 실손보험 / 후유장해와 연결될 수 있는 내부 검색 보강 항목이다. 코드명만으로 결론을 내리지 않고 실제 문서상 진단 경위, 검사, 치료기간, 약관상 담보를 함께 확인해야 한다.","사고 직후 증상 발생 여부;사고 전 동일 부위 또는 동일 질환 치료력;검사상 급성 소견 여부;시간적 근접성","기존 치료력;반복 진료 이력;퇴행성 또는 만성 변화;건강검진 이상소견","최근 3개월 내 진료 여부;정밀검사 여부;입원/수술/장기투약 여부;의사가 중대한 질환으로 설명했는지 여부","영구장해 여부;객관적 기능 제한;장해 고정 시점;기왕장해 기여도","입원 필요성은 증상 정도, 검사결과, 치료 내용, 관찰 필요성으로 검토 필요","수술 여부, 수술 목적, 수술기록지상 주요 소견 확인 필요","진료기록지;처방전;진료비 세부내역서;검사결과지 또는 판독지;의사 소견서","M75.0;M75;어깨 병변;근골격계 / 척추 / 관절;계약전 알릴의무 / 기왕증 / 상해성 여부 / 실손보험 / 후유장해;통증;저림;염좌;퇴행성 변화","medical_knowledge;terms_standards;fss_dispute_cases;legal_statutes;precedents;issue_playbooks","이 데이터는 의료 판단 확정용이 아니라 보험 실무상 쟁점 연결용 내부 보강 데이터다. 질병코드만으로 진단, 인과관계, 장해율, 고지의무 위반을 단정하지 말고 실제 진료내용, 검사결과, 치료기간, 약관을 확인해야 한다.","medical_issue_codes","internal_medical_issue_code","internal_review_required","needs_human_review"
"MIC062","S46.1","어깨/상완 손상 관련 보험쟁점 62","S46","근골격계 / 척추 / 관절","계약전 알릴의무 / 기왕증 / 상해성 여부 / 실손보험 / 후유장해","실손의료비;입원비;통원비;수술비;후유장해","통증;저림;삐끗함;움직임 제한;일상생활 불편","염좌;퇴행성 변화;디스크;관절 손상;골절","X-ray;MRI;CT;신경학적 검사;관절운동범위 측정","급성 외상 소견 여부;퇴행성 변화 정도;신경학적 결손;관절 불안정성;운동범위 제한","어깨/상완 손상 관련 보험쟁점 62은(는) 계약전 알릴의무 / 기왕증 / 상해성 여부 / 실손보험 / 후유장해와 연결될 수 있는 내부 검색 보강 항목이다. 코드명만으로 결론을 내리지 않고 실제 문서상 진단 경위, 검사, 치료기간, 약관상 담보를 함께 확인해야 한다.","사고 직후 증상 발생 여부;사고 전 동일 부위 또는 동일 질환 치료력;검사상 급성 소견 여부;시간적 근접성","기존 치료력;반복 진료 이력;퇴행성 또는 만성 변화;건강검진 이상소견","최근 3개월 내 진료 여부;정밀검사 여부;입원/수술/장기투약 여부;의사가 중대한 질환으로 설명했는지 여부","영구장해 여부;객관적 기능 제한;장해 고정 시점;기왕장해 기여도","입원 필요성은 증상 정도, 검사결과, 치료 내용, 관찰 필요성으로 검토 필요","수술 여부, 수술 목적, 수술기록지상 주요 소견 확인 필요","진료기록지;처방전;진료비 세부내역서;검사결과지 또는 판독지;의사 소견서","S46.1;S46;어깨/상완 손상;근골격계 / 척추 / 관절;계약전 알릴의무 / 기왕증 / 상해성 여부 / 실손보험 / 후유장해;통증;저림;염좌;퇴행성 변화","medical_knowledge;terms_standards;fss_dispute_cases;legal_statutes;precedents;issue_playbooks","이 데이터는 의료 판단 확정용이 아니라 보험 실무상 쟁점 연결용 내부 보강 데이터다. 질병코드만으로 진단, 인과관계, 장해율, 고지의무 위반을 단정하지 말고 실제 진료내용, 검사결과, 치료기간, 약관을 확인해야 한다.","medical_issue_codes","internal_medical_issue_code","internal_review_required","needs_human_review"
"MIC063","S83.2","무릎 인대/반월상연골 손상 관련 보험쟁점 63","S83","근골격계 / 척추 / 관절","계약전 알릴의무 / 기왕증 / 상해성 여부 / 실손보험 / 후유장해","실손의료비;입원비;통원비;수술비;후유장해","통증;저림;삐끗함;움직임 제한;일상생활 불편","염좌;퇴행성 변화;디스크;관절 손상;골절","X-ray;MRI;CT;신경학적 검사;관절운동범위 측정","급성 외상 소견 여부;퇴행성 변화 정도;신경학적 결손;관절 불안정성;운동범위 제한","무릎 인대/반월상연골 손상 관련 보험쟁점 63은(는) 계약전 알릴의무 / 기왕증 / 상해성 여부 / 실손보험 / 후유장해와 연결될 수 있는 내부 검색 보강 항목이다. 코드명만으로 결론을 내리지 않고 실제 문서상 진단 경위, 검사, 치료기간, 약관상 담보를 함께 확인해야 한다.","사고 직후 증상 발생 여부;사고 전 동일 부위 또는 동일 질환 치료력;검사상 급성 소견 여부;시간적 근접성","기존 치료력;반복 진료 이력;퇴행성 또는 만성 변화;건강검진 이상소견","최근 3개월 내 진료 여부;정밀검사 여부;입원/수술/장기투약 여부;의사가 중대한 질환으로 설명했는지 여부","영구장해 여부;객관적 기능 제한;장해 고정 시점;기왕장해 기여도","입원 필요성은 증상 정도, 검사결과, 치료 내용, 관찰 필요성으로 검토 필요","수술 여부, 수술 목적, 수술기록지상 주요 소견 확인 필요","진료기록지;처방전;진료비 세부내역서;검사결과지 또는 판독지;의사 소견서","S83.2;S83;무릎 인대/반월상연골 손상;근골격계 / 척추 / 관절;계약전 알릴의무 / 기왕증 / 상해성 여부 / 실손보험 / 후유장해;통증;저림;염좌;퇴행성 변화","medical_knowledge;terms_standards;fss_dispute_cases;legal_statutes;precedents;issue_playbooks","이 데이터는 의료 판단 확정용이 아니라 보험 실무상 쟁점 연결용 내부 보강 데이터다. 질병코드만으로 진단, 인과관계, 장해율, 고지의무 위반을 단정하지 말고 실제 진료내용, 검사결과, 치료기간, 약관을 확인해야 한다.","medical_issue_codes","internal_medical_issue_code","internal_review_required","needs_human_review"
"MIC064","M17.3","무릎관절증 관련 보험쟁점 64","M17","근골격계 / 척추 / 관절","계약전 알릴의무 / 기왕증 / 상해성 여부 / 실손보험 / 후유장해","실손의료비;입원비;통원비;수술비;후유장해","통증;저림;삐끗함;움직임 제한;일상생활 불편","염좌;퇴행성 변화;디스크;관절 손상;골절","X-ray;MRI;CT;신경학적 검사;관절운동범위 측정","급성 외상 소견 여부;퇴행성 변화 정도;신경학적 결손;관절 불안정성;운동범위 제한","무릎관절증 관련 보험쟁점 64은(는) 계약전 알릴의무 / 기왕증 / 상해성 여부 / 실손보험 / 후유장해와 연결될 수 있는 내부 검색 보강 항목이다. 코드명만으로 결론을 내리지 않고 실제 문서상 진단 경위, 검사, 치료기간, 약관상 담보를 함께 확인해야 한다.","사고 직후 증상 발생 여부;사고 전 동일 부위 또는 동일 질환 치료력;검사상 급성 소견 여부;시간적 근접성","기존 치료력;반복 진료 이력;퇴행성 또는 만성 변화;건강검진 이상소견","최근 3개월 내 진료 여부;정밀검사 여부;입원/수술/장기투약 여부;의사가 중대한 질환으로 설명했는지 여부","영구장해 여부;객관적 기능 제한;장해 고정 시점;기왕장해 기여도","입원 필요성은 증상 정도, 검사결과, 치료 내용, 관찰 필요성으로 검토 필요","수술 여부, 수술 목적, 수술기록지상 주요 소견 확인 필요","진료기록지;처방전;진료비 세부내역서;검사결과지 또는 판독지;의사 소견서","M17.3;M17;무릎관절증;근골격계 / 척추 / 관절;계약전 알릴의무 / 기왕증 / 상해성 여부 / 실손보험 / 후유장해;통증;저림;염좌;퇴행성 변화","medical_knowledge;terms_standards;fss_dispute_cases;legal_statutes;precedents;issue_playbooks","이 데이터는 의료 판단 확정용이 아니라 보험 실무상 쟁점 연결용 내부 보강 데이터다. 질병코드만으로 진단, 인과관계, 장해율, 고지의무 위반을 단정하지 말고 실제 진료내용, 검사결과, 치료기간, 약관을 확인해야 한다.","medical_issue_codes","internal_medical_issue_code","internal_review_required","needs_human_review"
"MIC065","S82.4","하퇴 골절 관련 보험쟁점 65","S82","근골격계 / 척추 / 관절","계약전 알릴의무 / 기왕증 / 상해성 여부 / 실손보험 / 후유장해","실손의료비;입원비;통원비;수술비;후유장해","통증;저림;삐끗함;움직임 제한;일상생활 불편","염좌;퇴행성 변화;디스크;관절 손상;골절","X-ray;MRI;CT;신경학적 검사;관절운동범위 측정","급성 외상 소견 여부;퇴행성 변화 정도;신경학적 결손;관절 불안정성;운동범위 제한","하퇴 골절 관련 보험쟁점 65은(는) 계약전 알릴의무 / 기왕증 / 상해성 여부 / 실손보험 / 후유장해와 연결될 수 있는 내부 검색 보강 항목이다. 코드명만으로 결론을 내리지 않고 실제 문서상 진단 경위, 검사, 치료기간, 약관상 담보를 함께 확인해야 한다.","사고 직후 증상 발생 여부;사고 전 동일 부위 또는 동일 질환 치료력;검사상 급성 소견 여부;시간적 근접성","기존 치료력;반복 진료 이력;퇴행성 또는 만성 변화;건강검진 이상소견","최근 3개월 내 진료 여부;정밀검사 여부;입원/수술/장기투약 여부;의사가 중대한 질환으로 설명했는지 여부","영구장해 여부;객관적 기능 제한;장해 고정 시점;기왕장해 기여도","입원 필요성은 증상 정도, 검사결과, 치료 내용, 관찰 필요성으로 검토 필요","수술 여부, 수술 목적, 수술기록지상 주요 소견 확인 필요","진료기록지;처방전;진료비 세부내역서;검사결과지 또는 판독지;의사 소견서","S82.4;S82;하퇴 골절;근골격계 / 척추 / 관절;계약전 알릴의무 / 기왕증 / 상해성 여부 / 실손보험 / 후유장해;통증;저림;염좌;퇴행성 변화","medical_knowledge;terms_standards;fss_dispute_cases;legal_statutes;precedents;issue_playbooks","이 데이터는 의료 판단 확정용이 아니라 보험 실무상 쟁점 연결용 내부 보강 데이터다. 질병코드만으로 진단, 인과관계, 장해율, 고지의무 위반을 단정하지 말고 실제 진료내용, 검사결과, 치료기간, 약관을 확인해야 한다.","medical_issue_codes","internal_medical_issue_code","internal_review_required","needs_human_review"
"MIC066","S52.5","전완 골절 관련 보험쟁점 66","S52","근골격계 / 척추 / 관절","계약전 알릴의무 / 기왕증 / 상해성 여부 / 실손보험 / 후유장해","실손의료비;입원비;통원비;수술비;후유장해","통증;저림;삐끗함;움직임 제한;일상생활 불편","염좌;퇴행성 변화;디스크;관절 손상;골절","X-ray;MRI;CT;신경학적 검사;관절운동범위 측정","급성 외상 소견 여부;퇴행성 변화 정도;신경학적 결손;관절 불안정성;운동범위 제한","전완 골절 관련 보험쟁점 66은(는) 계약전 알릴의무 / 기왕증 / 상해성 여부 / 실손보험 / 후유장해와 연결될 수 있는 내부 검색 보강 항목이다. 코드명만으로 결론을 내리지 않고 실제 문서상 진단 경위, 검사, 치료기간, 약관상 담보를 함께 확인해야 한다.","사고 직후 증상 발생 여부;사고 전 동일 부위 또는 동일 질환 치료력;검사상 급성 소견 여부;시간적 근접성","기존 치료력;반복 진료 이력;퇴행성 또는 만성 변화;건강검진 이상소견","최근 3개월 내 진료 여부;정밀검사 여부;입원/수술/장기투약 여부;의사가 중대한 질환으로 설명했는지 여부","영구장해 여부;객관적 기능 제한;장해 고정 시점;기왕장해 기여도","입원 필요성은 증상 정도, 검사결과, 치료 내용, 관찰 필요성으로 검토 필요","수술 여부, 수술 목적, 수술기록지상 주요 소견 확인 필요","진료기록지;처방전;진료비 세부내역서;검사결과지 또는 판독지;의사 소견서","S52.5;S52;전완 골절;근골격계 / 척추 / 관절;계약전 알릴의무 / 기왕증 / 상해성 여부 / 실손보험 / 후유장해;통증;저림;염좌;퇴행성 변화","medical_knowledge;terms_standards;fss_dispute_cases;legal_statutes;precedents;issue_playbooks","이 데이터는 의료 판단 확정용이 아니라 보험 실무상 쟁점 연결용 내부 보강 데이터다. 질병코드만으로 진단, 인과관계, 장해율, 고지의무 위반을 단정하지 말고 실제 진료내용, 검사결과, 치료기간, 약관을 확인해야 한다.","medical_issue_codes","internal_medical_issue_code","internal_review_required","needs_human_review"
"MIC067","S42.6","어깨/상완 골절 관련 보험쟁점 67","S42","근골격계 / 척추 / 관절","계약전 알릴의무 / 기왕증 / 상해성 여부 / 실손보험 / 후유장해","실손의료비;입원비;통원비;수술비;후유장해","통증;저림;삐끗함;움직임 제한;일상생활 불편","염좌;퇴행성 변화;디스크;관절 손상;골절","X-ray;MRI;CT;신경학적 검사;관절운동범위 측정","급성 외상 소견 여부;퇴행성 변화 정도;신경학적 결손;관절 불안정성;운동범위 제한","어깨/상완 골절 관련 보험쟁점 67은(는) 계약전 알릴의무 / 기왕증 / 상해성 여부 / 실손보험 / 후유장해와 연결될 수 있는 내부 검색 보강 항목이다. 코드명만으로 결론을 내리지 않고 실제 문서상 진단 경위, 검사, 치료기간, 약관상 담보를 함께 확인해야 한다.","사고 직후 증상 발생 여부;사고 전 동일 부위 또는 동일 질환 치료력;검사상 급성 소견 여부;시간적 근접성","기존 치료력;반복 진료 이력;퇴행성 또는 만성 변화;건강검진 이상소견","최근 3개월 내 진료 여부;정밀검사 여부;입원/수술/장기투약 여부;의사가 중대한 질환으로 설명했는지 여부","영구장해 여부;객관적 기능 제한;장해 고정 시점;기왕장해 기여도","입원 필요성은 증상 정도, 검사결과, 치료 내용, 관찰 필요성으로 검토 필요","수술 여부, 수술 목적, 수술기록지상 주요 소견 확인 필요","진료기록지;처방전;진료비 세부내역서;검사결과지 또는 판독지;의사 소견서","S42.6;S42;어깨/상완 골절;근골격계 / 척추 / 관절;계약전 알릴의무 / 기왕증 / 상해성 여부 / 실손보험 / 후유장해;통증;저림;염좌;퇴행성 변화","medical_knowledge;terms_standards;fss_dispute_cases;legal_statutes;precedents;issue_playbooks","이 데이터는 의료 판단 확정용이 아니라 보험 실무상 쟁점 연결용 내부 보강 데이터다. 질병코드만으로 진단, 인과관계, 장해율, 고지의무 위반을 단정하지 말고 실제 진료내용, 검사결과, 치료기간, 약관을 확인해야 한다.","medical_issue_codes","internal_medical_issue_code","internal_review_required","needs_human_review"
"MIC068","S32.7","요추/골반 골절 관련 보험쟁점 68","S32","근골격계 / 척추 / 관절","계약전 알릴의무 / 기왕증 / 상해성 여부 / 실손보험 / 후유장해","실손의료비;입원비;통원비;수술비;후유장해","통증;저림;삐끗함;움직임 제한;일상생활 불편","염좌;퇴행성 변화;디스크;관절 손상;골절","X-ray;MRI;CT;신경학적 검사;관절운동범위 측정","급성 외상 소견 여부;퇴행성 변화 정도;신경학적 결손;관절 불안정성;운동범위 제한","요추/골반 골절 관련 보험쟁점 68은(는) 계약전 알릴의무 / 기왕증 / 상해성 여부 / 실손보험 / 후유장해와 연결될 수 있는 내부 검색 보강 항목이다. 코드명만으로 결론을 내리지 않고 실제 문서상 진단 경위, 검사, 치료기간, 약관상 담보를 함께 확인해야 한다.","사고 직후 증상 발생 여부;사고 전 동일 부위 또는 동일 질환 치료력;검사상 급성 소견 여부;시간적 근접성","기존 치료력;반복 진료 이력;퇴행성 또는 만성 변화;건강검진 이상소견","최근 3개월 내 진료 여부;정밀검사 여부;입원/수술/장기투약 여부;의사가 중대한 질환으로 설명했는지 여부","영구장해 여부;객관적 기능 제한;장해 고정 시점;기왕장해 기여도","입원 필요성은 증상 정도, 검사결과, 치료 내용, 관찰 필요성으로 검토 필요","수술 여부, 수술 목적, 수술기록지상 주요 소견 확인 필요","진료기록지;처방전;진료비 세부내역서;검사결과지 또는 판독지;의사 소견서","S32.7;S32;요추/골반 골절;근골격계 / 척추 / 관절;계약전 알릴의무 / 기왕증 / 상해성 여부 / 실손보험 / 후유장해;통증;저림;염좌;퇴행성 변화","medical_knowledge;terms_standards;fss_dispute_cases;legal_statutes;precedents;issue_playbooks","이 데이터는 의료 판단 확정용이 아니라 보험 실무상 쟁점 연결용 내부 보강 데이터다. 질병코드만으로 진단, 인과관계, 장해율, 고지의무 위반을 단정하지 말고 실제 진료내용, 검사결과, 치료기간, 약관을 확인해야 한다.","medical_issue_codes","internal_medical_issue_code","internal_review_required","needs_human_review"
"MIC069","M16.8","고관절증 관련 보험쟁점 69","M16","근골격계 / 척추 / 관절","계약전 알릴의무 / 기왕증 / 상해성 여부 / 실손보험 / 후유장해","실손의료비;입원비;통원비;수술비;후유장해","통증;저림;삐끗함;움직임 제한;일상생활 불편","염좌;퇴행성 변화;디스크;관절 손상;골절","X-ray;MRI;CT;신경학적 검사;관절운동범위 측정","급성 외상 소견 여부;퇴행성 변화 정도;신경학적 결손;관절 불안정성;운동범위 제한","고관절증 관련 보험쟁점 69은(는) 계약전 알릴의무 / 기왕증 / 상해성 여부 / 실손보험 / 후유장해와 연결될 수 있는 내부 검색 보강 항목이다. 코드명만으로 결론을 내리지 않고 실제 문서상 진단 경위, 검사, 치료기간, 약관상 담보를 함께 확인해야 한다.","사고 직후 증상 발생 여부;사고 전 동일 부위 또는 동일 질환 치료력;검사상 급성 소견 여부;시간적 근접성","기존 치료력;반복 진료 이력;퇴행성 또는 만성 변화;건강검진 이상소견","최근 3개월 내 진료 여부;정밀검사 여부;입원/수술/장기투약 여부;의사가 중대한 질환으로 설명했는지 여부","영구장해 여부;객관적 기능 제한;장해 고정 시점;기왕장해 기여도","입원 필요성은 증상 정도, 검사결과, 치료 내용, 관찰 필요성으로 검토 필요","수술 여부, 수술 목적, 수술기록지상 주요 소견 확인 필요","진료기록지;처방전;진료비 세부내역서;검사결과지 또는 판독지;의사 소견서","M16.8;M16;고관절증;근골격계 / 척추 / 관절;계약전 알릴의무 / 기왕증 / 상해성 여부 / 실손보험 / 후유장해;통증;저림;염좌;퇴행성 변화","medical_knowledge;terms_standards;fss_dispute_cases;legal_statutes;precedents;issue_playbooks","이 데이터는 의료 판단 확정용이 아니라 보험 실무상 쟁점 연결용 내부 보강 데이터다. 질병코드만으로 진단, 인과관계, 장해율, 고지의무 위반을 단정하지 말고 실제 진료내용, 검사결과, 치료기간, 약관을 확인해야 한다.","medical_issue_codes","internal_medical_issue_code","internal_review_required","needs_human_review"
"MIC070","M19.9","기타 관절증 관련 보험쟁점 70","M19","근골격계 / 척추 / 관절","계약전 알릴의무 / 기왕증 / 상해성 여부 / 실손보험 / 후유장해","실손의료비;입원비;통원비;수술비;후유장해","통증;저림;삐끗함;움직임 제한;일상생활 불편","염좌;퇴행성 변화;디스크;관절 손상;골절","X-ray;MRI;CT;신경학적 검사;관절운동범위 측정","급성 외상 소견 여부;퇴행성 변화 정도;신경학적 결손;관절 불안정성;운동범위 제한","기타 관절증 관련 보험쟁점 70은(는) 계약전 알릴의무 / 기왕증 / 상해성 여부 / 실손보험 / 후유장해와 연결될 수 있는 내부 검색 보강 항목이다. 코드명만으로 결론을 내리지 않고 실제 문서상 진단 경위, 검사, 치료기간, 약관상 담보를 함께 확인해야 한다.","사고 직후 증상 발생 여부;사고 전 동일 부위 또는 동일 질환 치료력;검사상 급성 소견 여부;시간적 근접성","기존 치료력;반복 진료 이력;퇴행성 또는 만성 변화;건강검진 이상소견","최근 3개월 내 진료 여부;정밀검사 여부;입원/수술/장기투약 여부;의사가 중대한 질환으로 설명했는지 여부","영구장해 여부;객관적 기능 제한;장해 고정 시점;기왕장해 기여도","입원 필요성은 증상 정도, 검사결과, 치료 내용, 관찰 필요성으로 검토 필요","수술 여부, 수술 목적, 수술기록지상 주요 소견 확인 필요","진료기록지;처방전;진료비 세부내역서;검사결과지 또는 판독지;의사 소견서","M19.9;M19;기타 관절증;근골격계 / 척추 / 관절;계약전 알릴의무 / 기왕증 / 상해성 여부 / 실손보험 / 후유장해;통증;저림;염좌;퇴행성 변화","medical_knowledge;terms_standards;fss_dispute_cases;legal_statutes;precedents;issue_playbooks","이 데이터는 의료 판단 확정용이 아니라 보험 실무상 쟁점 연결용 내부 보강 데이터다. 질병코드만으로 진단, 인과관계, 장해율, 고지의무 위반을 단정하지 말고 실제 진료내용, 검사결과, 치료기간, 약관을 확인해야 한다.","medical_issue_codes","internal_medical_issue_code","internal_review_required","needs_human_review"
"MIC071","M50.0","경추간판장애 관련 보험쟁점 71","M50","근골격계 / 척추 / 관절","계약전 알릴의무 / 기왕증 / 상해성 여부 / 실손보험 / 후유장해","실손의료비;입원비;통원비;수술비;후유장해","통증;저림;삐끗함;움직임 제한;일상생활 불편","염좌;퇴행성 변화;디스크;관절 손상;골절","X-ray;MRI;CT;신경학적 검사;관절운동범위 측정","급성 외상 소견 여부;퇴행성 변화 정도;신경학적 결손;관절 불안정성;운동범위 제한","경추간판장애 관련 보험쟁점 71은(는) 계약전 알릴의무 / 기왕증 / 상해성 여부 / 실손보험 / 후유장해와 연결될 수 있는 내부 검색 보강 항목이다. 코드명만으로 결론을 내리지 않고 실제 문서상 진단 경위, 검사, 치료기간, 약관상 담보를 함께 확인해야 한다.","사고 직후 증상 발생 여부;사고 전 동일 부위 또는 동일 질환 치료력;검사상 급성 소견 여부;시간적 근접성","기존 치료력;반복 진료 이력;퇴행성 또는 만성 변화;건강검진 이상소견","최근 3개월 내 진료 여부;정밀검사 여부;입원/수술/장기투약 여부;의사가 중대한 질환으로 설명했는지 여부","영구장해 여부;객관적 기능 제한;장해 고정 시점;기왕장해 기여도","입원 필요성은 증상 정도, 검사결과, 치료 내용, 관찰 필요성으로 검토 필요","수술 여부, 수술 목적, 수술기록지상 주요 소견 확인 필요","진료기록지;처방전;진료비 세부내역서;검사결과지 또는 판독지;의사 소견서","M50.0;M50;경추간판장애;근골격계 / 척추 / 관절;계약전 알릴의무 / 기왕증 / 상해성 여부 / 실손보험 / 후유장해;통증;저림;염좌;퇴행성 변화","medical_knowledge;terms_standards;fss_dispute_cases;legal_statutes;precedents;issue_playbooks","이 데이터는 의료 판단 확정용이 아니라 보험 실무상 쟁점 연결용 내부 보강 데이터다. 질병코드만으로 진단, 인과관계, 장해율, 고지의무 위반을 단정하지 말고 실제 진료내용, 검사결과, 치료기간, 약관을 확인해야 한다.","medical_issue_codes","internal_medical_issue_code","internal_review_required","needs_human_review"
"MIC072","M65.1","윤활막염/힘줄윤활막염 관련 보험쟁점 72","M65","근골격계 / 척추 / 관절","계약전 알릴의무 / 기왕증 / 상해성 여부 / 실손보험 / 후유장해","실손의료비;입원비;통원비;수술비;후유장해","통증;저림;삐끗함;움직임 제한;일상생활 불편","염좌;퇴행성 변화;디스크;관절 손상;골절","X-ray;MRI;CT;신경학적 검사;관절운동범위 측정","급성 외상 소견 여부;퇴행성 변화 정도;신경학적 결손;관절 불안정성;운동범위 제한","윤활막염/힘줄윤활막염 관련 보험쟁점 72은(는) 계약전 알릴의무 / 기왕증 / 상해성 여부 / 실손보험 / 후유장해와 연결될 수 있는 내부 검색 보강 항목이다. 코드명만으로 결론을 내리지 않고 실제 문서상 진단 경위, 검사, 치료기간, 약관상 담보를 함께 확인해야 한다.","사고 직후 증상 발생 여부;사고 전 동일 부위 또는 동일 질환 치료력;검사상 급성 소견 여부;시간적 근접성","기존 치료력;반복 진료 이력;퇴행성 또는 만성 변화;건강검진 이상소견","최근 3개월 내 진료 여부;정밀검사 여부;입원/수술/장기투약 여부;의사가 중대한 질환으로 설명했는지 여부","영구장해 여부;객관적 기능 제한;장해 고정 시점;기왕장해 기여도","입원 필요성은 증상 정도, 검사결과, 치료 내용, 관찰 필요성으로 검토 필요","수술 여부, 수술 목적, 수술기록지상 주요 소견 확인 필요","진료기록지;처방전;진료비 세부내역서;검사결과지 또는 판독지;의사 소견서","M65.1;M65;윤활막염/힘줄윤활막염;근골격계 / 척추 / 관절;계약전 알릴의무 / 기왕증 / 상해성 여부 / 실손보험 / 후유장해;통증;저림;염좌;퇴행성 변화","medical_knowledge;terms_standards;fss_dispute_cases;legal_statutes;precedents;issue_playbooks","이 데이터는 의료 판단 확정용이 아니라 보험 실무상 쟁점 연결용 내부 보강 데이터다. 질병코드만으로 진단, 인과관계, 장해율, 고지의무 위반을 단정하지 말고 실제 진료내용, 검사결과, 치료기간, 약관을 확인해야 한다.","medical_issue_codes","internal_medical_issue_code","internal_review_required","needs_human_review"
"MIC073","M47.2","척추증 관련 보험쟁점 73","M47","근골격계 / 척추 / 관절","계약전 알릴의무 / 기왕증 / 상해성 여부 / 실손보험 / 후유장해","실손의료비;입원비;통원비;수술비;후유장해","통증;저림;삐끗함;움직임 제한;일상생활 불편","염좌;퇴행성 변화;디스크;관절 손상;골절","X-ray;MRI;CT;신경학적 검사;관절운동범위 측정","급성 외상 소견 여부;퇴행성 변화 정도;신경학적 결손;관절 불안정성;운동범위 제한","척추증 관련 보험쟁점 73은(는) 계약전 알릴의무 / 기왕증 / 상해성 여부 / 실손보험 / 후유장해와 연결될 수 있는 내부 검색 보강 항목이다. 코드명만으로 결론을 내리지 않고 실제 문서상 진단 경위, 검사, 치료기간, 약관상 담보를 함께 확인해야 한다.","사고 직후 증상 발생 여부;사고 전 동일 부위 또는 동일 질환 치료력;검사상 급성 소견 여부;시간적 근접성","기존 치료력;반복 진료 이력;퇴행성 또는 만성 변화;건강검진 이상소견","최근 3개월 내 진료 여부;정밀검사 여부;입원/수술/장기투약 여부;의사가 중대한 질환으로 설명했는지 여부","영구장해 여부;객관적 기능 제한;장해 고정 시점;기왕장해 기여도","입원 필요성은 증상 정도, 검사결과, 치료 내용, 관찰 필요성으로 검토 필요","수술 여부, 수술 목적, 수술기록지상 주요 소견 확인 필요","진료기록지;처방전;진료비 세부내역서;검사결과지 또는 판독지;의사 소견서","M47.2;M47;척추증;근골격계 / 척추 / 관절;계약전 알릴의무 / 기왕증 / 상해성 여부 / 실손보험 / 후유장해;통증;저림;염좌;퇴행성 변화","medical_knowledge;terms_standards;fss_dispute_cases;legal_statutes;precedents;issue_playbooks","이 데이터는 의료 판단 확정용이 아니라 보험 실무상 쟁점 연결용 내부 보강 데이터다. 질병코드만으로 진단, 인과관계, 장해율, 고지의무 위반을 단정하지 말고 실제 진료내용, 검사결과, 치료기간, 약관을 확인해야 한다.","medical_issue_codes","internal_medical_issue_code","internal_review_required","needs_human_review"
"MIC074","M51.3","추간판장애 관련 보험쟁점 74","M51","근골격계 / 척추 / 관절","계약전 알릴의무 / 기왕증 / 상해성 여부 / 실손보험 / 후유장해","실손의료비;입원비;통원비;수술비;후유장해","통증;저림;삐끗함;움직임 제한;일상생활 불편","염좌;퇴행성 변화;디스크;관절 손상;골절","X-ray;MRI;CT;신경학적 검사;관절운동범위 측정","급성 외상 소견 여부;퇴행성 변화 정도;신경학적 결손;관절 불안정성;운동범위 제한","추간판장애 관련 보험쟁점 74은(는) 계약전 알릴의무 / 기왕증 / 상해성 여부 / 실손보험 / 후유장해와 연결될 수 있는 내부 검색 보강 항목이다. 코드명만으로 결론을 내리지 않고 실제 문서상 진단 경위, 검사, 치료기간, 약관상 담보를 함께 확인해야 한다.","사고 직후 증상 발생 여부;사고 전 동일 부위 또는 동일 질환 치료력;검사상 급성 소견 여부;시간적 근접성","기존 치료력;반복 진료 이력;퇴행성 또는 만성 변화;건강검진 이상소견","최근 3개월 내 진료 여부;정밀검사 여부;입원/수술/장기투약 여부;의사가 중대한 질환으로 설명했는지 여부","영구장해 여부;객관적 기능 제한;장해 고정 시점;기왕장해 기여도","입원 필요성은 증상 정도, 검사결과, 치료 내용, 관찰 필요성으로 검토 필요","수술 여부, 수술 목적, 수술기록지상 주요 소견 확인 필요","진료기록지;처방전;진료비 세부내역서;검사결과지 또는 판독지;의사 소견서","M51.3;M51;추간판장애;근골격계 / 척추 / 관절;계약전 알릴의무 / 기왕증 / 상해성 여부 / 실손보험 / 후유장해;통증;저림;염좌;퇴행성 변화","medical_knowledge;terms_standards;fss_dispute_cases;legal_statutes;precedents;issue_playbooks","이 데이터는 의료 판단 확정용이 아니라 보험 실무상 쟁점 연결용 내부 보강 데이터다. 질병코드만으로 진단, 인과관계, 장해율, 고지의무 위반을 단정하지 말고 실제 진료내용, 검사결과, 치료기간, 약관을 확인해야 한다.","medical_issue_codes","internal_medical_issue_code","internal_review_required","needs_human_review"
"MIC075","M54.4","요통 관련 보험쟁점 75","M54","근골격계 / 척추 / 관절","계약전 알릴의무 / 기왕증 / 상해성 여부 / 실손보험 / 후유장해","실손의료비;입원비;통원비;수술비;후유장해","통증;저림;삐끗함;움직임 제한;일상생활 불편","염좌;퇴행성 변화;디스크;관절 손상;골절","X-ray;MRI;CT;신경학적 검사;관절운동범위 측정","급성 외상 소견 여부;퇴행성 변화 정도;신경학적 결손;관절 불안정성;운동범위 제한","요통 관련 보험쟁점 75은(는) 계약전 알릴의무 / 기왕증 / 상해성 여부 / 실손보험 / 후유장해와 연결될 수 있는 내부 검색 보강 항목이다. 코드명만으로 결론을 내리지 않고 실제 문서상 진단 경위, 검사, 치료기간, 약관상 담보를 함께 확인해야 한다.","사고 직후 증상 발생 여부;사고 전 동일 부위 또는 동일 질환 치료력;검사상 급성 소견 여부;시간적 근접성","기존 치료력;반복 진료 이력;퇴행성 또는 만성 변화;건강검진 이상소견","최근 3개월 내 진료 여부;정밀검사 여부;입원/수술/장기투약 여부;의사가 중대한 질환으로 설명했는지 여부","영구장해 여부;객관적 기능 제한;장해 고정 시점;기왕장해 기여도","입원 필요성은 증상 정도, 검사결과, 치료 내용, 관찰 필요성으로 검토 필요","수술 여부, 수술 목적, 수술기록지상 주요 소견 확인 필요","진료기록지;처방전;진료비 세부내역서;검사결과지 또는 판독지;의사 소견서","M54.4;M54;요통;근골격계 / 척추 / 관절;계약전 알릴의무 / 기왕증 / 상해성 여부 / 실손보험 / 후유장해;통증;저림;염좌;퇴행성 변화","medical_knowledge;terms_standards;fss_dispute_cases;legal_statutes;precedents;issue_playbooks","이 데이터는 의료 판단 확정용이 아니라 보험 실무상 쟁점 연결용 내부 보강 데이터다. 질병코드만으로 진단, 인과관계, 장해율, 고지의무 위반을 단정하지 말고 실제 진료내용, 검사결과, 치료기간, 약관을 확인해야 한다.","medical_issue_codes","internal_medical_issue_code","internal_review_required","needs_human_review"
"MIC076","M48.5","척추협착 관련 보험쟁점 76","M48","근골격계 / 척추 / 관절","계약전 알릴의무 / 기왕증 / 상해성 여부 / 실손보험 / 후유장해","실손의료비;입원비;통원비;수술비;후유장해","통증;저림;삐끗함;움직임 제한;일상생활 불편","염좌;퇴행성 변화;디스크;관절 손상;골절","X-ray;MRI;CT;신경학적 검사;관절운동범위 측정","급성 외상 소견 여부;퇴행성 변화 정도;신경학적 결손;관절 불안정성;운동범위 제한","척추협착 관련 보험쟁점 76은(는) 계약전 알릴의무 / 기왕증 / 상해성 여부 / 실손보험 / 후유장해와 연결될 수 있는 내부 검색 보강 항목이다. 코드명만으로 결론을 내리지 않고 실제 문서상 진단 경위, 검사, 치료기간, 약관상 담보를 함께 확인해야 한다.","사고 직후 증상 발생 여부;사고 전 동일 부위 또는 동일 질환 치료력;검사상 급성 소견 여부;시간적 근접성","기존 치료력;반복 진료 이력;퇴행성 또는 만성 변화;건강검진 이상소견","최근 3개월 내 진료 여부;정밀검사 여부;입원/수술/장기투약 여부;의사가 중대한 질환으로 설명했는지 여부","영구장해 여부;객관적 기능 제한;장해 고정 시점;기왕장해 기여도","입원 필요성은 증상 정도, 검사결과, 치료 내용, 관찰 필요성으로 검토 필요","수술 여부, 수술 목적, 수술기록지상 주요 소견 확인 필요","진료기록지;처방전;진료비 세부내역서;검사결과지 또는 판독지;의사 소견서","M48.5;M48;척추협착;근골격계 / 척추 / 관절;계약전 알릴의무 / 기왕증 / 상해성 여부 / 실손보험 / 후유장해;통증;저림;염좌;퇴행성 변화","medical_knowledge;terms_standards;fss_dispute_cases;legal_statutes;precedents;issue_playbooks","이 데이터는 의료 판단 확정용이 아니라 보험 실무상 쟁점 연결용 내부 보강 데이터다. 질병코드만으로 진단, 인과관계, 장해율, 고지의무 위반을 단정하지 말고 실제 진료내용, 검사결과, 치료기간, 약관을 확인해야 한다.","medical_issue_codes","internal_medical_issue_code","internal_review_required","needs_human_review"
"MIC077","S33.6","요추 염좌 관련 보험쟁점 77","S33","근골격계 / 척추 / 관절","계약전 알릴의무 / 기왕증 / 상해성 여부 / 실손보험 / 후유장해","실손의료비;입원비;통원비;수술비;후유장해","통증;저림;삐끗함;움직임 제한;일상생활 불편","염좌;퇴행성 변화;디스크;관절 손상;골절","X-ray;MRI;CT;신경학적 검사;관절운동범위 측정","급성 외상 소견 여부;퇴행성 변화 정도;신경학적 결손;관절 불안정성;운동범위 제한","요추 염좌 관련 보험쟁점 77은(는) 계약전 알릴의무 / 기왕증 / 상해성 여부 / 실손보험 / 후유장해와 연결될 수 있는 내부 검색 보강 항목이다. 코드명만으로 결론을 내리지 않고 실제 문서상 진단 경위, 검사, 치료기간, 약관상 담보를 함께 확인해야 한다.","사고 직후 증상 발생 여부;사고 전 동일 부위 또는 동일 질환 치료력;검사상 급성 소견 여부;시간적 근접성","기존 치료력;반복 진료 이력;퇴행성 또는 만성 변화;건강검진 이상소견","최근 3개월 내 진료 여부;정밀검사 여부;입원/수술/장기투약 여부;의사가 중대한 질환으로 설명했는지 여부","영구장해 여부;객관적 기능 제한;장해 고정 시점;기왕장해 기여도","입원 필요성은 증상 정도, 검사결과, 치료 내용, 관찰 필요성으로 검토 필요","수술 여부, 수술 목적, 수술기록지상 주요 소견 확인 필요","진료기록지;처방전;진료비 세부내역서;검사결과지 또는 판독지;의사 소견서","S33.6;S33;요추 염좌;근골격계 / 척추 / 관절;계약전 알릴의무 / 기왕증 / 상해성 여부 / 실손보험 / 후유장해;통증;저림;염좌;퇴행성 변화","medical_knowledge;terms_standards;fss_dispute_cases;legal_statutes;precedents;issue_playbooks","이 데이터는 의료 판단 확정용이 아니라 보험 실무상 쟁점 연결용 내부 보강 데이터다. 질병코드만으로 진단, 인과관계, 장해율, 고지의무 위반을 단정하지 말고 실제 진료내용, 검사결과, 치료기간, 약관을 확인해야 한다.","medical_issue_codes","internal_medical_issue_code","internal_review_required","needs_human_review"
"MIC078","S13.7","경추 염좌 관련 보험쟁점 78","S13","근골격계 / 척추 / 관절","계약전 알릴의무 / 기왕증 / 상해성 여부 / 실손보험 / 후유장해","실손의료비;입원비;통원비;수술비;후유장해","통증;저림;삐끗함;움직임 제한;일상생활 불편","염좌;퇴행성 변화;디스크;관절 손상;골절","X-ray;MRI;CT;신경학적 검사;관절운동범위 측정","급성 외상 소견 여부;퇴행성 변화 정도;신경학적 결손;관절 불안정성;운동범위 제한","경추 염좌 관련 보험쟁점 78은(는) 계약전 알릴의무 / 기왕증 / 상해성 여부 / 실손보험 / 후유장해와 연결될 수 있는 내부 검색 보강 항목이다. 코드명만으로 결론을 내리지 않고 실제 문서상 진단 경위, 검사, 치료기간, 약관상 담보를 함께 확인해야 한다.","사고 직후 증상 발생 여부;사고 전 동일 부위 또는 동일 질환 치료력;검사상 급성 소견 여부;시간적 근접성","기존 치료력;반복 진료 이력;퇴행성 또는 만성 변화;건강검진 이상소견","최근 3개월 내 진료 여부;정밀검사 여부;입원/수술/장기투약 여부;의사가 중대한 질환으로 설명했는지 여부","영구장해 여부;객관적 기능 제한;장해 고정 시점;기왕장해 기여도","입원 필요성은 증상 정도, 검사결과, 치료 내용, 관찰 필요성으로 검토 필요","수술 여부, 수술 목적, 수술기록지상 주요 소견 확인 필요","진료기록지;처방전;진료비 세부내역서;검사결과지 또는 판독지;의사 소견서","S13.7;S13;경추 염좌;근골격계 / 척추 / 관절;계약전 알릴의무 / 기왕증 / 상해성 여부 / 실손보험 / 후유장해;통증;저림;염좌;퇴행성 변화","medical_knowledge;terms_standards;fss_dispute_cases;legal_statutes;precedents;issue_playbooks","이 데이터는 의료 판단 확정용이 아니라 보험 실무상 쟁점 연결용 내부 보강 데이터다. 질병코드만으로 진단, 인과관계, 장해율, 고지의무 위반을 단정하지 말고 실제 진료내용, 검사결과, 치료기간, 약관을 확인해야 한다.","medical_issue_codes","internal_medical_issue_code","internal_review_required","needs_human_review"
"MIC079","M75.8","어깨 병변 관련 보험쟁점 79","M75","근골격계 / 척추 / 관절","계약전 알릴의무 / 기왕증 / 상해성 여부 / 실손보험 / 후유장해","실손의료비;입원비;통원비;수술비;후유장해","통증;저림;삐끗함;움직임 제한;일상생활 불편","염좌;퇴행성 변화;디스크;관절 손상;골절","X-ray;MRI;CT;신경학적 검사;관절운동범위 측정","급성 외상 소견 여부;퇴행성 변화 정도;신경학적 결손;관절 불안정성;운동범위 제한","어깨 병변 관련 보험쟁점 79은(는) 계약전 알릴의무 / 기왕증 / 상해성 여부 / 실손보험 / 후유장해와 연결될 수 있는 내부 검색 보강 항목이다. 코드명만으로 결론을 내리지 않고 실제 문서상 진단 경위, 검사, 치료기간, 약관상 담보를 함께 확인해야 한다.","사고 직후 증상 발생 여부;사고 전 동일 부위 또는 동일 질환 치료력;검사상 급성 소견 여부;시간적 근접성","기존 치료력;반복 진료 이력;퇴행성 또는 만성 변화;건강검진 이상소견","최근 3개월 내 진료 여부;정밀검사 여부;입원/수술/장기투약 여부;의사가 중대한 질환으로 설명했는지 여부","영구장해 여부;객관적 기능 제한;장해 고정 시점;기왕장해 기여도","입원 필요성은 증상 정도, 검사결과, 치료 내용, 관찰 필요성으로 검토 필요","수술 여부, 수술 목적, 수술기록지상 주요 소견 확인 필요","진료기록지;처방전;진료비 세부내역서;검사결과지 또는 판독지;의사 소견서","M75.8;M75;어깨 병변;근골격계 / 척추 / 관절;계약전 알릴의무 / 기왕증 / 상해성 여부 / 실손보험 / 후유장해;통증;저림;염좌;퇴행성 변화","medical_knowledge;terms_standards;fss_dispute_cases;legal_statutes;precedents;issue_playbooks","이 데이터는 의료 판단 확정용이 아니라 보험 실무상 쟁점 연결용 내부 보강 데이터다. 질병코드만으로 진단, 인과관계, 장해율, 고지의무 위반을 단정하지 말고 실제 진료내용, 검사결과, 치료기간, 약관을 확인해야 한다.","medical_issue_codes","internal_medical_issue_code","internal_review_required","needs_human_review"
"MIC080","S46.9","어깨/상완 손상 관련 보험쟁점 80","S46","근골격계 / 척추 / 관절","계약전 알릴의무 / 기왕증 / 상해성 여부 / 실손보험 / 후유장해","실손의료비;입원비;통원비;수술비;후유장해","통증;저림;삐끗함;움직임 제한;일상생활 불편","염좌;퇴행성 변화;디스크;관절 손상;골절","X-ray;MRI;CT;신경학적 검사;관절운동범위 측정","급성 외상 소견 여부;퇴행성 변화 정도;신경학적 결손;관절 불안정성;운동범위 제한","어깨/상완 손상 관련 보험쟁점 80은(는) 계약전 알릴의무 / 기왕증 / 상해성 여부 / 실손보험 / 후유장해와 연결될 수 있는 내부 검색 보강 항목이다. 코드명만으로 결론을 내리지 않고 실제 문서상 진단 경위, 검사, 치료기간, 약관상 담보를 함께 확인해야 한다.","사고 직후 증상 발생 여부;사고 전 동일 부위 또는 동일 질환 치료력;검사상 급성 소견 여부;시간적 근접성","기존 치료력;반복 진료 이력;퇴행성 또는 만성 변화;건강검진 이상소견","최근 3개월 내 진료 여부;정밀검사 여부;입원/수술/장기투약 여부;의사가 중대한 질환으로 설명했는지 여부","영구장해 여부;객관적 기능 제한;장해 고정 시점;기왕장해 기여도","입원 필요성은 증상 정도, 검사결과, 치료 내용, 관찰 필요성으로 검토 필요","수술 여부, 수술 목적, 수술기록지상 주요 소견 확인 필요","진료기록지;처방전;진료비 세부내역서;검사결과지 또는 판독지;의사 소견서","S46.9;S46;어깨/상완 손상;근골격계 / 척추 / 관절;계약전 알릴의무 / 기왕증 / 상해성 여부 / 실손보험 / 후유장해;통증;저림;염좌;퇴행성 변화","medical_knowledge;terms_standards;fss_dispute_cases;legal_statutes;precedents;issue_playbooks","이 데이터는 의료 판단 확정용이 아니라 보험 실무상 쟁점 연결용 내부 보강 데이터다. 질병코드만으로 진단, 인과관계, 장해율, 고지의무 위반을 단정하지 말고 실제 진료내용, 검사결과, 치료기간, 약관을 확인해야 한다.","medical_issue_codes","internal_medical_issue_code","internal_review_required","needs_human_review"
"MIC081","S83.0","무릎 인대/반월상연골 손상 관련 보험쟁점 81","S83","근골격계 / 척추 / 관절","계약전 알릴의무 / 기왕증 / 상해성 여부 / 실손보험 / 후유장해","실손의료비;입원비;통원비;수술비;후유장해","통증;저림;삐끗함;움직임 제한;일상생활 불편","염좌;퇴행성 변화;디스크;관절 손상;골절","X-ray;MRI;CT;신경학적 검사;관절운동범위 측정","급성 외상 소견 여부;퇴행성 변화 정도;신경학적 결손;관절 불안정성;운동범위 제한","무릎 인대/반월상연골 손상 관련 보험쟁점 81은(는) 계약전 알릴의무 / 기왕증 / 상해성 여부 / 실손보험 / 후유장해와 연결될 수 있는 내부 검색 보강 항목이다. 코드명만으로 결론을 내리지 않고 실제 문서상 진단 경위, 검사, 치료기간, 약관상 담보를 함께 확인해야 한다.","사고 직후 증상 발생 여부;사고 전 동일 부위 또는 동일 질환 치료력;검사상 급성 소견 여부;시간적 근접성","기존 치료력;반복 진료 이력;퇴행성 또는 만성 변화;건강검진 이상소견","최근 3개월 내 진료 여부;정밀검사 여부;입원/수술/장기투약 여부;의사가 중대한 질환으로 설명했는지 여부","영구장해 여부;객관적 기능 제한;장해 고정 시점;기왕장해 기여도","입원 필요성은 증상 정도, 검사결과, 치료 내용, 관찰 필요성으로 검토 필요","수술 여부, 수술 목적, 수술기록지상 주요 소견 확인 필요","진료기록지;처방전;진료비 세부내역서;검사결과지 또는 판독지;의사 소견서","S83.0;S83;무릎 인대/반월상연골 손상;근골격계 / 척추 / 관절;계약전 알릴의무 / 기왕증 / 상해성 여부 / 실손보험 / 후유장해;통증;저림;염좌;퇴행성 변화","medical_knowledge;terms_standards;fss_dispute_cases;legal_statutes;precedents;issue_playbooks","이 데이터는 의료 판단 확정용이 아니라 보험 실무상 쟁점 연결용 내부 보강 데이터다. 질병코드만으로 진단, 인과관계, 장해율, 고지의무 위반을 단정하지 말고 실제 진료내용, 검사결과, 치료기간, 약관을 확인해야 한다.","medical_issue_codes","internal_medical_issue_code","internal_review_required","needs_human_review"
"MIC082","M17.1","무릎관절증 관련 보험쟁점 82","M17","근골격계 / 척추 / 관절","계약전 알릴의무 / 기왕증 / 상해성 여부 / 실손보험 / 후유장해","실손의료비;입원비;통원비;수술비;후유장해","통증;저림;삐끗함;움직임 제한;일상생활 불편","염좌;퇴행성 변화;디스크;관절 손상;골절","X-ray;MRI;CT;신경학적 검사;관절운동범위 측정","급성 외상 소견 여부;퇴행성 변화 정도;신경학적 결손;관절 불안정성;운동범위 제한","무릎관절증 관련 보험쟁점 82은(는) 계약전 알릴의무 / 기왕증 / 상해성 여부 / 실손보험 / 후유장해와 연결될 수 있는 내부 검색 보강 항목이다. 코드명만으로 결론을 내리지 않고 실제 문서상 진단 경위, 검사, 치료기간, 약관상 담보를 함께 확인해야 한다.","사고 직후 증상 발생 여부;사고 전 동일 부위 또는 동일 질환 치료력;검사상 급성 소견 여부;시간적 근접성","기존 치료력;반복 진료 이력;퇴행성 또는 만성 변화;건강검진 이상소견","최근 3개월 내 진료 여부;정밀검사 여부;입원/수술/장기투약 여부;의사가 중대한 질환으로 설명했는지 여부","영구장해 여부;객관적 기능 제한;장해 고정 시점;기왕장해 기여도","입원 필요성은 증상 정도, 검사결과, 치료 내용, 관찰 필요성으로 검토 필요","수술 여부, 수술 목적, 수술기록지상 주요 소견 확인 필요","진료기록지;처방전;진료비 세부내역서;검사결과지 또는 판독지;의사 소견서","M17.1;M17;무릎관절증;근골격계 / 척추 / 관절;계약전 알릴의무 / 기왕증 / 상해성 여부 / 실손보험 / 후유장해;통증;저림;염좌;퇴행성 변화","medical_knowledge;terms_standards;fss_dispute_cases;legal_statutes;precedents;issue_playbooks","이 데이터는 의료 판단 확정용이 아니라 보험 실무상 쟁점 연결용 내부 보강 데이터다. 질병코드만으로 진단, 인과관계, 장해율, 고지의무 위반을 단정하지 말고 실제 진료내용, 검사결과, 치료기간, 약관을 확인해야 한다.","medical_issue_codes","internal_medical_issue_code","internal_review_required","needs_human_review"
"MIC083","S82.2","하퇴 골절 관련 보험쟁점 83","S82","근골격계 / 척추 / 관절","계약전 알릴의무 / 기왕증 / 상해성 여부 / 실손보험 / 후유장해","실손의료비;입원비;통원비;수술비;후유장해","통증;저림;삐끗함;움직임 제한;일상생활 불편","염좌;퇴행성 변화;디스크;관절 손상;골절","X-ray;MRI;CT;신경학적 검사;관절운동범위 측정","급성 외상 소견 여부;퇴행성 변화 정도;신경학적 결손;관절 불안정성;운동범위 제한","하퇴 골절 관련 보험쟁점 83은(는) 계약전 알릴의무 / 기왕증 / 상해성 여부 / 실손보험 / 후유장해와 연결될 수 있는 내부 검색 보강 항목이다. 코드명만으로 결론을 내리지 않고 실제 문서상 진단 경위, 검사, 치료기간, 약관상 담보를 함께 확인해야 한다.","사고 직후 증상 발생 여부;사고 전 동일 부위 또는 동일 질환 치료력;검사상 급성 소견 여부;시간적 근접성","기존 치료력;반복 진료 이력;퇴행성 또는 만성 변화;건강검진 이상소견","최근 3개월 내 진료 여부;정밀검사 여부;입원/수술/장기투약 여부;의사가 중대한 질환으로 설명했는지 여부","영구장해 여부;객관적 기능 제한;장해 고정 시점;기왕장해 기여도","입원 필요성은 증상 정도, 검사결과, 치료 내용, 관찰 필요성으로 검토 필요","수술 여부, 수술 목적, 수술기록지상 주요 소견 확인 필요","진료기록지;처방전;진료비 세부내역서;검사결과지 또는 판독지;의사 소견서","S82.2;S82;하퇴 골절;근골격계 / 척추 / 관절;계약전 알릴의무 / 기왕증 / 상해성 여부 / 실손보험 / 후유장해;통증;저림;염좌;퇴행성 변화","medical_knowledge;terms_standards;fss_dispute_cases;legal_statutes;precedents;issue_playbooks","이 데이터는 의료 판단 확정용이 아니라 보험 실무상 쟁점 연결용 내부 보강 데이터다. 질병코드만으로 진단, 인과관계, 장해율, 고지의무 위반을 단정하지 말고 실제 진료내용, 검사결과, 치료기간, 약관을 확인해야 한다.","medical_issue_codes","internal_medical_issue_code","internal_review_required","needs_human_review"
"MIC084","S52.3","전완 골절 관련 보험쟁점 84","S52","근골격계 / 척추 / 관절","계약전 알릴의무 / 기왕증 / 상해성 여부 / 실손보험 / 후유장해","실손의료비;입원비;통원비;수술비;후유장해","통증;저림;삐끗함;움직임 제한;일상생활 불편","염좌;퇴행성 변화;디스크;관절 손상;골절","X-ray;MRI;CT;신경학적 검사;관절운동범위 측정","급성 외상 소견 여부;퇴행성 변화 정도;신경학적 결손;관절 불안정성;운동범위 제한","전완 골절 관련 보험쟁점 84은(는) 계약전 알릴의무 / 기왕증 / 상해성 여부 / 실손보험 / 후유장해와 연결될 수 있는 내부 검색 보강 항목이다. 코드명만으로 결론을 내리지 않고 실제 문서상 진단 경위, 검사, 치료기간, 약관상 담보를 함께 확인해야 한다.","사고 직후 증상 발생 여부;사고 전 동일 부위 또는 동일 질환 치료력;검사상 급성 소견 여부;시간적 근접성","기존 치료력;반복 진료 이력;퇴행성 또는 만성 변화;건강검진 이상소견","최근 3개월 내 진료 여부;정밀검사 여부;입원/수술/장기투약 여부;의사가 중대한 질환으로 설명했는지 여부","영구장해 여부;객관적 기능 제한;장해 고정 시점;기왕장해 기여도","입원 필요성은 증상 정도, 검사결과, 치료 내용, 관찰 필요성으로 검토 필요","수술 여부, 수술 목적, 수술기록지상 주요 소견 확인 필요","진료기록지;처방전;진료비 세부내역서;검사결과지 또는 판독지;의사 소견서","S52.3;S52;전완 골절;근골격계 / 척추 / 관절;계약전 알릴의무 / 기왕증 / 상해성 여부 / 실손보험 / 후유장해;통증;저림;염좌;퇴행성 변화","medical_knowledge;terms_standards;fss_dispute_cases;legal_statutes;precedents;issue_playbooks","이 데이터는 의료 판단 확정용이 아니라 보험 실무상 쟁점 연결용 내부 보강 데이터다. 질병코드만으로 진단, 인과관계, 장해율, 고지의무 위반을 단정하지 말고 실제 진료내용, 검사결과, 치료기간, 약관을 확인해야 한다.","medical_issue_codes","internal_medical_issue_code","internal_review_required","needs_human_review"
"MIC085","S42.4","어깨/상완 골절 관련 보험쟁점 85","S42","근골격계 / 척추 / 관절","계약전 알릴의무 / 기왕증 / 상해성 여부 / 실손보험 / 후유장해","실손의료비;입원비;통원비;수술비;후유장해","통증;저림;삐끗함;움직임 제한;일상생활 불편","염좌;퇴행성 변화;디스크;관절 손상;골절","X-ray;MRI;CT;신경학적 검사;관절운동범위 측정","급성 외상 소견 여부;퇴행성 변화 정도;신경학적 결손;관절 불안정성;운동범위 제한","어깨/상완 골절 관련 보험쟁점 85은(는) 계약전 알릴의무 / 기왕증 / 상해성 여부 / 실손보험 / 후유장해와 연결될 수 있는 내부 검색 보강 항목이다. 코드명만으로 결론을 내리지 않고 실제 문서상 진단 경위, 검사, 치료기간, 약관상 담보를 함께 확인해야 한다.","사고 직후 증상 발생 여부;사고 전 동일 부위 또는 동일 질환 치료력;검사상 급성 소견 여부;시간적 근접성","기존 치료력;반복 진료 이력;퇴행성 또는 만성 변화;건강검진 이상소견","최근 3개월 내 진료 여부;정밀검사 여부;입원/수술/장기투약 여부;의사가 중대한 질환으로 설명했는지 여부","영구장해 여부;객관적 기능 제한;장해 고정 시점;기왕장해 기여도","입원 필요성은 증상 정도, 검사결과, 치료 내용, 관찰 필요성으로 검토 필요","수술 여부, 수술 목적, 수술기록지상 주요 소견 확인 필요","진료기록지;처방전;진료비 세부내역서;검사결과지 또는 판독지;의사 소견서","S42.4;S42;어깨/상완 골절;근골격계 / 척추 / 관절;계약전 알릴의무 / 기왕증 / 상해성 여부 / 실손보험 / 후유장해;통증;저림;염좌;퇴행성 변화","medical_knowledge;terms_standards;fss_dispute_cases;legal_statutes;precedents;issue_playbooks","이 데이터는 의료 판단 확정용이 아니라 보험 실무상 쟁점 연결용 내부 보강 데이터다. 질병코드만으로 진단, 인과관계, 장해율, 고지의무 위반을 단정하지 말고 실제 진료내용, 검사결과, 치료기간, 약관을 확인해야 한다.","medical_issue_codes","internal_medical_issue_code","internal_review_required","needs_human_review"
"MIC086","S32.5","요추/골반 골절 관련 보험쟁점 86","S32","근골격계 / 척추 / 관절","계약전 알릴의무 / 기왕증 / 상해성 여부 / 실손보험 / 후유장해","실손의료비;입원비;통원비;수술비;후유장해","통증;저림;삐끗함;움직임 제한;일상생활 불편","염좌;퇴행성 변화;디스크;관절 손상;골절","X-ray;MRI;CT;신경학적 검사;관절운동범위 측정","급성 외상 소견 여부;퇴행성 변화 정도;신경학적 결손;관절 불안정성;운동범위 제한","요추/골반 골절 관련 보험쟁점 86은(는) 계약전 알릴의무 / 기왕증 / 상해성 여부 / 실손보험 / 후유장해와 연결될 수 있는 내부 검색 보강 항목이다. 코드명만으로 결론을 내리지 않고 실제 문서상 진단 경위, 검사, 치료기간, 약관상 담보를 함께 확인해야 한다.","사고 직후 증상 발생 여부;사고 전 동일 부위 또는 동일 질환 치료력;검사상 급성 소견 여부;시간적 근접성","기존 치료력;반복 진료 이력;퇴행성 또는 만성 변화;건강검진 이상소견","최근 3개월 내 진료 여부;정밀검사 여부;입원/수술/장기투약 여부;의사가 중대한 질환으로 설명했는지 여부","영구장해 여부;객관적 기능 제한;장해 고정 시점;기왕장해 기여도","입원 필요성은 증상 정도, 검사결과, 치료 내용, 관찰 필요성으로 검토 필요","수술 여부, 수술 목적, 수술기록지상 주요 소견 확인 필요","진료기록지;처방전;진료비 세부내역서;검사결과지 또는 판독지;의사 소견서","S32.5;S32;요추/골반 골절;근골격계 / 척추 / 관절;계약전 알릴의무 / 기왕증 / 상해성 여부 / 실손보험 / 후유장해;통증;저림;염좌;퇴행성 변화","medical_knowledge;terms_standards;fss_dispute_cases;legal_statutes;precedents;issue_playbooks","이 데이터는 의료 판단 확정용이 아니라 보험 실무상 쟁점 연결용 내부 보강 데이터다. 질병코드만으로 진단, 인과관계, 장해율, 고지의무 위반을 단정하지 말고 실제 진료내용, 검사결과, 치료기간, 약관을 확인해야 한다.","medical_issue_codes","internal_medical_issue_code","internal_review_required","needs_human_review"
"MIC087","M16.6","고관절증 관련 보험쟁점 87","M16","근골격계 / 척추 / 관절","계약전 알릴의무 / 기왕증 / 상해성 여부 / 실손보험 / 후유장해","실손의료비;입원비;통원비;수술비;후유장해","통증;저림;삐끗함;움직임 제한;일상생활 불편","염좌;퇴행성 변화;디스크;관절 손상;골절","X-ray;MRI;CT;신경학적 검사;관절운동범위 측정","급성 외상 소견 여부;퇴행성 변화 정도;신경학적 결손;관절 불안정성;운동범위 제한","고관절증 관련 보험쟁점 87은(는) 계약전 알릴의무 / 기왕증 / 상해성 여부 / 실손보험 / 후유장해와 연결될 수 있는 내부 검색 보강 항목이다. 코드명만으로 결론을 내리지 않고 실제 문서상 진단 경위, 검사, 치료기간, 약관상 담보를 함께 확인해야 한다.","사고 직후 증상 발생 여부;사고 전 동일 부위 또는 동일 질환 치료력;검사상 급성 소견 여부;시간적 근접성","기존 치료력;반복 진료 이력;퇴행성 또는 만성 변화;건강검진 이상소견","최근 3개월 내 진료 여부;정밀검사 여부;입원/수술/장기투약 여부;의사가 중대한 질환으로 설명했는지 여부","영구장해 여부;객관적 기능 제한;장해 고정 시점;기왕장해 기여도","입원 필요성은 증상 정도, 검사결과, 치료 내용, 관찰 필요성으로 검토 필요","수술 여부, 수술 목적, 수술기록지상 주요 소견 확인 필요","진료기록지;처방전;진료비 세부내역서;검사결과지 또는 판독지;의사 소견서","M16.6;M16;고관절증;근골격계 / 척추 / 관절;계약전 알릴의무 / 기왕증 / 상해성 여부 / 실손보험 / 후유장해;통증;저림;염좌;퇴행성 변화","medical_knowledge;terms_standards;fss_dispute_cases;legal_statutes;precedents;issue_playbooks","이 데이터는 의료 판단 확정용이 아니라 보험 실무상 쟁점 연결용 내부 보강 데이터다. 질병코드만으로 진단, 인과관계, 장해율, 고지의무 위반을 단정하지 말고 실제 진료내용, 검사결과, 치료기간, 약관을 확인해야 한다.","medical_issue_codes","internal_medical_issue_code","internal_review_required","needs_human_review"
"MIC088","M19.7","기타 관절증 관련 보험쟁점 88","M19","근골격계 / 척추 / 관절","계약전 알릴의무 / 기왕증 / 상해성 여부 / 실손보험 / 후유장해","실손의료비;입원비;통원비;수술비;후유장해","통증;저림;삐끗함;움직임 제한;일상생활 불편","염좌;퇴행성 변화;디스크;관절 손상;골절","X-ray;MRI;CT;신경학적 검사;관절운동범위 측정","급성 외상 소견 여부;퇴행성 변화 정도;신경학적 결손;관절 불안정성;운동범위 제한","기타 관절증 관련 보험쟁점 88은(는) 계약전 알릴의무 / 기왕증 / 상해성 여부 / 실손보험 / 후유장해와 연결될 수 있는 내부 검색 보강 항목이다. 코드명만으로 결론을 내리지 않고 실제 문서상 진단 경위, 검사, 치료기간, 약관상 담보를 함께 확인해야 한다.","사고 직후 증상 발생 여부;사고 전 동일 부위 또는 동일 질환 치료력;검사상 급성 소견 여부;시간적 근접성","기존 치료력;반복 진료 이력;퇴행성 또는 만성 변화;건강검진 이상소견","최근 3개월 내 진료 여부;정밀검사 여부;입원/수술/장기투약 여부;의사가 중대한 질환으로 설명했는지 여부","영구장해 여부;객관적 기능 제한;장해 고정 시점;기왕장해 기여도","입원 필요성은 증상 정도, 검사결과, 치료 내용, 관찰 필요성으로 검토 필요","수술 여부, 수술 목적, 수술기록지상 주요 소견 확인 필요","진료기록지;처방전;진료비 세부내역서;검사결과지 또는 판독지;의사 소견서","M19.7;M19;기타 관절증;근골격계 / 척추 / 관절;계약전 알릴의무 / 기왕증 / 상해성 여부 / 실손보험 / 후유장해;통증;저림;염좌;퇴행성 변화","medical_knowledge;terms_standards;fss_dispute_cases;legal_statutes;precedents;issue_playbooks","이 데이터는 의료 판단 확정용이 아니라 보험 실무상 쟁점 연결용 내부 보강 데이터다. 질병코드만으로 진단, 인과관계, 장해율, 고지의무 위반을 단정하지 말고 실제 진료내용, 검사결과, 치료기간, 약관을 확인해야 한다.","medical_issue_codes","internal_medical_issue_code","internal_review_required","needs_human_review"
"MIC089","M50.8","경추간판장애 관련 보험쟁점 89","M50","근골격계 / 척추 / 관절","계약전 알릴의무 / 기왕증 / 상해성 여부 / 실손보험 / 후유장해","실손의료비;입원비;통원비;수술비;후유장해","통증;저림;삐끗함;움직임 제한;일상생활 불편","염좌;퇴행성 변화;디스크;관절 손상;골절","X-ray;MRI;CT;신경학적 검사;관절운동범위 측정","급성 외상 소견 여부;퇴행성 변화 정도;신경학적 결손;관절 불안정성;운동범위 제한","경추간판장애 관련 보험쟁점 89은(는) 계약전 알릴의무 / 기왕증 / 상해성 여부 / 실손보험 / 후유장해와 연결될 수 있는 내부 검색 보강 항목이다. 코드명만으로 결론을 내리지 않고 실제 문서상 진단 경위, 검사, 치료기간, 약관상 담보를 함께 확인해야 한다.","사고 직후 증상 발생 여부;사고 전 동일 부위 또는 동일 질환 치료력;검사상 급성 소견 여부;시간적 근접성","기존 치료력;반복 진료 이력;퇴행성 또는 만성 변화;건강검진 이상소견","최근 3개월 내 진료 여부;정밀검사 여부;입원/수술/장기투약 여부;의사가 중대한 질환으로 설명했는지 여부","영구장해 여부;객관적 기능 제한;장해 고정 시점;기왕장해 기여도","입원 필요성은 증상 정도, 검사결과, 치료 내용, 관찰 필요성으로 검토 필요","수술 여부, 수술 목적, 수술기록지상 주요 소견 확인 필요","진료기록지;처방전;진료비 세부내역서;검사결과지 또는 판독지;의사 소견서","M50.8;M50;경추간판장애;근골격계 / 척추 / 관절;계약전 알릴의무 / 기왕증 / 상해성 여부 / 실손보험 / 후유장해;통증;저림;염좌;퇴행성 변화","medical_knowledge;terms_standards;fss_dispute_cases;legal_statutes;precedents;issue_playbooks","이 데이터는 의료 판단 확정용이 아니라 보험 실무상 쟁점 연결용 내부 보강 데이터다. 질병코드만으로 진단, 인과관계, 장해율, 고지의무 위반을 단정하지 말고 실제 진료내용, 검사결과, 치료기간, 약관을 확인해야 한다.","medical_issue_codes","internal_medical_issue_code","internal_review_required","needs_human_review"
"MIC090","M65.9","윤활막염/힘줄윤활막염 관련 보험쟁점 90","M65","근골격계 / 척추 / 관절","계약전 알릴의무 / 기왕증 / 상해성 여부 / 실손보험 / 후유장해","실손의료비;입원비;통원비;수술비;후유장해","통증;저림;삐끗함;움직임 제한;일상생활 불편","염좌;퇴행성 변화;디스크;관절 손상;골절","X-ray;MRI;CT;신경학적 검사;관절운동범위 측정","급성 외상 소견 여부;퇴행성 변화 정도;신경학적 결손;관절 불안정성;운동범위 제한","윤활막염/힘줄윤활막염 관련 보험쟁점 90은(는) 계약전 알릴의무 / 기왕증 / 상해성 여부 / 실손보험 / 후유장해와 연결될 수 있는 내부 검색 보강 항목이다. 코드명만으로 결론을 내리지 않고 실제 문서상 진단 경위, 검사, 치료기간, 약관상 담보를 함께 확인해야 한다.","사고 직후 증상 발생 여부;사고 전 동일 부위 또는 동일 질환 치료력;검사상 급성 소견 여부;시간적 근접성","기존 치료력;반복 진료 이력;퇴행성 또는 만성 변화;건강검진 이상소견","최근 3개월 내 진료 여부;정밀검사 여부;입원/수술/장기투약 여부;의사가 중대한 질환으로 설명했는지 여부","영구장해 여부;객관적 기능 제한;장해 고정 시점;기왕장해 기여도","입원 필요성은 증상 정도, 검사결과, 치료 내용, 관찰 필요성으로 검토 필요","수술 여부, 수술 목적, 수술기록지상 주요 소견 확인 필요","진료기록지;처방전;진료비 세부내역서;검사결과지 또는 판독지;의사 소견서","M65.9;M65;윤활막염/힘줄윤활막염;근골격계 / 척추 / 관절;계약전 알릴의무 / 기왕증 / 상해성 여부 / 실손보험 / 후유장해;통증;저림;염좌;퇴행성 변화","medical_knowledge;terms_standards;fss_dispute_cases;legal_statutes;precedents;issue_playbooks","이 데이터는 의료 판단 확정용이 아니라 보험 실무상 쟁점 연결용 내부 보강 데이터다. 질병코드만으로 진단, 인과관계, 장해율, 고지의무 위반을 단정하지 말고 실제 진료내용, 검사결과, 치료기간, 약관을 확인해야 한다.","medical_issue_codes","internal_medical_issue_code","internal_review_required","needs_human_review"
"MIC091","I63.0","뇌경색 관련 보험쟁점 1","I63","뇌 / 신경계","진단비 / 상해성 여부 / 기왕증 / 후유장해 / 입원 필요성","진단비;입원비;수술비;후유장해;사망보험금","마비;말 어눌함;어지럼;두통;기억력 저하","MRI 병변;신경학적 결손;두개내출혈;발작;인지저하","Brain MRI;Brain CT;혈관조영검사;신경학적 검사;인지기능검사","급성 병변 여부;영상검사상 병변 위치;증상 지속시간;기존 병변 여부;일상생활 제한","뇌경색 관련 보험쟁점 1은(는) 진단비 / 상해성 여부 / 기왕증 / 후유장해 / 입원 필요성와 연결될 수 있는 내부 검색 보강 항목이다. 코드명만으로 결론을 내리지 않고 실제 문서상 진단 경위, 검사, 치료기간, 약관상 담보를 함께 확인해야 한다.","사고 직후 증상 발생 여부;사고 전 동일 부위 또는 동일 질환 치료력;검사상 급성 소견 여부;시간적 근접성","기존 치료력;반복 진료 이력;퇴행성 또는 만성 변화;건강검진 이상소견","최근 3개월 내 진료 여부;정밀검사 여부;입원/수술/장기투약 여부;의사가 중대한 질환으로 설명했는지 여부","영구장해 여부;객관적 기능 제한;장해 고정 시점;기왕장해 기여도","입원 필요성은 증상 정도, 검사결과, 치료 내용, 관찰 필요성으로 검토 필요","수술 여부, 수술 목적, 수술기록지상 주요 소견 확인 필요","진료기록지;처방전;진료비 세부내역서;검사결과지 또는 판독지;의사 소견서","I63.0;I63;뇌경색;뇌 / 신경계;진단비 / 상해성 여부 / 기왕증 / 후유장해 / 입원 필요성;마비;말 어눌함;MRI 병변;신경학적 결손","medical_knowledge;terms_standards;fss_dispute_cases;legal_statutes;precedents;issue_playbooks","이 데이터는 의료 판단 확정용이 아니라 보험 실무상 쟁점 연결용 내부 보강 데이터다. 질병코드만으로 진단, 인과관계, 장해율, 고지의무 위반을 단정하지 말고 실제 진료내용, 검사결과, 치료기간, 약관을 확인해야 한다.","medical_issue_codes","internal_medical_issue_code","internal_review_required","needs_human_review"
"MIC092","I61.1","뇌내출혈 관련 보험쟁점 2","I61","뇌 / 신경계","진단비 / 상해성 여부 / 기왕증 / 후유장해 / 입원 필요성","진단비;입원비;수술비;후유장해;사망보험금","마비;말 어눌함;어지럼;두통;기억력 저하","MRI 병변;신경학적 결손;두개내출혈;발작;인지저하","Brain MRI;Brain CT;혈관조영검사;신경학적 검사;인지기능검사","급성 병변 여부;영상검사상 병변 위치;증상 지속시간;기존 병변 여부;일상생활 제한","뇌내출혈 관련 보험쟁점 2은(는) 진단비 / 상해성 여부 / 기왕증 / 후유장해 / 입원 필요성와 연결될 수 있는 내부 검색 보강 항목이다. 코드명만으로 결론을 내리지 않고 실제 문서상 진단 경위, 검사, 치료기간, 약관상 담보를 함께 확인해야 한다.","사고 직후 증상 발생 여부;사고 전 동일 부위 또는 동일 질환 치료력;검사상 급성 소견 여부;시간적 근접성","기존 치료력;반복 진료 이력;퇴행성 또는 만성 변화;건강검진 이상소견","최근 3개월 내 진료 여부;정밀검사 여부;입원/수술/장기투약 여부;의사가 중대한 질환으로 설명했는지 여부","영구장해 여부;객관적 기능 제한;장해 고정 시점;기왕장해 기여도","입원 필요성은 증상 정도, 검사결과, 치료 내용, 관찰 필요성으로 검토 필요","수술 여부, 수술 목적, 수술기록지상 주요 소견 확인 필요","진료기록지;처방전;진료비 세부내역서;검사결과지 또는 판독지;의사 소견서","I61.1;I61;뇌내출혈;뇌 / 신경계;진단비 / 상해성 여부 / 기왕증 / 후유장해 / 입원 필요성;마비;말 어눌함;MRI 병변;신경학적 결손","medical_knowledge;terms_standards;fss_dispute_cases;legal_statutes;precedents;issue_playbooks","이 데이터는 의료 판단 확정용이 아니라 보험 실무상 쟁점 연결용 내부 보강 데이터다. 질병코드만으로 진단, 인과관계, 장해율, 고지의무 위반을 단정하지 말고 실제 진료내용, 검사결과, 치료기간, 약관을 확인해야 한다.","medical_issue_codes","internal_medical_issue_code","internal_review_required","needs_human_review"
"MIC093","I60.2","지주막하출혈 관련 보험쟁점 3","I60","뇌 / 신경계","진단비 / 상해성 여부 / 기왕증 / 후유장해 / 입원 필요성","진단비;입원비;수술비;후유장해;사망보험금","마비;말 어눌함;어지럼;두통;기억력 저하","MRI 병변;신경학적 결손;두개내출혈;발작;인지저하","Brain MRI;Brain CT;혈관조영검사;신경학적 검사;인지기능검사","급성 병변 여부;영상검사상 병변 위치;증상 지속시간;기존 병변 여부;일상생활 제한","지주막하출혈 관련 보험쟁점 3은(는) 진단비 / 상해성 여부 / 기왕증 / 후유장해 / 입원 필요성와 연결될 수 있는 내부 검색 보강 항목이다. 코드명만으로 결론을 내리지 않고 실제 문서상 진단 경위, 검사, 치료기간, 약관상 담보를 함께 확인해야 한다.","사고 직후 증상 발생 여부;사고 전 동일 부위 또는 동일 질환 치료력;검사상 급성 소견 여부;시간적 근접성","기존 치료력;반복 진료 이력;퇴행성 또는 만성 변화;건강검진 이상소견","최근 3개월 내 진료 여부;정밀검사 여부;입원/수술/장기투약 여부;의사가 중대한 질환으로 설명했는지 여부","영구장해 여부;객관적 기능 제한;장해 고정 시점;기왕장해 기여도","입원 필요성은 증상 정도, 검사결과, 치료 내용, 관찰 필요성으로 검토 필요","수술 여부, 수술 목적, 수술기록지상 주요 소견 확인 필요","진료기록지;처방전;진료비 세부내역서;검사결과지 또는 판독지;의사 소견서","I60.2;I60;지주막하출혈;뇌 / 신경계;진단비 / 상해성 여부 / 기왕증 / 후유장해 / 입원 필요성;마비;말 어눌함;MRI 병변;신경학적 결손","medical_knowledge;terms_standards;fss_dispute_cases;legal_statutes;precedents;issue_playbooks","이 데이터는 의료 판단 확정용이 아니라 보험 실무상 쟁점 연결용 내부 보강 데이터다. 질병코드만으로 진단, 인과관계, 장해율, 고지의무 위반을 단정하지 말고 실제 진료내용, 검사결과, 치료기간, 약관을 확인해야 한다.","medical_issue_codes","internal_medical_issue_code","internal_review_required","needs_human_review"
"MIC094","G45.3","일과성 뇌허혈발작 관련 보험쟁점 4","G45","뇌 / 신경계","진단비 / 상해성 여부 / 기왕증 / 후유장해 / 입원 필요성","진단비;입원비;수술비;후유장해;사망보험금","마비;말 어눌함;어지럼;두통;기억력 저하","MRI 병변;신경학적 결손;두개내출혈;발작;인지저하","Brain MRI;Brain CT;혈관조영검사;신경학적 검사;인지기능검사","급성 병변 여부;영상검사상 병변 위치;증상 지속시간;기존 병변 여부;일상생활 제한","일과성 뇌허혈발작 관련 보험쟁점 4은(는) 진단비 / 상해성 여부 / 기왕증 / 후유장해 / 입원 필요성와 연결될 수 있는 내부 검색 보강 항목이다. 코드명만으로 결론을 내리지 않고 실제 문서상 진단 경위, 검사, 치료기간, 약관상 담보를 함께 확인해야 한다.","사고 직후 증상 발생 여부;사고 전 동일 부위 또는 동일 질환 치료력;검사상 급성 소견 여부;시간적 근접성","기존 치료력;반복 진료 이력;퇴행성 또는 만성 변화;건강검진 이상소견","최근 3개월 내 진료 여부;정밀검사 여부;입원/수술/장기투약 여부;의사가 중대한 질환으로 설명했는지 여부","영구장해 여부;객관적 기능 제한;장해 고정 시점;기왕장해 기여도","입원 필요성은 증상 정도, 검사결과, 치료 내용, 관찰 필요성으로 검토 필요","수술 여부, 수술 목적, 수술기록지상 주요 소견 확인 필요","진료기록지;처방전;진료비 세부내역서;검사결과지 또는 판독지;의사 소견서","G45.3;G45;일과성 뇌허혈발작;뇌 / 신경계;진단비 / 상해성 여부 / 기왕증 / 후유장해 / 입원 필요성;마비;말 어눌함;MRI 병변;신경학적 결손","medical_knowledge;terms_standards;fss_dispute_cases;legal_statutes;precedents;issue_playbooks","이 데이터는 의료 판단 확정용이 아니라 보험 실무상 쟁점 연결용 내부 보강 데이터다. 질병코드만으로 진단, 인과관계, 장해율, 고지의무 위반을 단정하지 말고 실제 진료내용, 검사결과, 치료기간, 약관을 확인해야 한다.","medical_issue_codes","internal_medical_issue_code","internal_review_required","needs_human_review"
"MIC095","G40.4","뇌전증 관련 보험쟁점 5","G40","뇌 / 신경계","진단비 / 상해성 여부 / 기왕증 / 후유장해 / 입원 필요성","진단비;입원비;수술비;후유장해;사망보험금","마비;말 어눌함;어지럼;두통;기억력 저하","MRI 병변;신경학적 결손;두개내출혈;발작;인지저하","Brain MRI;Brain CT;혈관조영검사;신경학적 검사;인지기능검사","급성 병변 여부;영상검사상 병변 위치;증상 지속시간;기존 병변 여부;일상생활 제한","뇌전증 관련 보험쟁점 5은(는) 진단비 / 상해성 여부 / 기왕증 / 후유장해 / 입원 필요성와 연결될 수 있는 내부 검색 보강 항목이다. 코드명만으로 결론을 내리지 않고 실제 문서상 진단 경위, 검사, 치료기간, 약관상 담보를 함께 확인해야 한다.","사고 직후 증상 발생 여부;사고 전 동일 부위 또는 동일 질환 치료력;검사상 급성 소견 여부;시간적 근접성","기존 치료력;반복 진료 이력;퇴행성 또는 만성 변화;건강검진 이상소견","최근 3개월 내 진료 여부;정밀검사 여부;입원/수술/장기투약 여부;의사가 중대한 질환으로 설명했는지 여부","영구장해 여부;객관적 기능 제한;장해 고정 시점;기왕장해 기여도","입원 필요성은 증상 정도, 검사결과, 치료 내용, 관찰 필요성으로 검토 필요","수술 여부, 수술 목적, 수술기록지상 주요 소견 확인 필요","진료기록지;처방전;진료비 세부내역서;검사결과지 또는 판독지;의사 소견서","G40.4;G40;뇌전증;뇌 / 신경계;진단비 / 상해성 여부 / 기왕증 / 후유장해 / 입원 필요성;마비;말 어눌함;MRI 병변;신경학적 결손","medical_knowledge;terms_standards;fss_dispute_cases;legal_statutes;precedents;issue_playbooks","이 데이터는 의료 판단 확정용이 아니라 보험 실무상 쟁점 연결용 내부 보강 데이터다. 질병코드만으로 진단, 인과관계, 장해율, 고지의무 위반을 단정하지 말고 실제 진료내용, 검사결과, 치료기간, 약관을 확인해야 한다.","medical_issue_codes","internal_medical_issue_code","internal_review_required","needs_human_review"
"MIC096","G43.5","편두통 관련 보험쟁점 6","G43","뇌 / 신경계","진단비 / 상해성 여부 / 기왕증 / 후유장해 / 입원 필요성","진단비;입원비;수술비;후유장해;사망보험금","마비;말 어눌함;어지럼;두통;기억력 저하","MRI 병변;신경학적 결손;두개내출혈;발작;인지저하","Brain MRI;Brain CT;혈관조영검사;신경학적 검사;인지기능검사","급성 병변 여부;영상검사상 병변 위치;증상 지속시간;기존 병변 여부;일상생활 제한","편두통 관련 보험쟁점 6은(는) 진단비 / 상해성 여부 / 기왕증 / 후유장해 / 입원 필요성와 연결될 수 있는 내부 검색 보강 항목이다. 코드명만으로 결론을 내리지 않고 실제 문서상 진단 경위, 검사, 치료기간, 약관상 담보를 함께 확인해야 한다.","사고 직후 증상 발생 여부;사고 전 동일 부위 또는 동일 질환 치료력;검사상 급성 소견 여부;시간적 근접성","기존 치료력;반복 진료 이력;퇴행성 또는 만성 변화;건강검진 이상소견","최근 3개월 내 진료 여부;정밀검사 여부;입원/수술/장기투약 여부;의사가 중대한 질환으로 설명했는지 여부","영구장해 여부;객관적 기능 제한;장해 고정 시점;기왕장해 기여도","입원 필요성은 증상 정도, 검사결과, 치료 내용, 관찰 필요성으로 검토 필요","수술 여부, 수술 목적, 수술기록지상 주요 소견 확인 필요","진료기록지;처방전;진료비 세부내역서;검사결과지 또는 판독지;의사 소견서","G43.5;G43;편두통;뇌 / 신경계;진단비 / 상해성 여부 / 기왕증 / 후유장해 / 입원 필요성;마비;말 어눌함;MRI 병변;신경학적 결손","medical_knowledge;terms_standards;fss_dispute_cases;legal_statutes;precedents;issue_playbooks","이 데이터는 의료 판단 확정용이 아니라 보험 실무상 쟁점 연결용 내부 보강 데이터다. 질병코드만으로 진단, 인과관계, 장해율, 고지의무 위반을 단정하지 말고 실제 진료내용, 검사결과, 치료기간, 약관을 확인해야 한다.","medical_issue_codes","internal_medical_issue_code","internal_review_required","needs_human_review"
"MIC097","G20.6","파킨슨병 관련 보험쟁점 7","G20","뇌 / 신경계","진단비 / 상해성 여부 / 기왕증 / 후유장해 / 입원 필요성","진단비;입원비;수술비;후유장해;사망보험금","마비;말 어눌함;어지럼;두통;기억력 저하","MRI 병변;신경학적 결손;두개내출혈;발작;인지저하","Brain MRI;Brain CT;혈관조영검사;신경학적 검사;인지기능검사","급성 병변 여부;영상검사상 병변 위치;증상 지속시간;기존 병변 여부;일상생활 제한","파킨슨병 관련 보험쟁점 7은(는) 진단비 / 상해성 여부 / 기왕증 / 후유장해 / 입원 필요성와 연결될 수 있는 내부 검색 보강 항목이다. 코드명만으로 결론을 내리지 않고 실제 문서상 진단 경위, 검사, 치료기간, 약관상 담보를 함께 확인해야 한다.","사고 직후 증상 발생 여부;사고 전 동일 부위 또는 동일 질환 치료력;검사상 급성 소견 여부;시간적 근접성","기존 치료력;반복 진료 이력;퇴행성 또는 만성 변화;건강검진 이상소견","최근 3개월 내 진료 여부;정밀검사 여부;입원/수술/장기투약 여부;의사가 중대한 질환으로 설명했는지 여부","영구장해 여부;객관적 기능 제한;장해 고정 시점;기왕장해 기여도","입원 필요성은 증상 정도, 검사결과, 치료 내용, 관찰 필요성으로 검토 필요","수술 여부, 수술 목적, 수술기록지상 주요 소견 확인 필요","진료기록지;처방전;진료비 세부내역서;검사결과지 또는 판독지;의사 소견서","G20.6;G20;파킨슨병;뇌 / 신경계;진단비 / 상해성 여부 / 기왕증 / 후유장해 / 입원 필요성;마비;말 어눌함;MRI 병변;신경학적 결손","medical_knowledge;terms_standards;fss_dispute_cases;legal_statutes;precedents;issue_playbooks","이 데이터는 의료 판단 확정용이 아니라 보험 실무상 쟁점 연결용 내부 보강 데이터다. 질병코드만으로 진단, 인과관계, 장해율, 고지의무 위반을 단정하지 말고 실제 진료내용, 검사결과, 치료기간, 약관을 확인해야 한다.","medical_issue_codes","internal_medical_issue_code","internal_review_required","needs_human_review"
"MIC098","G30.7","알츠하이머병 관련 보험쟁점 8","G30","뇌 / 신경계","진단비 / 상해성 여부 / 기왕증 / 후유장해 / 입원 필요성","진단비;입원비;수술비;후유장해;사망보험금","마비;말 어눌함;어지럼;두통;기억력 저하","MRI 병변;신경학적 결손;두개내출혈;발작;인지저하","Brain MRI;Brain CT;혈관조영검사;신경학적 검사;인지기능검사","급성 병변 여부;영상검사상 병변 위치;증상 지속시간;기존 병변 여부;일상생활 제한","알츠하이머병 관련 보험쟁점 8은(는) 진단비 / 상해성 여부 / 기왕증 / 후유장해 / 입원 필요성와 연결될 수 있는 내부 검색 보강 항목이다. 코드명만으로 결론을 내리지 않고 실제 문서상 진단 경위, 검사, 치료기간, 약관상 담보를 함께 확인해야 한다.","사고 직후 증상 발생 여부;사고 전 동일 부위 또는 동일 질환 치료력;검사상 급성 소견 여부;시간적 근접성","기존 치료력;반복 진료 이력;퇴행성 또는 만성 변화;건강검진 이상소견","최근 3개월 내 진료 여부;정밀검사 여부;입원/수술/장기투약 여부;의사가 중대한 질환으로 설명했는지 여부","영구장해 여부;객관적 기능 제한;장해 고정 시점;기왕장해 기여도","입원 필요성은 증상 정도, 검사결과, 치료 내용, 관찰 필요성으로 검토 필요","수술 여부, 수술 목적, 수술기록지상 주요 소견 확인 필요","진료기록지;처방전;진료비 세부내역서;검사결과지 또는 판독지;의사 소견서","G30.7;G30;알츠하이머병;뇌 / 신경계;진단비 / 상해성 여부 / 기왕증 / 후유장해 / 입원 필요성;마비;말 어눌함;MRI 병변;신경학적 결손","medical_knowledge;terms_standards;fss_dispute_cases;legal_statutes;precedents;issue_playbooks","이 데이터는 의료 판단 확정용이 아니라 보험 실무상 쟁점 연결용 내부 보강 데이터다. 질병코드만으로 진단, 인과관계, 장해율, 고지의무 위반을 단정하지 말고 실제 진료내용, 검사결과, 치료기간, 약관을 확인해야 한다.","medical_issue_codes","internal_medical_issue_code","internal_review_required","needs_human_review"
"MIC099","S06.8","두개내손상 관련 보험쟁점 9","S06","뇌 / 신경계","진단비 / 상해성 여부 / 기왕증 / 후유장해 / 입원 필요성","진단비;입원비;수술비;후유장해;사망보험금","마비;말 어눌함;어지럼;두통;기억력 저하","MRI 병변;신경학적 결손;두개내출혈;발작;인지저하","Brain MRI;Brain CT;혈관조영검사;신경학적 검사;인지기능검사","급성 병변 여부;영상검사상 병변 위치;증상 지속시간;기존 병변 여부;일상생활 제한","두개내손상 관련 보험쟁점 9은(는) 진단비 / 상해성 여부 / 기왕증 / 후유장해 / 입원 필요성와 연결될 수 있는 내부 검색 보강 항목이다. 코드명만으로 결론을 내리지 않고 실제 문서상 진단 경위, 검사, 치료기간, 약관상 담보를 함께 확인해야 한다.","사고 직후 증상 발생 여부;사고 전 동일 부위 또는 동일 질환 치료력;검사상 급성 소견 여부;시간적 근접성","기존 치료력;반복 진료 이력;퇴행성 또는 만성 변화;건강검진 이상소견","최근 3개월 내 진료 여부;정밀검사 여부;입원/수술/장기투약 여부;의사가 중대한 질환으로 설명했는지 여부","영구장해 여부;객관적 기능 제한;장해 고정 시점;기왕장해 기여도","입원 필요성은 증상 정도, 검사결과, 치료 내용, 관찰 필요성으로 검토 필요","수술 여부, 수술 목적, 수술기록지상 주요 소견 확인 필요","진료기록지;처방전;진료비 세부내역서;검사결과지 또는 판독지;의사 소견서","S06.8;S06;두개내손상;뇌 / 신경계;진단비 / 상해성 여부 / 기왕증 / 후유장해 / 입원 필요성;마비;말 어눌함;MRI 병변;신경학적 결손","medical_knowledge;terms_standards;fss_dispute_cases;legal_statutes;precedents;issue_playbooks","이 데이터는 의료 판단 확정용이 아니라 보험 실무상 쟁점 연결용 내부 보강 데이터다. 질병코드만으로 진단, 인과관계, 장해율, 고지의무 위반을 단정하지 말고 실제 진료내용, 검사결과, 치료기간, 약관을 확인해야 한다.","medical_issue_codes","internal_medical_issue_code","internal_review_required","needs_human_review"
"MIC100","F07.9","뇌손상 후 증후군 관련 보험쟁점 10","F07","뇌 / 신경계","진단비 / 상해성 여부 / 기왕증 / 후유장해 / 입원 필요성","진단비;입원비;수술비;후유장해;사망보험금","마비;말 어눌함;어지럼;두통;기억력 저하","MRI 병변;신경학적 결손;두개내출혈;발작;인지저하","Brain MRI;Brain CT;혈관조영검사;신경학적 검사;인지기능검사","급성 병변 여부;영상검사상 병변 위치;증상 지속시간;기존 병변 여부;일상생활 제한","뇌손상 후 증후군 관련 보험쟁점 10은(는) 진단비 / 상해성 여부 / 기왕증 / 후유장해 / 입원 필요성와 연결될 수 있는 내부 검색 보강 항목이다. 코드명만으로 결론을 내리지 않고 실제 문서상 진단 경위, 검사, 치료기간, 약관상 담보를 함께 확인해야 한다.","사고 직후 증상 발생 여부;사고 전 동일 부위 또는 동일 질환 치료력;검사상 급성 소견 여부;시간적 근접성","기존 치료력;반복 진료 이력;퇴행성 또는 만성 변화;건강검진 이상소견","최근 3개월 내 진료 여부;정밀검사 여부;입원/수술/장기투약 여부;의사가 중대한 질환으로 설명했는지 여부","영구장해 여부;객관적 기능 제한;장해 고정 시점;기왕장해 기여도","입원 필요성은 증상 정도, 검사결과, 치료 내용, 관찰 필요성으로 검토 필요","수술 여부, 수술 목적, 수술기록지상 주요 소견 확인 필요","진료기록지;처방전;진료비 세부내역서;검사결과지 또는 판독지;의사 소견서","F07.9;F07;뇌손상 후 증후군;뇌 / 신경계;진단비 / 상해성 여부 / 기왕증 / 후유장해 / 입원 필요성;마비;말 어눌함;MRI 병변;신경학적 결손","medical_knowledge;terms_standards;fss_dispute_cases;legal_statutes;precedents;issue_playbooks","이 데이터는 의료 판단 확정용이 아니라 보험 실무상 쟁점 연결용 내부 보강 데이터다. 질병코드만으로 진단, 인과관계, 장해율, 고지의무 위반을 단정하지 말고 실제 진료내용, 검사결과, 치료기간, 약관을 확인해야 한다.","medical_issue_codes","internal_medical_issue_code","internal_review_required","needs_human_review"
"MIC101","I63.0:MIC101","뇌경색 관련 보험쟁점 11","I63","뇌 / 신경계","진단비 / 상해성 여부 / 기왕증 / 후유장해 / 입원 필요성","진단비;입원비;수술비;후유장해;사망보험금","마비;말 어눌함;어지럼;두통;기억력 저하","MRI 병변;신경학적 결손;두개내출혈;발작;인지저하","Brain MRI;Brain CT;혈관조영검사;신경학적 검사;인지기능검사","급성 병변 여부;영상검사상 병변 위치;증상 지속시간;기존 병변 여부;일상생활 제한","뇌경색 관련 보험쟁점 11은(는) 진단비 / 상해성 여부 / 기왕증 / 후유장해 / 입원 필요성와 연결될 수 있는 내부 검색 보강 항목이다. 코드명만으로 결론을 내리지 않고 실제 문서상 진단 경위, 검사, 치료기간, 약관상 담보를 함께 확인해야 한다.","사고 직후 증상 발생 여부;사고 전 동일 부위 또는 동일 질환 치료력;검사상 급성 소견 여부;시간적 근접성","기존 치료력;반복 진료 이력;퇴행성 또는 만성 변화;건강검진 이상소견","최근 3개월 내 진료 여부;정밀검사 여부;입원/수술/장기투약 여부;의사가 중대한 질환으로 설명했는지 여부","영구장해 여부;객관적 기능 제한;장해 고정 시점;기왕장해 기여도","입원 필요성은 증상 정도, 검사결과, 치료 내용, 관찰 필요성으로 검토 필요","수술 여부, 수술 목적, 수술기록지상 주요 소견 확인 필요","진료기록지;처방전;진료비 세부내역서;검사결과지 또는 판독지;의사 소견서","I63.0:MIC101;I63;뇌경색;뇌 / 신경계;진단비 / 상해성 여부 / 기왕증 / 후유장해 / 입원 필요성;마비;말 어눌함;MRI 병변;신경학적 결손","medical_knowledge;terms_standards;fss_dispute_cases;legal_statutes;precedents;issue_playbooks","이 데이터는 의료 판단 확정용이 아니라 보험 실무상 쟁점 연결용 내부 보강 데이터다. 질병코드만으로 진단, 인과관계, 장해율, 고지의무 위반을 단정하지 말고 실제 진료내용, 검사결과, 치료기간, 약관을 확인해야 한다.","medical_issue_codes","internal_medical_issue_code","internal_review_required","needs_human_review"
"MIC102","I61.1:MIC102","뇌내출혈 관련 보험쟁점 12","I61","뇌 / 신경계","진단비 / 상해성 여부 / 기왕증 / 후유장해 / 입원 필요성","진단비;입원비;수술비;후유장해;사망보험금","마비;말 어눌함;어지럼;두통;기억력 저하","MRI 병변;신경학적 결손;두개내출혈;발작;인지저하","Brain MRI;Brain CT;혈관조영검사;신경학적 검사;인지기능검사","급성 병변 여부;영상검사상 병변 위치;증상 지속시간;기존 병변 여부;일상생활 제한","뇌내출혈 관련 보험쟁점 12은(는) 진단비 / 상해성 여부 / 기왕증 / 후유장해 / 입원 필요성와 연결될 수 있는 내부 검색 보강 항목이다. 코드명만으로 결론을 내리지 않고 실제 문서상 진단 경위, 검사, 치료기간, 약관상 담보를 함께 확인해야 한다.","사고 직후 증상 발생 여부;사고 전 동일 부위 또는 동일 질환 치료력;검사상 급성 소견 여부;시간적 근접성","기존 치료력;반복 진료 이력;퇴행성 또는 만성 변화;건강검진 이상소견","최근 3개월 내 진료 여부;정밀검사 여부;입원/수술/장기투약 여부;의사가 중대한 질환으로 설명했는지 여부","영구장해 여부;객관적 기능 제한;장해 고정 시점;기왕장해 기여도","입원 필요성은 증상 정도, 검사결과, 치료 내용, 관찰 필요성으로 검토 필요","수술 여부, 수술 목적, 수술기록지상 주요 소견 확인 필요","진료기록지;처방전;진료비 세부내역서;검사결과지 또는 판독지;의사 소견서","I61.1:MIC102;I61;뇌내출혈;뇌 / 신경계;진단비 / 상해성 여부 / 기왕증 / 후유장해 / 입원 필요성;마비;말 어눌함;MRI 병변;신경학적 결손","medical_knowledge;terms_standards;fss_dispute_cases;legal_statutes;precedents;issue_playbooks","이 데이터는 의료 판단 확정용이 아니라 보험 실무상 쟁점 연결용 내부 보강 데이터다. 질병코드만으로 진단, 인과관계, 장해율, 고지의무 위반을 단정하지 말고 실제 진료내용, 검사결과, 치료기간, 약관을 확인해야 한다.","medical_issue_codes","internal_medical_issue_code","internal_review_required","needs_human_review"
"MIC103","I60.2:MIC103","지주막하출혈 관련 보험쟁점 13","I60","뇌 / 신경계","진단비 / 상해성 여부 / 기왕증 / 후유장해 / 입원 필요성","진단비;입원비;수술비;후유장해;사망보험금","마비;말 어눌함;어지럼;두통;기억력 저하","MRI 병변;신경학적 결손;두개내출혈;발작;인지저하","Brain MRI;Brain CT;혈관조영검사;신경학적 검사;인지기능검사","급성 병변 여부;영상검사상 병변 위치;증상 지속시간;기존 병변 여부;일상생활 제한","지주막하출혈 관련 보험쟁점 13은(는) 진단비 / 상해성 여부 / 기왕증 / 후유장해 / 입원 필요성와 연결될 수 있는 내부 검색 보강 항목이다. 코드명만으로 결론을 내리지 않고 실제 문서상 진단 경위, 검사, 치료기간, 약관상 담보를 함께 확인해야 한다.","사고 직후 증상 발생 여부;사고 전 동일 부위 또는 동일 질환 치료력;검사상 급성 소견 여부;시간적 근접성","기존 치료력;반복 진료 이력;퇴행성 또는 만성 변화;건강검진 이상소견","최근 3개월 내 진료 여부;정밀검사 여부;입원/수술/장기투약 여부;의사가 중대한 질환으로 설명했는지 여부","영구장해 여부;객관적 기능 제한;장해 고정 시점;기왕장해 기여도","입원 필요성은 증상 정도, 검사결과, 치료 내용, 관찰 필요성으로 검토 필요","수술 여부, 수술 목적, 수술기록지상 주요 소견 확인 필요","진료기록지;처방전;진료비 세부내역서;검사결과지 또는 판독지;의사 소견서","I60.2:MIC103;I60;지주막하출혈;뇌 / 신경계;진단비 / 상해성 여부 / 기왕증 / 후유장해 / 입원 필요성;마비;말 어눌함;MRI 병변;신경학적 결손","medical_knowledge;terms_standards;fss_dispute_cases;legal_statutes;precedents;issue_playbooks","이 데이터는 의료 판단 확정용이 아니라 보험 실무상 쟁점 연결용 내부 보강 데이터다. 질병코드만으로 진단, 인과관계, 장해율, 고지의무 위반을 단정하지 말고 실제 진료내용, 검사결과, 치료기간, 약관을 확인해야 한다.","medical_issue_codes","internal_medical_issue_code","internal_review_required","needs_human_review"
"MIC104","G45.3:MIC104","일과성 뇌허혈발작 관련 보험쟁점 14","G45","뇌 / 신경계","진단비 / 상해성 여부 / 기왕증 / 후유장해 / 입원 필요성","진단비;입원비;수술비;후유장해;사망보험금","마비;말 어눌함;어지럼;두통;기억력 저하","MRI 병변;신경학적 결손;두개내출혈;발작;인지저하","Brain MRI;Brain CT;혈관조영검사;신경학적 검사;인지기능검사","급성 병변 여부;영상검사상 병변 위치;증상 지속시간;기존 병변 여부;일상생활 제한","일과성 뇌허혈발작 관련 보험쟁점 14은(는) 진단비 / 상해성 여부 / 기왕증 / 후유장해 / 입원 필요성와 연결될 수 있는 내부 검색 보강 항목이다. 코드명만으로 결론을 내리지 않고 실제 문서상 진단 경위, 검사, 치료기간, 약관상 담보를 함께 확인해야 한다.","사고 직후 증상 발생 여부;사고 전 동일 부위 또는 동일 질환 치료력;검사상 급성 소견 여부;시간적 근접성","기존 치료력;반복 진료 이력;퇴행성 또는 만성 변화;건강검진 이상소견","최근 3개월 내 진료 여부;정밀검사 여부;입원/수술/장기투약 여부;의사가 중대한 질환으로 설명했는지 여부","영구장해 여부;객관적 기능 제한;장해 고정 시점;기왕장해 기여도","입원 필요성은 증상 정도, 검사결과, 치료 내용, 관찰 필요성으로 검토 필요","수술 여부, 수술 목적, 수술기록지상 주요 소견 확인 필요","진료기록지;처방전;진료비 세부내역서;검사결과지 또는 판독지;의사 소견서","G45.3:MIC104;G45;일과성 뇌허혈발작;뇌 / 신경계;진단비 / 상해성 여부 / 기왕증 / 후유장해 / 입원 필요성;마비;말 어눌함;MRI 병변;신경학적 결손","medical_knowledge;terms_standards;fss_dispute_cases;legal_statutes;precedents;issue_playbooks","이 데이터는 의료 판단 확정용이 아니라 보험 실무상 쟁점 연결용 내부 보강 데이터다. 질병코드만으로 진단, 인과관계, 장해율, 고지의무 위반을 단정하지 말고 실제 진료내용, 검사결과, 치료기간, 약관을 확인해야 한다.","medical_issue_codes","internal_medical_issue_code","internal_review_required","needs_human_review"
"MIC105","G40.4:MIC105","뇌전증 관련 보험쟁점 15","G40","뇌 / 신경계","진단비 / 상해성 여부 / 기왕증 / 후유장해 / 입원 필요성","진단비;입원비;수술비;후유장해;사망보험금","마비;말 어눌함;어지럼;두통;기억력 저하","MRI 병변;신경학적 결손;두개내출혈;발작;인지저하","Brain MRI;Brain CT;혈관조영검사;신경학적 검사;인지기능검사","급성 병변 여부;영상검사상 병변 위치;증상 지속시간;기존 병변 여부;일상생활 제한","뇌전증 관련 보험쟁점 15은(는) 진단비 / 상해성 여부 / 기왕증 / 후유장해 / 입원 필요성와 연결될 수 있는 내부 검색 보강 항목이다. 코드명만으로 결론을 내리지 않고 실제 문서상 진단 경위, 검사, 치료기간, 약관상 담보를 함께 확인해야 한다.","사고 직후 증상 발생 여부;사고 전 동일 부위 또는 동일 질환 치료력;검사상 급성 소견 여부;시간적 근접성","기존 치료력;반복 진료 이력;퇴행성 또는 만성 변화;건강검진 이상소견","최근 3개월 내 진료 여부;정밀검사 여부;입원/수술/장기투약 여부;의사가 중대한 질환으로 설명했는지 여부","영구장해 여부;객관적 기능 제한;장해 고정 시점;기왕장해 기여도","입원 필요성은 증상 정도, 검사결과, 치료 내용, 관찰 필요성으로 검토 필요","수술 여부, 수술 목적, 수술기록지상 주요 소견 확인 필요","진료기록지;처방전;진료비 세부내역서;검사결과지 또는 판독지;의사 소견서","G40.4:MIC105;G40;뇌전증;뇌 / 신경계;진단비 / 상해성 여부 / 기왕증 / 후유장해 / 입원 필요성;마비;말 어눌함;MRI 병변;신경학적 결손","medical_knowledge;terms_standards;fss_dispute_cases;legal_statutes;precedents;issue_playbooks","이 데이터는 의료 판단 확정용이 아니라 보험 실무상 쟁점 연결용 내부 보강 데이터다. 질병코드만으로 진단, 인과관계, 장해율, 고지의무 위반을 단정하지 말고 실제 진료내용, 검사결과, 치료기간, 약관을 확인해야 한다.","medical_issue_codes","internal_medical_issue_code","internal_review_required","needs_human_review"
"MIC106","G43.5:MIC106","편두통 관련 보험쟁점 16","G43","뇌 / 신경계","진단비 / 상해성 여부 / 기왕증 / 후유장해 / 입원 필요성","진단비;입원비;수술비;후유장해;사망보험금","마비;말 어눌함;어지럼;두통;기억력 저하","MRI 병변;신경학적 결손;두개내출혈;발작;인지저하","Brain MRI;Brain CT;혈관조영검사;신경학적 검사;인지기능검사","급성 병변 여부;영상검사상 병변 위치;증상 지속시간;기존 병변 여부;일상생활 제한","편두통 관련 보험쟁점 16은(는) 진단비 / 상해성 여부 / 기왕증 / 후유장해 / 입원 필요성와 연결될 수 있는 내부 검색 보강 항목이다. 코드명만으로 결론을 내리지 않고 실제 문서상 진단 경위, 검사, 치료기간, 약관상 담보를 함께 확인해야 한다.","사고 직후 증상 발생 여부;사고 전 동일 부위 또는 동일 질환 치료력;검사상 급성 소견 여부;시간적 근접성","기존 치료력;반복 진료 이력;퇴행성 또는 만성 변화;건강검진 이상소견","최근 3개월 내 진료 여부;정밀검사 여부;입원/수술/장기투약 여부;의사가 중대한 질환으로 설명했는지 여부","영구장해 여부;객관적 기능 제한;장해 고정 시점;기왕장해 기여도","입원 필요성은 증상 정도, 검사결과, 치료 내용, 관찰 필요성으로 검토 필요","수술 여부, 수술 목적, 수술기록지상 주요 소견 확인 필요","진료기록지;처방전;진료비 세부내역서;검사결과지 또는 판독지;의사 소견서","G43.5:MIC106;G43;편두통;뇌 / 신경계;진단비 / 상해성 여부 / 기왕증 / 후유장해 / 입원 필요성;마비;말 어눌함;MRI 병변;신경학적 결손","medical_knowledge;terms_standards;fss_dispute_cases;legal_statutes;precedents;issue_playbooks","이 데이터는 의료 판단 확정용이 아니라 보험 실무상 쟁점 연결용 내부 보강 데이터다. 질병코드만으로 진단, 인과관계, 장해율, 고지의무 위반을 단정하지 말고 실제 진료내용, 검사결과, 치료기간, 약관을 확인해야 한다.","medical_issue_codes","internal_medical_issue_code","internal_review_required","needs_human_review"
"MIC107","G20.6:MIC107","파킨슨병 관련 보험쟁점 17","G20","뇌 / 신경계","진단비 / 상해성 여부 / 기왕증 / 후유장해 / 입원 필요성","진단비;입원비;수술비;후유장해;사망보험금","마비;말 어눌함;어지럼;두통;기억력 저하","MRI 병변;신경학적 결손;두개내출혈;발작;인지저하","Brain MRI;Brain CT;혈관조영검사;신경학적 검사;인지기능검사","급성 병변 여부;영상검사상 병변 위치;증상 지속시간;기존 병변 여부;일상생활 제한","파킨슨병 관련 보험쟁점 17은(는) 진단비 / 상해성 여부 / 기왕증 / 후유장해 / 입원 필요성와 연결될 수 있는 내부 검색 보강 항목이다. 코드명만으로 결론을 내리지 않고 실제 문서상 진단 경위, 검사, 치료기간, 약관상 담보를 함께 확인해야 한다.","사고 직후 증상 발생 여부;사고 전 동일 부위 또는 동일 질환 치료력;검사상 급성 소견 여부;시간적 근접성","기존 치료력;반복 진료 이력;퇴행성 또는 만성 변화;건강검진 이상소견","최근 3개월 내 진료 여부;정밀검사 여부;입원/수술/장기투약 여부;의사가 중대한 질환으로 설명했는지 여부","영구장해 여부;객관적 기능 제한;장해 고정 시점;기왕장해 기여도","입원 필요성은 증상 정도, 검사결과, 치료 내용, 관찰 필요성으로 검토 필요","수술 여부, 수술 목적, 수술기록지상 주요 소견 확인 필요","진료기록지;처방전;진료비 세부내역서;검사결과지 또는 판독지;의사 소견서","G20.6:MIC107;G20;파킨슨병;뇌 / 신경계;진단비 / 상해성 여부 / 기왕증 / 후유장해 / 입원 필요성;마비;말 어눌함;MRI 병변;신경학적 결손","medical_knowledge;terms_standards;fss_dispute_cases;legal_statutes;precedents;issue_playbooks","이 데이터는 의료 판단 확정용이 아니라 보험 실무상 쟁점 연결용 내부 보강 데이터다. 질병코드만으로 진단, 인과관계, 장해율, 고지의무 위반을 단정하지 말고 실제 진료내용, 검사결과, 치료기간, 약관을 확인해야 한다.","medical_issue_codes","internal_medical_issue_code","internal_review_required","needs_human_review"
"MIC108","G30.7:MIC108","알츠하이머병 관련 보험쟁점 18","G30","뇌 / 신경계","진단비 / 상해성 여부 / 기왕증 / 후유장해 / 입원 필요성","진단비;입원비;수술비;후유장해;사망보험금","마비;말 어눌함;어지럼;두통;기억력 저하","MRI 병변;신경학적 결손;두개내출혈;발작;인지저하","Brain MRI;Brain CT;혈관조영검사;신경학적 검사;인지기능검사","급성 병변 여부;영상검사상 병변 위치;증상 지속시간;기존 병변 여부;일상생활 제한","알츠하이머병 관련 보험쟁점 18은(는) 진단비 / 상해성 여부 / 기왕증 / 후유장해 / 입원 필요성와 연결될 수 있는 내부 검색 보강 항목이다. 코드명만으로 결론을 내리지 않고 실제 문서상 진단 경위, 검사, 치료기간, 약관상 담보를 함께 확인해야 한다.","사고 직후 증상 발생 여부;사고 전 동일 부위 또는 동일 질환 치료력;검사상 급성 소견 여부;시간적 근접성","기존 치료력;반복 진료 이력;퇴행성 또는 만성 변화;건강검진 이상소견","최근 3개월 내 진료 여부;정밀검사 여부;입원/수술/장기투약 여부;의사가 중대한 질환으로 설명했는지 여부","영구장해 여부;객관적 기능 제한;장해 고정 시점;기왕장해 기여도","입원 필요성은 증상 정도, 검사결과, 치료 내용, 관찰 필요성으로 검토 필요","수술 여부, 수술 목적, 수술기록지상 주요 소견 확인 필요","진료기록지;처방전;진료비 세부내역서;검사결과지 또는 판독지;의사 소견서","G30.7:MIC108;G30;알츠하이머병;뇌 / 신경계;진단비 / 상해성 여부 / 기왕증 / 후유장해 / 입원 필요성;마비;말 어눌함;MRI 병변;신경학적 결손","medical_knowledge;terms_standards;fss_dispute_cases;legal_statutes;precedents;issue_playbooks","이 데이터는 의료 판단 확정용이 아니라 보험 실무상 쟁점 연결용 내부 보강 데이터다. 질병코드만으로 진단, 인과관계, 장해율, 고지의무 위반을 단정하지 말고 실제 진료내용, 검사결과, 치료기간, 약관을 확인해야 한다.","medical_issue_codes","internal_medical_issue_code","internal_review_required","needs_human_review"
"MIC109","S06.8:MIC109","두개내손상 관련 보험쟁점 19","S06","뇌 / 신경계","진단비 / 상해성 여부 / 기왕증 / 후유장해 / 입원 필요성","진단비;입원비;수술비;후유장해;사망보험금","마비;말 어눌함;어지럼;두통;기억력 저하","MRI 병변;신경학적 결손;두개내출혈;발작;인지저하","Brain MRI;Brain CT;혈관조영검사;신경학적 검사;인지기능검사","급성 병변 여부;영상검사상 병변 위치;증상 지속시간;기존 병변 여부;일상생활 제한","두개내손상 관련 보험쟁점 19은(는) 진단비 / 상해성 여부 / 기왕증 / 후유장해 / 입원 필요성와 연결될 수 있는 내부 검색 보강 항목이다. 코드명만으로 결론을 내리지 않고 실제 문서상 진단 경위, 검사, 치료기간, 약관상 담보를 함께 확인해야 한다.","사고 직후 증상 발생 여부;사고 전 동일 부위 또는 동일 질환 치료력;검사상 급성 소견 여부;시간적 근접성","기존 치료력;반복 진료 이력;퇴행성 또는 만성 변화;건강검진 이상소견","최근 3개월 내 진료 여부;정밀검사 여부;입원/수술/장기투약 여부;의사가 중대한 질환으로 설명했는지 여부","영구장해 여부;객관적 기능 제한;장해 고정 시점;기왕장해 기여도","입원 필요성은 증상 정도, 검사결과, 치료 내용, 관찰 필요성으로 검토 필요","수술 여부, 수술 목적, 수술기록지상 주요 소견 확인 필요","진료기록지;처방전;진료비 세부내역서;검사결과지 또는 판독지;의사 소견서","S06.8:MIC109;S06;두개내손상;뇌 / 신경계;진단비 / 상해성 여부 / 기왕증 / 후유장해 / 입원 필요성;마비;말 어눌함;MRI 병변;신경학적 결손","medical_knowledge;terms_standards;fss_dispute_cases;legal_statutes;precedents;issue_playbooks","이 데이터는 의료 판단 확정용이 아니라 보험 실무상 쟁점 연결용 내부 보강 데이터다. 질병코드만으로 진단, 인과관계, 장해율, 고지의무 위반을 단정하지 말고 실제 진료내용, 검사결과, 치료기간, 약관을 확인해야 한다.","medical_issue_codes","internal_medical_issue_code","internal_review_required","needs_human_review"
"MIC110","F07.9:MIC110","뇌손상 후 증후군 관련 보험쟁점 20","F07","뇌 / 신경계","진단비 / 상해성 여부 / 기왕증 / 후유장해 / 입원 필요성","진단비;입원비;수술비;후유장해;사망보험금","마비;말 어눌함;어지럼;두통;기억력 저하","MRI 병변;신경학적 결손;두개내출혈;발작;인지저하","Brain MRI;Brain CT;혈관조영검사;신경학적 검사;인지기능검사","급성 병변 여부;영상검사상 병변 위치;증상 지속시간;기존 병변 여부;일상생활 제한","뇌손상 후 증후군 관련 보험쟁점 20은(는) 진단비 / 상해성 여부 / 기왕증 / 후유장해 / 입원 필요성와 연결될 수 있는 내부 검색 보강 항목이다. 코드명만으로 결론을 내리지 않고 실제 문서상 진단 경위, 검사, 치료기간, 약관상 담보를 함께 확인해야 한다.","사고 직후 증상 발생 여부;사고 전 동일 부위 또는 동일 질환 치료력;검사상 급성 소견 여부;시간적 근접성","기존 치료력;반복 진료 이력;퇴행성 또는 만성 변화;건강검진 이상소견","최근 3개월 내 진료 여부;정밀검사 여부;입원/수술/장기투약 여부;의사가 중대한 질환으로 설명했는지 여부","영구장해 여부;객관적 기능 제한;장해 고정 시점;기왕장해 기여도","입원 필요성은 증상 정도, 검사결과, 치료 내용, 관찰 필요성으로 검토 필요","수술 여부, 수술 목적, 수술기록지상 주요 소견 확인 필요","진료기록지;처방전;진료비 세부내역서;검사결과지 또는 판독지;의사 소견서","F07.9:MIC110;F07;뇌손상 후 증후군;뇌 / 신경계;진단비 / 상해성 여부 / 기왕증 / 후유장해 / 입원 필요성;마비;말 어눌함;MRI 병변;신경학적 결손","medical_knowledge;terms_standards;fss_dispute_cases;legal_statutes;precedents;issue_playbooks","이 데이터는 의료 판단 확정용이 아니라 보험 실무상 쟁점 연결용 내부 보강 데이터다. 질병코드만으로 진단, 인과관계, 장해율, 고지의무 위반을 단정하지 말고 실제 진료내용, 검사결과, 치료기간, 약관을 확인해야 한다.","medical_issue_codes","internal_medical_issue_code","internal_review_required","needs_human_review"
"MIC111","I63.0:MIC111","뇌경색 관련 보험쟁점 21","I63","뇌 / 신경계","진단비 / 상해성 여부 / 기왕증 / 후유장해 / 입원 필요성","진단비;입원비;수술비;후유장해;사망보험금","마비;말 어눌함;어지럼;두통;기억력 저하","MRI 병변;신경학적 결손;두개내출혈;발작;인지저하","Brain MRI;Brain CT;혈관조영검사;신경학적 검사;인지기능검사","급성 병변 여부;영상검사상 병변 위치;증상 지속시간;기존 병변 여부;일상생활 제한","뇌경색 관련 보험쟁점 21은(는) 진단비 / 상해성 여부 / 기왕증 / 후유장해 / 입원 필요성와 연결될 수 있는 내부 검색 보강 항목이다. 코드명만으로 결론을 내리지 않고 실제 문서상 진단 경위, 검사, 치료기간, 약관상 담보를 함께 확인해야 한다.","사고 직후 증상 발생 여부;사고 전 동일 부위 또는 동일 질환 치료력;검사상 급성 소견 여부;시간적 근접성","기존 치료력;반복 진료 이력;퇴행성 또는 만성 변화;건강검진 이상소견","최근 3개월 내 진료 여부;정밀검사 여부;입원/수술/장기투약 여부;의사가 중대한 질환으로 설명했는지 여부","영구장해 여부;객관적 기능 제한;장해 고정 시점;기왕장해 기여도","입원 필요성은 증상 정도, 검사결과, 치료 내용, 관찰 필요성으로 검토 필요","수술 여부, 수술 목적, 수술기록지상 주요 소견 확인 필요","진료기록지;처방전;진료비 세부내역서;검사결과지 또는 판독지;의사 소견서","I63.0:MIC111;I63;뇌경색;뇌 / 신경계;진단비 / 상해성 여부 / 기왕증 / 후유장해 / 입원 필요성;마비;말 어눌함;MRI 병변;신경학적 결손","medical_knowledge;terms_standards;fss_dispute_cases;legal_statutes;precedents;issue_playbooks","이 데이터는 의료 판단 확정용이 아니라 보험 실무상 쟁점 연결용 내부 보강 데이터다. 질병코드만으로 진단, 인과관계, 장해율, 고지의무 위반을 단정하지 말고 실제 진료내용, 검사결과, 치료기간, 약관을 확인해야 한다.","medical_issue_codes","internal_medical_issue_code","internal_review_required","needs_human_review"
"MIC112","I61.1:MIC112","뇌내출혈 관련 보험쟁점 22","I61","뇌 / 신경계","진단비 / 상해성 여부 / 기왕증 / 후유장해 / 입원 필요성","진단비;입원비;수술비;후유장해;사망보험금","마비;말 어눌함;어지럼;두통;기억력 저하","MRI 병변;신경학적 결손;두개내출혈;발작;인지저하","Brain MRI;Brain CT;혈관조영검사;신경학적 검사;인지기능검사","급성 병변 여부;영상검사상 병변 위치;증상 지속시간;기존 병변 여부;일상생활 제한","뇌내출혈 관련 보험쟁점 22은(는) 진단비 / 상해성 여부 / 기왕증 / 후유장해 / 입원 필요성와 연결될 수 있는 내부 검색 보강 항목이다. 코드명만으로 결론을 내리지 않고 실제 문서상 진단 경위, 검사, 치료기간, 약관상 담보를 함께 확인해야 한다.","사고 직후 증상 발생 여부;사고 전 동일 부위 또는 동일 질환 치료력;검사상 급성 소견 여부;시간적 근접성","기존 치료력;반복 진료 이력;퇴행성 또는 만성 변화;건강검진 이상소견","최근 3개월 내 진료 여부;정밀검사 여부;입원/수술/장기투약 여부;의사가 중대한 질환으로 설명했는지 여부","영구장해 여부;객관적 기능 제한;장해 고정 시점;기왕장해 기여도","입원 필요성은 증상 정도, 검사결과, 치료 내용, 관찰 필요성으로 검토 필요","수술 여부, 수술 목적, 수술기록지상 주요 소견 확인 필요","진료기록지;처방전;진료비 세부내역서;검사결과지 또는 판독지;의사 소견서","I61.1:MIC112;I61;뇌내출혈;뇌 / 신경계;진단비 / 상해성 여부 / 기왕증 / 후유장해 / 입원 필요성;마비;말 어눌함;MRI 병변;신경학적 결손","medical_knowledge;terms_standards;fss_dispute_cases;legal_statutes;precedents;issue_playbooks","이 데이터는 의료 판단 확정용이 아니라 보험 실무상 쟁점 연결용 내부 보강 데이터다. 질병코드만으로 진단, 인과관계, 장해율, 고지의무 위반을 단정하지 말고 실제 진료내용, 검사결과, 치료기간, 약관을 확인해야 한다.","medical_issue_codes","internal_medical_issue_code","internal_review_required","needs_human_review"
"MIC113","I60.2:MIC113","지주막하출혈 관련 보험쟁점 23","I60","뇌 / 신경계","진단비 / 상해성 여부 / 기왕증 / 후유장해 / 입원 필요성","진단비;입원비;수술비;후유장해;사망보험금","마비;말 어눌함;어지럼;두통;기억력 저하","MRI 병변;신경학적 결손;두개내출혈;발작;인지저하","Brain MRI;Brain CT;혈관조영검사;신경학적 검사;인지기능검사","급성 병변 여부;영상검사상 병변 위치;증상 지속시간;기존 병변 여부;일상생활 제한","지주막하출혈 관련 보험쟁점 23은(는) 진단비 / 상해성 여부 / 기왕증 / 후유장해 / 입원 필요성와 연결될 수 있는 내부 검색 보강 항목이다. 코드명만으로 결론을 내리지 않고 실제 문서상 진단 경위, 검사, 치료기간, 약관상 담보를 함께 확인해야 한다.","사고 직후 증상 발생 여부;사고 전 동일 부위 또는 동일 질환 치료력;검사상 급성 소견 여부;시간적 근접성","기존 치료력;반복 진료 이력;퇴행성 또는 만성 변화;건강검진 이상소견","최근 3개월 내 진료 여부;정밀검사 여부;입원/수술/장기투약 여부;의사가 중대한 질환으로 설명했는지 여부","영구장해 여부;객관적 기능 제한;장해 고정 시점;기왕장해 기여도","입원 필요성은 증상 정도, 검사결과, 치료 내용, 관찰 필요성으로 검토 필요","수술 여부, 수술 목적, 수술기록지상 주요 소견 확인 필요","진료기록지;처방전;진료비 세부내역서;검사결과지 또는 판독지;의사 소견서","I60.2:MIC113;I60;지주막하출혈;뇌 / 신경계;진단비 / 상해성 여부 / 기왕증 / 후유장해 / 입원 필요성;마비;말 어눌함;MRI 병변;신경학적 결손","medical_knowledge;terms_standards;fss_dispute_cases;legal_statutes;precedents;issue_playbooks","이 데이터는 의료 판단 확정용이 아니라 보험 실무상 쟁점 연결용 내부 보강 데이터다. 질병코드만으로 진단, 인과관계, 장해율, 고지의무 위반을 단정하지 말고 실제 진료내용, 검사결과, 치료기간, 약관을 확인해야 한다.","medical_issue_codes","internal_medical_issue_code","internal_review_required","needs_human_review"
"MIC114","G45.3:MIC114","일과성 뇌허혈발작 관련 보험쟁점 24","G45","뇌 / 신경계","진단비 / 상해성 여부 / 기왕증 / 후유장해 / 입원 필요성","진단비;입원비;수술비;후유장해;사망보험금","마비;말 어눌함;어지럼;두통;기억력 저하","MRI 병변;신경학적 결손;두개내출혈;발작;인지저하","Brain MRI;Brain CT;혈관조영검사;신경학적 검사;인지기능검사","급성 병변 여부;영상검사상 병변 위치;증상 지속시간;기존 병변 여부;일상생활 제한","일과성 뇌허혈발작 관련 보험쟁점 24은(는) 진단비 / 상해성 여부 / 기왕증 / 후유장해 / 입원 필요성와 연결될 수 있는 내부 검색 보강 항목이다. 코드명만으로 결론을 내리지 않고 실제 문서상 진단 경위, 검사, 치료기간, 약관상 담보를 함께 확인해야 한다.","사고 직후 증상 발생 여부;사고 전 동일 부위 또는 동일 질환 치료력;검사상 급성 소견 여부;시간적 근접성","기존 치료력;반복 진료 이력;퇴행성 또는 만성 변화;건강검진 이상소견","최근 3개월 내 진료 여부;정밀검사 여부;입원/수술/장기투약 여부;의사가 중대한 질환으로 설명했는지 여부","영구장해 여부;객관적 기능 제한;장해 고정 시점;기왕장해 기여도","입원 필요성은 증상 정도, 검사결과, 치료 내용, 관찰 필요성으로 검토 필요","수술 여부, 수술 목적, 수술기록지상 주요 소견 확인 필요","진료기록지;처방전;진료비 세부내역서;검사결과지 또는 판독지;의사 소견서","G45.3:MIC114;G45;일과성 뇌허혈발작;뇌 / 신경계;진단비 / 상해성 여부 / 기왕증 / 후유장해 / 입원 필요성;마비;말 어눌함;MRI 병변;신경학적 결손","medical_knowledge;terms_standards;fss_dispute_cases;legal_statutes;precedents;issue_playbooks","이 데이터는 의료 판단 확정용이 아니라 보험 실무상 쟁점 연결용 내부 보강 데이터다. 질병코드만으로 진단, 인과관계, 장해율, 고지의무 위반을 단정하지 말고 실제 진료내용, 검사결과, 치료기간, 약관을 확인해야 한다.","medical_issue_codes","internal_medical_issue_code","internal_review_required","needs_human_review"
"MIC115","G40.4:MIC115","뇌전증 관련 보험쟁점 25","G40","뇌 / 신경계","진단비 / 상해성 여부 / 기왕증 / 후유장해 / 입원 필요성","진단비;입원비;수술비;후유장해;사망보험금","마비;말 어눌함;어지럼;두통;기억력 저하","MRI 병변;신경학적 결손;두개내출혈;발작;인지저하","Brain MRI;Brain CT;혈관조영검사;신경학적 검사;인지기능검사","급성 병변 여부;영상검사상 병변 위치;증상 지속시간;기존 병변 여부;일상생활 제한","뇌전증 관련 보험쟁점 25은(는) 진단비 / 상해성 여부 / 기왕증 / 후유장해 / 입원 필요성와 연결될 수 있는 내부 검색 보강 항목이다. 코드명만으로 결론을 내리지 않고 실제 문서상 진단 경위, 검사, 치료기간, 약관상 담보를 함께 확인해야 한다.","사고 직후 증상 발생 여부;사고 전 동일 부위 또는 동일 질환 치료력;검사상 급성 소견 여부;시간적 근접성","기존 치료력;반복 진료 이력;퇴행성 또는 만성 변화;건강검진 이상소견","최근 3개월 내 진료 여부;정밀검사 여부;입원/수술/장기투약 여부;의사가 중대한 질환으로 설명했는지 여부","영구장해 여부;객관적 기능 제한;장해 고정 시점;기왕장해 기여도","입원 필요성은 증상 정도, 검사결과, 치료 내용, 관찰 필요성으로 검토 필요","수술 여부, 수술 목적, 수술기록지상 주요 소견 확인 필요","진료기록지;처방전;진료비 세부내역서;검사결과지 또는 판독지;의사 소견서","G40.4:MIC115;G40;뇌전증;뇌 / 신경계;진단비 / 상해성 여부 / 기왕증 / 후유장해 / 입원 필요성;마비;말 어눌함;MRI 병변;신경학적 결손","medical_knowledge;terms_standards;fss_dispute_cases;legal_statutes;precedents;issue_playbooks","이 데이터는 의료 판단 확정용이 아니라 보험 실무상 쟁점 연결용 내부 보강 데이터다. 질병코드만으로 진단, 인과관계, 장해율, 고지의무 위반을 단정하지 말고 실제 진료내용, 검사결과, 치료기간, 약관을 확인해야 한다.","medical_issue_codes","internal_medical_issue_code","internal_review_required","needs_human_review"
"MIC116","G43.5:MIC116","편두통 관련 보험쟁점 26","G43","뇌 / 신경계","진단비 / 상해성 여부 / 기왕증 / 후유장해 / 입원 필요성","진단비;입원비;수술비;후유장해;사망보험금","마비;말 어눌함;어지럼;두통;기억력 저하","MRI 병변;신경학적 결손;두개내출혈;발작;인지저하","Brain MRI;Brain CT;혈관조영검사;신경학적 검사;인지기능검사","급성 병변 여부;영상검사상 병변 위치;증상 지속시간;기존 병변 여부;일상생활 제한","편두통 관련 보험쟁점 26은(는) 진단비 / 상해성 여부 / 기왕증 / 후유장해 / 입원 필요성와 연결될 수 있는 내부 검색 보강 항목이다. 코드명만으로 결론을 내리지 않고 실제 문서상 진단 경위, 검사, 치료기간, 약관상 담보를 함께 확인해야 한다.","사고 직후 증상 발생 여부;사고 전 동일 부위 또는 동일 질환 치료력;검사상 급성 소견 여부;시간적 근접성","기존 치료력;반복 진료 이력;퇴행성 또는 만성 변화;건강검진 이상소견","최근 3개월 내 진료 여부;정밀검사 여부;입원/수술/장기투약 여부;의사가 중대한 질환으로 설명했는지 여부","영구장해 여부;객관적 기능 제한;장해 고정 시점;기왕장해 기여도","입원 필요성은 증상 정도, 검사결과, 치료 내용, 관찰 필요성으로 검토 필요","수술 여부, 수술 목적, 수술기록지상 주요 소견 확인 필요","진료기록지;처방전;진료비 세부내역서;검사결과지 또는 판독지;의사 소견서","G43.5:MIC116;G43;편두통;뇌 / 신경계;진단비 / 상해성 여부 / 기왕증 / 후유장해 / 입원 필요성;마비;말 어눌함;MRI 병변;신경학적 결손","medical_knowledge;terms_standards;fss_dispute_cases;legal_statutes;precedents;issue_playbooks","이 데이터는 의료 판단 확정용이 아니라 보험 실무상 쟁점 연결용 내부 보강 데이터다. 질병코드만으로 진단, 인과관계, 장해율, 고지의무 위반을 단정하지 말고 실제 진료내용, 검사결과, 치료기간, 약관을 확인해야 한다.","medical_issue_codes","internal_medical_issue_code","internal_review_required","needs_human_review"
"MIC117","G20.6:MIC117","파킨슨병 관련 보험쟁점 27","G20","뇌 / 신경계","진단비 / 상해성 여부 / 기왕증 / 후유장해 / 입원 필요성","진단비;입원비;수술비;후유장해;사망보험금","마비;말 어눌함;어지럼;두통;기억력 저하","MRI 병변;신경학적 결손;두개내출혈;발작;인지저하","Brain MRI;Brain CT;혈관조영검사;신경학적 검사;인지기능검사","급성 병변 여부;영상검사상 병변 위치;증상 지속시간;기존 병변 여부;일상생활 제한","파킨슨병 관련 보험쟁점 27은(는) 진단비 / 상해성 여부 / 기왕증 / 후유장해 / 입원 필요성와 연결될 수 있는 내부 검색 보강 항목이다. 코드명만으로 결론을 내리지 않고 실제 문서상 진단 경위, 검사, 치료기간, 약관상 담보를 함께 확인해야 한다.","사고 직후 증상 발생 여부;사고 전 동일 부위 또는 동일 질환 치료력;검사상 급성 소견 여부;시간적 근접성","기존 치료력;반복 진료 이력;퇴행성 또는 만성 변화;건강검진 이상소견","최근 3개월 내 진료 여부;정밀검사 여부;입원/수술/장기투약 여부;의사가 중대한 질환으로 설명했는지 여부","영구장해 여부;객관적 기능 제한;장해 고정 시점;기왕장해 기여도","입원 필요성은 증상 정도, 검사결과, 치료 내용, 관찰 필요성으로 검토 필요","수술 여부, 수술 목적, 수술기록지상 주요 소견 확인 필요","진료기록지;처방전;진료비 세부내역서;검사결과지 또는 판독지;의사 소견서","G20.6:MIC117;G20;파킨슨병;뇌 / 신경계;진단비 / 상해성 여부 / 기왕증 / 후유장해 / 입원 필요성;마비;말 어눌함;MRI 병변;신경학적 결손","medical_knowledge;terms_standards;fss_dispute_cases;legal_statutes;precedents;issue_playbooks","이 데이터는 의료 판단 확정용이 아니라 보험 실무상 쟁점 연결용 내부 보강 데이터다. 질병코드만으로 진단, 인과관계, 장해율, 고지의무 위반을 단정하지 말고 실제 진료내용, 검사결과, 치료기간, 약관을 확인해야 한다.","medical_issue_codes","internal_medical_issue_code","internal_review_required","needs_human_review"
"MIC118","G30.7:MIC118","알츠하이머병 관련 보험쟁점 28","G30","뇌 / 신경계","진단비 / 상해성 여부 / 기왕증 / 후유장해 / 입원 필요성","진단비;입원비;수술비;후유장해;사망보험금","마비;말 어눌함;어지럼;두통;기억력 저하","MRI 병변;신경학적 결손;두개내출혈;발작;인지저하","Brain MRI;Brain CT;혈관조영검사;신경학적 검사;인지기능검사","급성 병변 여부;영상검사상 병변 위치;증상 지속시간;기존 병변 여부;일상생활 제한","알츠하이머병 관련 보험쟁점 28은(는) 진단비 / 상해성 여부 / 기왕증 / 후유장해 / 입원 필요성와 연결될 수 있는 내부 검색 보강 항목이다. 코드명만으로 결론을 내리지 않고 실제 문서상 진단 경위, 검사, 치료기간, 약관상 담보를 함께 확인해야 한다.","사고 직후 증상 발생 여부;사고 전 동일 부위 또는 동일 질환 치료력;검사상 급성 소견 여부;시간적 근접성","기존 치료력;반복 진료 이력;퇴행성 또는 만성 변화;건강검진 이상소견","최근 3개월 내 진료 여부;정밀검사 여부;입원/수술/장기투약 여부;의사가 중대한 질환으로 설명했는지 여부","영구장해 여부;객관적 기능 제한;장해 고정 시점;기왕장해 기여도","입원 필요성은 증상 정도, 검사결과, 치료 내용, 관찰 필요성으로 검토 필요","수술 여부, 수술 목적, 수술기록지상 주요 소견 확인 필요","진료기록지;처방전;진료비 세부내역서;검사결과지 또는 판독지;의사 소견서","G30.7:MIC118;G30;알츠하이머병;뇌 / 신경계;진단비 / 상해성 여부 / 기왕증 / 후유장해 / 입원 필요성;마비;말 어눌함;MRI 병변;신경학적 결손","medical_knowledge;terms_standards;fss_dispute_cases;legal_statutes;precedents;issue_playbooks","이 데이터는 의료 판단 확정용이 아니라 보험 실무상 쟁점 연결용 내부 보강 데이터다. 질병코드만으로 진단, 인과관계, 장해율, 고지의무 위반을 단정하지 말고 실제 진료내용, 검사결과, 치료기간, 약관을 확인해야 한다.","medical_issue_codes","internal_medical_issue_code","internal_review_required","needs_human_review"
"MIC119","S06.8:MIC119","두개내손상 관련 보험쟁점 29","S06","뇌 / 신경계","진단비 / 상해성 여부 / 기왕증 / 후유장해 / 입원 필요성","진단비;입원비;수술비;후유장해;사망보험금","마비;말 어눌함;어지럼;두통;기억력 저하","MRI 병변;신경학적 결손;두개내출혈;발작;인지저하","Brain MRI;Brain CT;혈관조영검사;신경학적 검사;인지기능검사","급성 병변 여부;영상검사상 병변 위치;증상 지속시간;기존 병변 여부;일상생활 제한","두개내손상 관련 보험쟁점 29은(는) 진단비 / 상해성 여부 / 기왕증 / 후유장해 / 입원 필요성와 연결될 수 있는 내부 검색 보강 항목이다. 코드명만으로 결론을 내리지 않고 실제 문서상 진단 경위, 검사, 치료기간, 약관상 담보를 함께 확인해야 한다.","사고 직후 증상 발생 여부;사고 전 동일 부위 또는 동일 질환 치료력;검사상 급성 소견 여부;시간적 근접성","기존 치료력;반복 진료 이력;퇴행성 또는 만성 변화;건강검진 이상소견","최근 3개월 내 진료 여부;정밀검사 여부;입원/수술/장기투약 여부;의사가 중대한 질환으로 설명했는지 여부","영구장해 여부;객관적 기능 제한;장해 고정 시점;기왕장해 기여도","입원 필요성은 증상 정도, 검사결과, 치료 내용, 관찰 필요성으로 검토 필요","수술 여부, 수술 목적, 수술기록지상 주요 소견 확인 필요","진료기록지;처방전;진료비 세부내역서;검사결과지 또는 판독지;의사 소견서","S06.8:MIC119;S06;두개내손상;뇌 / 신경계;진단비 / 상해성 여부 / 기왕증 / 후유장해 / 입원 필요성;마비;말 어눌함;MRI 병변;신경학적 결손","medical_knowledge;terms_standards;fss_dispute_cases;legal_statutes;precedents;issue_playbooks","이 데이터는 의료 판단 확정용이 아니라 보험 실무상 쟁점 연결용 내부 보강 데이터다. 질병코드만으로 진단, 인과관계, 장해율, 고지의무 위반을 단정하지 말고 실제 진료내용, 검사결과, 치료기간, 약관을 확인해야 한다.","medical_issue_codes","internal_medical_issue_code","internal_review_required","needs_human_review"
"MIC120","F07.9:MIC120","뇌손상 후 증후군 관련 보험쟁점 30","F07","뇌 / 신경계","진단비 / 상해성 여부 / 기왕증 / 후유장해 / 입원 필요성","진단비;입원비;수술비;후유장해;사망보험금","마비;말 어눌함;어지럼;두통;기억력 저하","MRI 병변;신경학적 결손;두개내출혈;발작;인지저하","Brain MRI;Brain CT;혈관조영검사;신경학적 검사;인지기능검사","급성 병변 여부;영상검사상 병변 위치;증상 지속시간;기존 병변 여부;일상생활 제한","뇌손상 후 증후군 관련 보험쟁점 30은(는) 진단비 / 상해성 여부 / 기왕증 / 후유장해 / 입원 필요성와 연결될 수 있는 내부 검색 보강 항목이다. 코드명만으로 결론을 내리지 않고 실제 문서상 진단 경위, 검사, 치료기간, 약관상 담보를 함께 확인해야 한다.","사고 직후 증상 발생 여부;사고 전 동일 부위 또는 동일 질환 치료력;검사상 급성 소견 여부;시간적 근접성","기존 치료력;반복 진료 이력;퇴행성 또는 만성 변화;건강검진 이상소견","최근 3개월 내 진료 여부;정밀검사 여부;입원/수술/장기투약 여부;의사가 중대한 질환으로 설명했는지 여부","영구장해 여부;객관적 기능 제한;장해 고정 시점;기왕장해 기여도","입원 필요성은 증상 정도, 검사결과, 치료 내용, 관찰 필요성으로 검토 필요","수술 여부, 수술 목적, 수술기록지상 주요 소견 확인 필요","진료기록지;처방전;진료비 세부내역서;검사결과지 또는 판독지;의사 소견서","F07.9:MIC120;F07;뇌손상 후 증후군;뇌 / 신경계;진단비 / 상해성 여부 / 기왕증 / 후유장해 / 입원 필요성;마비;말 어눌함;MRI 병변;신경학적 결손","medical_knowledge;terms_standards;fss_dispute_cases;legal_statutes;precedents;issue_playbooks","이 데이터는 의료 판단 확정용이 아니라 보험 실무상 쟁점 연결용 내부 보강 데이터다. 질병코드만으로 진단, 인과관계, 장해율, 고지의무 위반을 단정하지 말고 실제 진료내용, 검사결과, 치료기간, 약관을 확인해야 한다.","medical_issue_codes","internal_medical_issue_code","internal_review_required","needs_human_review"
"MIC121","I63.0:MIC121","뇌경색 관련 보험쟁점 31","I63","뇌 / 신경계","진단비 / 상해성 여부 / 기왕증 / 후유장해 / 입원 필요성","진단비;입원비;수술비;후유장해;사망보험금","마비;말 어눌함;어지럼;두통;기억력 저하","MRI 병변;신경학적 결손;두개내출혈;발작;인지저하","Brain MRI;Brain CT;혈관조영검사;신경학적 검사;인지기능검사","급성 병변 여부;영상검사상 병변 위치;증상 지속시간;기존 병변 여부;일상생활 제한","뇌경색 관련 보험쟁점 31은(는) 진단비 / 상해성 여부 / 기왕증 / 후유장해 / 입원 필요성와 연결될 수 있는 내부 검색 보강 항목이다. 코드명만으로 결론을 내리지 않고 실제 문서상 진단 경위, 검사, 치료기간, 약관상 담보를 함께 확인해야 한다.","사고 직후 증상 발생 여부;사고 전 동일 부위 또는 동일 질환 치료력;검사상 급성 소견 여부;시간적 근접성","기존 치료력;반복 진료 이력;퇴행성 또는 만성 변화;건강검진 이상소견","최근 3개월 내 진료 여부;정밀검사 여부;입원/수술/장기투약 여부;의사가 중대한 질환으로 설명했는지 여부","영구장해 여부;객관적 기능 제한;장해 고정 시점;기왕장해 기여도","입원 필요성은 증상 정도, 검사결과, 치료 내용, 관찰 필요성으로 검토 필요","수술 여부, 수술 목적, 수술기록지상 주요 소견 확인 필요","진료기록지;처방전;진료비 세부내역서;검사결과지 또는 판독지;의사 소견서","I63.0:MIC121;I63;뇌경색;뇌 / 신경계;진단비 / 상해성 여부 / 기왕증 / 후유장해 / 입원 필요성;마비;말 어눌함;MRI 병변;신경학적 결손","medical_knowledge;terms_standards;fss_dispute_cases;legal_statutes;precedents;issue_playbooks","이 데이터는 의료 판단 확정용이 아니라 보험 실무상 쟁점 연결용 내부 보강 데이터다. 질병코드만으로 진단, 인과관계, 장해율, 고지의무 위반을 단정하지 말고 실제 진료내용, 검사결과, 치료기간, 약관을 확인해야 한다.","medical_issue_codes","internal_medical_issue_code","internal_review_required","needs_human_review"
"MIC122","I61.1:MIC122","뇌내출혈 관련 보험쟁점 32","I61","뇌 / 신경계","진단비 / 상해성 여부 / 기왕증 / 후유장해 / 입원 필요성","진단비;입원비;수술비;후유장해;사망보험금","마비;말 어눌함;어지럼;두통;기억력 저하","MRI 병변;신경학적 결손;두개내출혈;발작;인지저하","Brain MRI;Brain CT;혈관조영검사;신경학적 검사;인지기능검사","급성 병변 여부;영상검사상 병변 위치;증상 지속시간;기존 병변 여부;일상생활 제한","뇌내출혈 관련 보험쟁점 32은(는) 진단비 / 상해성 여부 / 기왕증 / 후유장해 / 입원 필요성와 연결될 수 있는 내부 검색 보강 항목이다. 코드명만으로 결론을 내리지 않고 실제 문서상 진단 경위, 검사, 치료기간, 약관상 담보를 함께 확인해야 한다.","사고 직후 증상 발생 여부;사고 전 동일 부위 또는 동일 질환 치료력;검사상 급성 소견 여부;시간적 근접성","기존 치료력;반복 진료 이력;퇴행성 또는 만성 변화;건강검진 이상소견","최근 3개월 내 진료 여부;정밀검사 여부;입원/수술/장기투약 여부;의사가 중대한 질환으로 설명했는지 여부","영구장해 여부;객관적 기능 제한;장해 고정 시점;기왕장해 기여도","입원 필요성은 증상 정도, 검사결과, 치료 내용, 관찰 필요성으로 검토 필요","수술 여부, 수술 목적, 수술기록지상 주요 소견 확인 필요","진료기록지;처방전;진료비 세부내역서;검사결과지 또는 판독지;의사 소견서","I61.1:MIC122;I61;뇌내출혈;뇌 / 신경계;진단비 / 상해성 여부 / 기왕증 / 후유장해 / 입원 필요성;마비;말 어눌함;MRI 병변;신경학적 결손","medical_knowledge;terms_standards;fss_dispute_cases;legal_statutes;precedents;issue_playbooks","이 데이터는 의료 판단 확정용이 아니라 보험 실무상 쟁점 연결용 내부 보강 데이터다. 질병코드만으로 진단, 인과관계, 장해율, 고지의무 위반을 단정하지 말고 실제 진료내용, 검사결과, 치료기간, 약관을 확인해야 한다.","medical_issue_codes","internal_medical_issue_code","internal_review_required","needs_human_review"
"MIC123","I60.2:MIC123","지주막하출혈 관련 보험쟁점 33","I60","뇌 / 신경계","진단비 / 상해성 여부 / 기왕증 / 후유장해 / 입원 필요성","진단비;입원비;수술비;후유장해;사망보험금","마비;말 어눌함;어지럼;두통;기억력 저하","MRI 병변;신경학적 결손;두개내출혈;발작;인지저하","Brain MRI;Brain CT;혈관조영검사;신경학적 검사;인지기능검사","급성 병변 여부;영상검사상 병변 위치;증상 지속시간;기존 병변 여부;일상생활 제한","지주막하출혈 관련 보험쟁점 33은(는) 진단비 / 상해성 여부 / 기왕증 / 후유장해 / 입원 필요성와 연결될 수 있는 내부 검색 보강 항목이다. 코드명만으로 결론을 내리지 않고 실제 문서상 진단 경위, 검사, 치료기간, 약관상 담보를 함께 확인해야 한다.","사고 직후 증상 발생 여부;사고 전 동일 부위 또는 동일 질환 치료력;검사상 급성 소견 여부;시간적 근접성","기존 치료력;반복 진료 이력;퇴행성 또는 만성 변화;건강검진 이상소견","최근 3개월 내 진료 여부;정밀검사 여부;입원/수술/장기투약 여부;의사가 중대한 질환으로 설명했는지 여부","영구장해 여부;객관적 기능 제한;장해 고정 시점;기왕장해 기여도","입원 필요성은 증상 정도, 검사결과, 치료 내용, 관찰 필요성으로 검토 필요","수술 여부, 수술 목적, 수술기록지상 주요 소견 확인 필요","진료기록지;처방전;진료비 세부내역서;검사결과지 또는 판독지;의사 소견서","I60.2:MIC123;I60;지주막하출혈;뇌 / 신경계;진단비 / 상해성 여부 / 기왕증 / 후유장해 / 입원 필요성;마비;말 어눌함;MRI 병변;신경학적 결손","medical_knowledge;terms_standards;fss_dispute_cases;legal_statutes;precedents;issue_playbooks","이 데이터는 의료 판단 확정용이 아니라 보험 실무상 쟁점 연결용 내부 보강 데이터다. 질병코드만으로 진단, 인과관계, 장해율, 고지의무 위반을 단정하지 말고 실제 진료내용, 검사결과, 치료기간, 약관을 확인해야 한다.","medical_issue_codes","internal_medical_issue_code","internal_review_required","needs_human_review"
"MIC124","G45.3:MIC124","일과성 뇌허혈발작 관련 보험쟁점 34","G45","뇌 / 신경계","진단비 / 상해성 여부 / 기왕증 / 후유장해 / 입원 필요성","진단비;입원비;수술비;후유장해;사망보험금","마비;말 어눌함;어지럼;두통;기억력 저하","MRI 병변;신경학적 결손;두개내출혈;발작;인지저하","Brain MRI;Brain CT;혈관조영검사;신경학적 검사;인지기능검사","급성 병변 여부;영상검사상 병변 위치;증상 지속시간;기존 병변 여부;일상생활 제한","일과성 뇌허혈발작 관련 보험쟁점 34은(는) 진단비 / 상해성 여부 / 기왕증 / 후유장해 / 입원 필요성와 연결될 수 있는 내부 검색 보강 항목이다. 코드명만으로 결론을 내리지 않고 실제 문서상 진단 경위, 검사, 치료기간, 약관상 담보를 함께 확인해야 한다.","사고 직후 증상 발생 여부;사고 전 동일 부위 또는 동일 질환 치료력;검사상 급성 소견 여부;시간적 근접성","기존 치료력;반복 진료 이력;퇴행성 또는 만성 변화;건강검진 이상소견","최근 3개월 내 진료 여부;정밀검사 여부;입원/수술/장기투약 여부;의사가 중대한 질환으로 설명했는지 여부","영구장해 여부;객관적 기능 제한;장해 고정 시점;기왕장해 기여도","입원 필요성은 증상 정도, 검사결과, 치료 내용, 관찰 필요성으로 검토 필요","수술 여부, 수술 목적, 수술기록지상 주요 소견 확인 필요","진료기록지;처방전;진료비 세부내역서;검사결과지 또는 판독지;의사 소견서","G45.3:MIC124;G45;일과성 뇌허혈발작;뇌 / 신경계;진단비 / 상해성 여부 / 기왕증 / 후유장해 / 입원 필요성;마비;말 어눌함;MRI 병변;신경학적 결손","medical_knowledge;terms_standards;fss_dispute_cases;legal_statutes;precedents;issue_playbooks","이 데이터는 의료 판단 확정용이 아니라 보험 실무상 쟁점 연결용 내부 보강 데이터다. 질병코드만으로 진단, 인과관계, 장해율, 고지의무 위반을 단정하지 말고 실제 진료내용, 검사결과, 치료기간, 약관을 확인해야 한다.","medical_issue_codes","internal_medical_issue_code","internal_review_required","needs_human_review"
"MIC125","G40.4:MIC125","뇌전증 관련 보험쟁점 35","G40","뇌 / 신경계","진단비 / 상해성 여부 / 기왕증 / 후유장해 / 입원 필요성","진단비;입원비;수술비;후유장해;사망보험금","마비;말 어눌함;어지럼;두통;기억력 저하","MRI 병변;신경학적 결손;두개내출혈;발작;인지저하","Brain MRI;Brain CT;혈관조영검사;신경학적 검사;인지기능검사","급성 병변 여부;영상검사상 병변 위치;증상 지속시간;기존 병변 여부;일상생활 제한","뇌전증 관련 보험쟁점 35은(는) 진단비 / 상해성 여부 / 기왕증 / 후유장해 / 입원 필요성와 연결될 수 있는 내부 검색 보강 항목이다. 코드명만으로 결론을 내리지 않고 실제 문서상 진단 경위, 검사, 치료기간, 약관상 담보를 함께 확인해야 한다.","사고 직후 증상 발생 여부;사고 전 동일 부위 또는 동일 질환 치료력;검사상 급성 소견 여부;시간적 근접성","기존 치료력;반복 진료 이력;퇴행성 또는 만성 변화;건강검진 이상소견","최근 3개월 내 진료 여부;정밀검사 여부;입원/수술/장기투약 여부;의사가 중대한 질환으로 설명했는지 여부","영구장해 여부;객관적 기능 제한;장해 고정 시점;기왕장해 기여도","입원 필요성은 증상 정도, 검사결과, 치료 내용, 관찰 필요성으로 검토 필요","수술 여부, 수술 목적, 수술기록지상 주요 소견 확인 필요","진료기록지;처방전;진료비 세부내역서;검사결과지 또는 판독지;의사 소견서","G40.4:MIC125;G40;뇌전증;뇌 / 신경계;진단비 / 상해성 여부 / 기왕증 / 후유장해 / 입원 필요성;마비;말 어눌함;MRI 병변;신경학적 결손","medical_knowledge;terms_standards;fss_dispute_cases;legal_statutes;precedents;issue_playbooks","이 데이터는 의료 판단 확정용이 아니라 보험 실무상 쟁점 연결용 내부 보강 데이터다. 질병코드만으로 진단, 인과관계, 장해율, 고지의무 위반을 단정하지 말고 실제 진료내용, 검사결과, 치료기간, 약관을 확인해야 한다.","medical_issue_codes","internal_medical_issue_code","internal_review_required","needs_human_review"
"MIC126","G43.5:MIC126","편두통 관련 보험쟁점 36","G43","뇌 / 신경계","진단비 / 상해성 여부 / 기왕증 / 후유장해 / 입원 필요성","진단비;입원비;수술비;후유장해;사망보험금","마비;말 어눌함;어지럼;두통;기억력 저하","MRI 병변;신경학적 결손;두개내출혈;발작;인지저하","Brain MRI;Brain CT;혈관조영검사;신경학적 검사;인지기능검사","급성 병변 여부;영상검사상 병변 위치;증상 지속시간;기존 병변 여부;일상생활 제한","편두통 관련 보험쟁점 36은(는) 진단비 / 상해성 여부 / 기왕증 / 후유장해 / 입원 필요성와 연결될 수 있는 내부 검색 보강 항목이다. 코드명만으로 결론을 내리지 않고 실제 문서상 진단 경위, 검사, 치료기간, 약관상 담보를 함께 확인해야 한다.","사고 직후 증상 발생 여부;사고 전 동일 부위 또는 동일 질환 치료력;검사상 급성 소견 여부;시간적 근접성","기존 치료력;반복 진료 이력;퇴행성 또는 만성 변화;건강검진 이상소견","최근 3개월 내 진료 여부;정밀검사 여부;입원/수술/장기투약 여부;의사가 중대한 질환으로 설명했는지 여부","영구장해 여부;객관적 기능 제한;장해 고정 시점;기왕장해 기여도","입원 필요성은 증상 정도, 검사결과, 치료 내용, 관찰 필요성으로 검토 필요","수술 여부, 수술 목적, 수술기록지상 주요 소견 확인 필요","진료기록지;처방전;진료비 세부내역서;검사결과지 또는 판독지;의사 소견서","G43.5:MIC126;G43;편두통;뇌 / 신경계;진단비 / 상해성 여부 / 기왕증 / 후유장해 / 입원 필요성;마비;말 어눌함;MRI 병변;신경학적 결손","medical_knowledge;terms_standards;fss_dispute_cases;legal_statutes;precedents;issue_playbooks","이 데이터는 의료 판단 확정용이 아니라 보험 실무상 쟁점 연결용 내부 보강 데이터다. 질병코드만으로 진단, 인과관계, 장해율, 고지의무 위반을 단정하지 말고 실제 진료내용, 검사결과, 치료기간, 약관을 확인해야 한다.","medical_issue_codes","internal_medical_issue_code","internal_review_required","needs_human_review"
"MIC127","G20.6:MIC127","파킨슨병 관련 보험쟁점 37","G20","뇌 / 신경계","진단비 / 상해성 여부 / 기왕증 / 후유장해 / 입원 필요성","진단비;입원비;수술비;후유장해;사망보험금","마비;말 어눌함;어지럼;두통;기억력 저하","MRI 병변;신경학적 결손;두개내출혈;발작;인지저하","Brain MRI;Brain CT;혈관조영검사;신경학적 검사;인지기능검사","급성 병변 여부;영상검사상 병변 위치;증상 지속시간;기존 병변 여부;일상생활 제한","파킨슨병 관련 보험쟁점 37은(는) 진단비 / 상해성 여부 / 기왕증 / 후유장해 / 입원 필요성와 연결될 수 있는 내부 검색 보강 항목이다. 코드명만으로 결론을 내리지 않고 실제 문서상 진단 경위, 검사, 치료기간, 약관상 담보를 함께 확인해야 한다.","사고 직후 증상 발생 여부;사고 전 동일 부위 또는 동일 질환 치료력;검사상 급성 소견 여부;시간적 근접성","기존 치료력;반복 진료 이력;퇴행성 또는 만성 변화;건강검진 이상소견","최근 3개월 내 진료 여부;정밀검사 여부;입원/수술/장기투약 여부;의사가 중대한 질환으로 설명했는지 여부","영구장해 여부;객관적 기능 제한;장해 고정 시점;기왕장해 기여도","입원 필요성은 증상 정도, 검사결과, 치료 내용, 관찰 필요성으로 검토 필요","수술 여부, 수술 목적, 수술기록지상 주요 소견 확인 필요","진료기록지;처방전;진료비 세부내역서;검사결과지 또는 판독지;의사 소견서","G20.6:MIC127;G20;파킨슨병;뇌 / 신경계;진단비 / 상해성 여부 / 기왕증 / 후유장해 / 입원 필요성;마비;말 어눌함;MRI 병변;신경학적 결손","medical_knowledge;terms_standards;fss_dispute_cases;legal_statutes;precedents;issue_playbooks","이 데이터는 의료 판단 확정용이 아니라 보험 실무상 쟁점 연결용 내부 보강 데이터다. 질병코드만으로 진단, 인과관계, 장해율, 고지의무 위반을 단정하지 말고 실제 진료내용, 검사결과, 치료기간, 약관을 확인해야 한다.","medical_issue_codes","internal_medical_issue_code","internal_review_required","needs_human_review"
"MIC128","G30.7:MIC128","알츠하이머병 관련 보험쟁점 38","G30","뇌 / 신경계","진단비 / 상해성 여부 / 기왕증 / 후유장해 / 입원 필요성","진단비;입원비;수술비;후유장해;사망보험금","마비;말 어눌함;어지럼;두통;기억력 저하","MRI 병변;신경학적 결손;두개내출혈;발작;인지저하","Brain MRI;Brain CT;혈관조영검사;신경학적 검사;인지기능검사","급성 병변 여부;영상검사상 병변 위치;증상 지속시간;기존 병변 여부;일상생활 제한","알츠하이머병 관련 보험쟁점 38은(는) 진단비 / 상해성 여부 / 기왕증 / 후유장해 / 입원 필요성와 연결될 수 있는 내부 검색 보강 항목이다. 코드명만으로 결론을 내리지 않고 실제 문서상 진단 경위, 검사, 치료기간, 약관상 담보를 함께 확인해야 한다.","사고 직후 증상 발생 여부;사고 전 동일 부위 또는 동일 질환 치료력;검사상 급성 소견 여부;시간적 근접성","기존 치료력;반복 진료 이력;퇴행성 또는 만성 변화;건강검진 이상소견","최근 3개월 내 진료 여부;정밀검사 여부;입원/수술/장기투약 여부;의사가 중대한 질환으로 설명했는지 여부","영구장해 여부;객관적 기능 제한;장해 고정 시점;기왕장해 기여도","입원 필요성은 증상 정도, 검사결과, 치료 내용, 관찰 필요성으로 검토 필요","수술 여부, 수술 목적, 수술기록지상 주요 소견 확인 필요","진료기록지;처방전;진료비 세부내역서;검사결과지 또는 판독지;의사 소견서","G30.7:MIC128;G30;알츠하이머병;뇌 / 신경계;진단비 / 상해성 여부 / 기왕증 / 후유장해 / 입원 필요성;마비;말 어눌함;MRI 병변;신경학적 결손","medical_knowledge;terms_standards;fss_dispute_cases;legal_statutes;precedents;issue_playbooks","이 데이터는 의료 판단 확정용이 아니라 보험 실무상 쟁점 연결용 내부 보강 데이터다. 질병코드만으로 진단, 인과관계, 장해율, 고지의무 위반을 단정하지 말고 실제 진료내용, 검사결과, 치료기간, 약관을 확인해야 한다.","medical_issue_codes","internal_medical_issue_code","internal_review_required","needs_human_review"
"MIC129","S06.8:MIC129","두개내손상 관련 보험쟁점 39","S06","뇌 / 신경계","진단비 / 상해성 여부 / 기왕증 / 후유장해 / 입원 필요성","진단비;입원비;수술비;후유장해;사망보험금","마비;말 어눌함;어지럼;두통;기억력 저하","MRI 병변;신경학적 결손;두개내출혈;발작;인지저하","Brain MRI;Brain CT;혈관조영검사;신경학적 검사;인지기능검사","급성 병변 여부;영상검사상 병변 위치;증상 지속시간;기존 병변 여부;일상생활 제한","두개내손상 관련 보험쟁점 39은(는) 진단비 / 상해성 여부 / 기왕증 / 후유장해 / 입원 필요성와 연결될 수 있는 내부 검색 보강 항목이다. 코드명만으로 결론을 내리지 않고 실제 문서상 진단 경위, 검사, 치료기간, 약관상 담보를 함께 확인해야 한다.","사고 직후 증상 발생 여부;사고 전 동일 부위 또는 동일 질환 치료력;검사상 급성 소견 여부;시간적 근접성","기존 치료력;반복 진료 이력;퇴행성 또는 만성 변화;건강검진 이상소견","최근 3개월 내 진료 여부;정밀검사 여부;입원/수술/장기투약 여부;의사가 중대한 질환으로 설명했는지 여부","영구장해 여부;객관적 기능 제한;장해 고정 시점;기왕장해 기여도","입원 필요성은 증상 정도, 검사결과, 치료 내용, 관찰 필요성으로 검토 필요","수술 여부, 수술 목적, 수술기록지상 주요 소견 확인 필요","진료기록지;처방전;진료비 세부내역서;검사결과지 또는 판독지;의사 소견서","S06.8:MIC129;S06;두개내손상;뇌 / 신경계;진단비 / 상해성 여부 / 기왕증 / 후유장해 / 입원 필요성;마비;말 어눌함;MRI 병변;신경학적 결손","medical_knowledge;terms_standards;fss_dispute_cases;legal_statutes;precedents;issue_playbooks","이 데이터는 의료 판단 확정용이 아니라 보험 실무상 쟁점 연결용 내부 보강 데이터다. 질병코드만으로 진단, 인과관계, 장해율, 고지의무 위반을 단정하지 말고 실제 진료내용, 검사결과, 치료기간, 약관을 확인해야 한다.","medical_issue_codes","internal_medical_issue_code","internal_review_required","needs_human_review"
"MIC130","F07.9:MIC130","뇌손상 후 증후군 관련 보험쟁점 40","F07","뇌 / 신경계","진단비 / 상해성 여부 / 기왕증 / 후유장해 / 입원 필요성","진단비;입원비;수술비;후유장해;사망보험금","마비;말 어눌함;어지럼;두통;기억력 저하","MRI 병변;신경학적 결손;두개내출혈;발작;인지저하","Brain MRI;Brain CT;혈관조영검사;신경학적 검사;인지기능검사","급성 병변 여부;영상검사상 병변 위치;증상 지속시간;기존 병변 여부;일상생활 제한","뇌손상 후 증후군 관련 보험쟁점 40은(는) 진단비 / 상해성 여부 / 기왕증 / 후유장해 / 입원 필요성와 연결될 수 있는 내부 검색 보강 항목이다. 코드명만으로 결론을 내리지 않고 실제 문서상 진단 경위, 검사, 치료기간, 약관상 담보를 함께 확인해야 한다.","사고 직후 증상 발생 여부;사고 전 동일 부위 또는 동일 질환 치료력;검사상 급성 소견 여부;시간적 근접성","기존 치료력;반복 진료 이력;퇴행성 또는 만성 변화;건강검진 이상소견","최근 3개월 내 진료 여부;정밀검사 여부;입원/수술/장기투약 여부;의사가 중대한 질환으로 설명했는지 여부","영구장해 여부;객관적 기능 제한;장해 고정 시점;기왕장해 기여도","입원 필요성은 증상 정도, 검사결과, 치료 내용, 관찰 필요성으로 검토 필요","수술 여부, 수술 목적, 수술기록지상 주요 소견 확인 필요","진료기록지;처방전;진료비 세부내역서;검사결과지 또는 판독지;의사 소견서","F07.9:MIC130;F07;뇌손상 후 증후군;뇌 / 신경계;진단비 / 상해성 여부 / 기왕증 / 후유장해 / 입원 필요성;마비;말 어눌함;MRI 병변;신경학적 결손","medical_knowledge;terms_standards;fss_dispute_cases;legal_statutes;precedents;issue_playbooks","이 데이터는 의료 판단 확정용이 아니라 보험 실무상 쟁점 연결용 내부 보강 데이터다. 질병코드만으로 진단, 인과관계, 장해율, 고지의무 위반을 단정하지 말고 실제 진료내용, 검사결과, 치료기간, 약관을 확인해야 한다.","medical_issue_codes","internal_medical_issue_code","internal_review_required","needs_human_review"
"MIC131","I20.0","협심증 관련 보험쟁점 1","I20","심장 / 혈관","진단비 / 고지의무 / 기왕증 / 입원 필요성 / 수술비","진단비;입원비;수술비;실손의료비;사망보험금","가슴통증;숨참;두근거림;혈압 높음;흉부 불편감","심전도 이상;트로포닌 상승;관상동맥 협착;심부전;부정맥","심전도;트로포닌;심장초음파;관상동맥조영술;혈액검사","효소 상승 정도;심전도 변화;관상동맥 협착 여부;시술 여부;기존 심장질환 치료력","협심증 관련 보험쟁점 1은(는) 진단비 / 고지의무 / 기왕증 / 입원 필요성 / 수술비와 연결될 수 있는 내부 검색 보강 항목이다. 코드명만으로 결론을 내리지 않고 실제 문서상 진단 경위, 검사, 치료기간, 약관상 담보를 함께 확인해야 한다.","사고 직후 증상 발생 여부;사고 전 동일 부위 또는 동일 질환 치료력;검사상 급성 소견 여부;시간적 근접성","기존 치료력;반복 진료 이력;퇴행성 또는 만성 변화;건강검진 이상소견","최근 3개월 내 진료 여부;정밀검사 여부;입원/수술/장기투약 여부;의사가 중대한 질환으로 설명했는지 여부","영구장해 여부;객관적 기능 제한;장해 고정 시점;기왕장해 기여도","입원 필요성은 증상 정도, 검사결과, 치료 내용, 관찰 필요성으로 검토 필요","수술 여부, 수술 목적, 수술기록지상 주요 소견 확인 필요","진료기록지;처방전;진료비 세부내역서;검사결과지 또는 판독지;의사 소견서","I20.0;I20;협심증;심장 / 혈관;진단비 / 고지의무 / 기왕증 / 입원 필요성 / 수술비;가슴통증;숨참;심전도 이상;트로포닌 상승","medical_knowledge;terms_standards;fss_dispute_cases;legal_statutes;precedents;issue_playbooks","이 데이터는 의료 판단 확정용이 아니라 보험 실무상 쟁점 연결용 내부 보강 데이터다. 질병코드만으로 진단, 인과관계, 장해율, 고지의무 위반을 단정하지 말고 실제 진료내용, 검사결과, 치료기간, 약관을 확인해야 한다.","medical_issue_codes","internal_medical_issue_code","internal_review_required","needs_human_review"
"MIC132","I21.1","급성심근경색 관련 보험쟁점 2","I21","심장 / 혈관","진단비 / 고지의무 / 기왕증 / 입원 필요성 / 수술비","진단비;입원비;수술비;실손의료비;사망보험금","가슴통증;숨참;두근거림;혈압 높음;흉부 불편감","심전도 이상;트로포닌 상승;관상동맥 협착;심부전;부정맥","심전도;트로포닌;심장초음파;관상동맥조영술;혈액검사","효소 상승 정도;심전도 변화;관상동맥 협착 여부;시술 여부;기존 심장질환 치료력","급성심근경색 관련 보험쟁점 2은(는) 진단비 / 고지의무 / 기왕증 / 입원 필요성 / 수술비와 연결될 수 있는 내부 검색 보강 항목이다. 코드명만으로 결론을 내리지 않고 실제 문서상 진단 경위, 검사, 치료기간, 약관상 담보를 함께 확인해야 한다.","사고 직후 증상 발생 여부;사고 전 동일 부위 또는 동일 질환 치료력;검사상 급성 소견 여부;시간적 근접성","기존 치료력;반복 진료 이력;퇴행성 또는 만성 변화;건강검진 이상소견","최근 3개월 내 진료 여부;정밀검사 여부;입원/수술/장기투약 여부;의사가 중대한 질환으로 설명했는지 여부","영구장해 여부;객관적 기능 제한;장해 고정 시점;기왕장해 기여도","입원 필요성은 증상 정도, 검사결과, 치료 내용, 관찰 필요성으로 검토 필요","수술 여부, 수술 목적, 수술기록지상 주요 소견 확인 필요","진료기록지;처방전;진료비 세부내역서;검사결과지 또는 판독지;의사 소견서","I21.1;I21;급성심근경색;심장 / 혈관;진단비 / 고지의무 / 기왕증 / 입원 필요성 / 수술비;가슴통증;숨참;심전도 이상;트로포닌 상승","medical_knowledge;terms_standards;fss_dispute_cases;legal_statutes;precedents;issue_playbooks","이 데이터는 의료 판단 확정용이 아니라 보험 실무상 쟁점 연결용 내부 보강 데이터다. 질병코드만으로 진단, 인과관계, 장해율, 고지의무 위반을 단정하지 말고 실제 진료내용, 검사결과, 치료기간, 약관을 확인해야 한다.","medical_issue_codes","internal_medical_issue_code","internal_review_required","needs_human_review"
"MIC133","I25.2","만성허혈심장병 관련 보험쟁점 3","I25","심장 / 혈관","진단비 / 고지의무 / 기왕증 / 입원 필요성 / 수술비","진단비;입원비;수술비;실손의료비;사망보험금","가슴통증;숨참;두근거림;혈압 높음;흉부 불편감","심전도 이상;트로포닌 상승;관상동맥 협착;심부전;부정맥","심전도;트로포닌;심장초음파;관상동맥조영술;혈액검사","효소 상승 정도;심전도 변화;관상동맥 협착 여부;시술 여부;기존 심장질환 치료력","만성허혈심장병 관련 보험쟁점 3은(는) 진단비 / 고지의무 / 기왕증 / 입원 필요성 / 수술비와 연결될 수 있는 내부 검색 보강 항목이다. 코드명만으로 결론을 내리지 않고 실제 문서상 진단 경위, 검사, 치료기간, 약관상 담보를 함께 확인해야 한다.","사고 직후 증상 발생 여부;사고 전 동일 부위 또는 동일 질환 치료력;검사상 급성 소견 여부;시간적 근접성","기존 치료력;반복 진료 이력;퇴행성 또는 만성 변화;건강검진 이상소견","최근 3개월 내 진료 여부;정밀검사 여부;입원/수술/장기투약 여부;의사가 중대한 질환으로 설명했는지 여부","영구장해 여부;객관적 기능 제한;장해 고정 시점;기왕장해 기여도","입원 필요성은 증상 정도, 검사결과, 치료 내용, 관찰 필요성으로 검토 필요","수술 여부, 수술 목적, 수술기록지상 주요 소견 확인 필요","진료기록지;처방전;진료비 세부내역서;검사결과지 또는 판독지;의사 소견서","I25.2;I25;만성허혈심장병;심장 / 혈관;진단비 / 고지의무 / 기왕증 / 입원 필요성 / 수술비;가슴통증;숨참;심전도 이상;트로포닌 상승","medical_knowledge;terms_standards;fss_dispute_cases;legal_statutes;precedents;issue_playbooks","이 데이터는 의료 판단 확정용이 아니라 보험 실무상 쟁점 연결용 내부 보강 데이터다. 질병코드만으로 진단, 인과관계, 장해율, 고지의무 위반을 단정하지 말고 실제 진료내용, 검사결과, 치료기간, 약관을 확인해야 한다.","medical_issue_codes","internal_medical_issue_code","internal_review_required","needs_human_review"
"MIC134","I50.3","심부전 관련 보험쟁점 4","I50","심장 / 혈관","진단비 / 고지의무 / 기왕증 / 입원 필요성 / 수술비","진단비;입원비;수술비;실손의료비;사망보험금","가슴통증;숨참;두근거림;혈압 높음;흉부 불편감","심전도 이상;트로포닌 상승;관상동맥 협착;심부전;부정맥","심전도;트로포닌;심장초음파;관상동맥조영술;혈액검사","효소 상승 정도;심전도 변화;관상동맥 협착 여부;시술 여부;기존 심장질환 치료력","심부전 관련 보험쟁점 4은(는) 진단비 / 고지의무 / 기왕증 / 입원 필요성 / 수술비와 연결될 수 있는 내부 검색 보강 항목이다. 코드명만으로 결론을 내리지 않고 실제 문서상 진단 경위, 검사, 치료기간, 약관상 담보를 함께 확인해야 한다.","사고 직후 증상 발생 여부;사고 전 동일 부위 또는 동일 질환 치료력;검사상 급성 소견 여부;시간적 근접성","기존 치료력;반복 진료 이력;퇴행성 또는 만성 변화;건강검진 이상소견","최근 3개월 내 진료 여부;정밀검사 여부;입원/수술/장기투약 여부;의사가 중대한 질환으로 설명했는지 여부","영구장해 여부;객관적 기능 제한;장해 고정 시점;기왕장해 기여도","입원 필요성은 증상 정도, 검사결과, 치료 내용, 관찰 필요성으로 검토 필요","수술 여부, 수술 목적, 수술기록지상 주요 소견 확인 필요","진료기록지;처방전;진료비 세부내역서;검사결과지 또는 판독지;의사 소견서","I50.3;I50;심부전;심장 / 혈관;진단비 / 고지의무 / 기왕증 / 입원 필요성 / 수술비;가슴통증;숨참;심전도 이상;트로포닌 상승","medical_knowledge;terms_standards;fss_dispute_cases;legal_statutes;precedents;issue_playbooks","이 데이터는 의료 판단 확정용이 아니라 보험 실무상 쟁점 연결용 내부 보강 데이터다. 질병코드만으로 진단, 인과관계, 장해율, 고지의무 위반을 단정하지 말고 실제 진료내용, 검사결과, 치료기간, 약관을 확인해야 한다.","medical_issue_codes","internal_medical_issue_code","internal_review_required","needs_human_review"
"MIC135","I31.3:05","심낭삼출 관련 보험쟁점 5","I31.3","심장 / 혈관","진단비 / 고지의무 / 기왕증 / 입원 필요성 / 수술비","진단비;입원비;수술비;실손의료비;사망보험금","가슴통증;숨참;두근거림;혈압 높음;흉부 불편감","심전도 이상;트로포닌 상승;관상동맥 협착;심부전;부정맥","심전도;트로포닌;심장초음파;관상동맥조영술;혈액검사","효소 상승 정도;심전도 변화;관상동맥 협착 여부;시술 여부;기존 심장질환 치료력","심낭삼출 관련 보험쟁점 5은(는) 진단비 / 고지의무 / 기왕증 / 입원 필요성 / 수술비와 연결될 수 있는 내부 검색 보강 항목이다. 코드명만으로 결론을 내리지 않고 실제 문서상 진단 경위, 검사, 치료기간, 약관상 담보를 함께 확인해야 한다.","사고 직후 증상 발생 여부;사고 전 동일 부위 또는 동일 질환 치료력;검사상 급성 소견 여부;시간적 근접성","기존 치료력;반복 진료 이력;퇴행성 또는 만성 변화;건강검진 이상소견","최근 3개월 내 진료 여부;정밀검사 여부;입원/수술/장기투약 여부;의사가 중대한 질환으로 설명했는지 여부","영구장해 여부;객관적 기능 제한;장해 고정 시점;기왕장해 기여도","입원 필요성은 증상 정도, 검사결과, 치료 내용, 관찰 필요성으로 검토 필요","수술 여부, 수술 목적, 수술기록지상 주요 소견 확인 필요","진료기록지;처방전;진료비 세부내역서;검사결과지 또는 판독지;의사 소견서","I31.3:05;I31.3;심낭삼출;심장 / 혈관;진단비 / 고지의무 / 기왕증 / 입원 필요성 / 수술비;가슴통증;숨참;심전도 이상;트로포닌 상승","medical_knowledge;terms_standards;fss_dispute_cases;legal_statutes;precedents;issue_playbooks","이 데이터는 의료 판단 확정용이 아니라 보험 실무상 쟁점 연결용 내부 보강 데이터다. 질병코드만으로 진단, 인과관계, 장해율, 고지의무 위반을 단정하지 말고 실제 진료내용, 검사결과, 치료기간, 약관을 확인해야 한다.","medical_issue_codes","internal_medical_issue_code","internal_review_required","needs_human_review"
"MIC136","I10.5","고혈압 관련 보험쟁점 6","I10","심장 / 혈관","진단비 / 고지의무 / 기왕증 / 입원 필요성 / 수술비","진단비;입원비;수술비;실손의료비;사망보험금","가슴통증;숨참;두근거림;혈압 높음;흉부 불편감","심전도 이상;트로포닌 상승;관상동맥 협착;심부전;부정맥","심전도;트로포닌;심장초음파;관상동맥조영술;혈액검사","효소 상승 정도;심전도 변화;관상동맥 협착 여부;시술 여부;기존 심장질환 치료력","고혈압 관련 보험쟁점 6은(는) 진단비 / 고지의무 / 기왕증 / 입원 필요성 / 수술비와 연결될 수 있는 내부 검색 보강 항목이다. 코드명만으로 결론을 내리지 않고 실제 문서상 진단 경위, 검사, 치료기간, 약관상 담보를 함께 확인해야 한다.","사고 직후 증상 발생 여부;사고 전 동일 부위 또는 동일 질환 치료력;검사상 급성 소견 여부;시간적 근접성","기존 치료력;반복 진료 이력;퇴행성 또는 만성 변화;건강검진 이상소견","최근 3개월 내 진료 여부;정밀검사 여부;입원/수술/장기투약 여부;의사가 중대한 질환으로 설명했는지 여부","영구장해 여부;객관적 기능 제한;장해 고정 시점;기왕장해 기여도","입원 필요성은 증상 정도, 검사결과, 치료 내용, 관찰 필요성으로 검토 필요","수술 여부, 수술 목적, 수술기록지상 주요 소견 확인 필요","진료기록지;처방전;진료비 세부내역서;검사결과지 또는 판독지;의사 소견서","I10.5;I10;고혈압;심장 / 혈관;진단비 / 고지의무 / 기왕증 / 입원 필요성 / 수술비;가슴통증;숨참;심전도 이상;트로포닌 상승","medical_knowledge;terms_standards;fss_dispute_cases;legal_statutes;precedents;issue_playbooks","이 데이터는 의료 판단 확정용이 아니라 보험 실무상 쟁점 연결용 내부 보강 데이터다. 질병코드만으로 진단, 인과관계, 장해율, 고지의무 위반을 단정하지 말고 실제 진료내용, 검사결과, 치료기간, 약관을 확인해야 한다.","medical_issue_codes","internal_medical_issue_code","internal_review_required","needs_human_review"
"MIC137","I48.6","심방세동 관련 보험쟁점 7","I48","심장 / 혈관","진단비 / 고지의무 / 기왕증 / 입원 필요성 / 수술비","진단비;입원비;수술비;실손의료비;사망보험금","가슴통증;숨참;두근거림;혈압 높음;흉부 불편감","심전도 이상;트로포닌 상승;관상동맥 협착;심부전;부정맥","심전도;트로포닌;심장초음파;관상동맥조영술;혈액검사","효소 상승 정도;심전도 변화;관상동맥 협착 여부;시술 여부;기존 심장질환 치료력","심방세동 관련 보험쟁점 7은(는) 진단비 / 고지의무 / 기왕증 / 입원 필요성 / 수술비와 연결될 수 있는 내부 검색 보강 항목이다. 코드명만으로 결론을 내리지 않고 실제 문서상 진단 경위, 검사, 치료기간, 약관상 담보를 함께 확인해야 한다.","사고 직후 증상 발생 여부;사고 전 동일 부위 또는 동일 질환 치료력;검사상 급성 소견 여부;시간적 근접성","기존 치료력;반복 진료 이력;퇴행성 또는 만성 변화;건강검진 이상소견","최근 3개월 내 진료 여부;정밀검사 여부;입원/수술/장기투약 여부;의사가 중대한 질환으로 설명했는지 여부","영구장해 여부;객관적 기능 제한;장해 고정 시점;기왕장해 기여도","입원 필요성은 증상 정도, 검사결과, 치료 내용, 관찰 필요성으로 검토 필요","수술 여부, 수술 목적, 수술기록지상 주요 소견 확인 필요","진료기록지;처방전;진료비 세부내역서;검사결과지 또는 판독지;의사 소견서","I48.6;I48;심방세동;심장 / 혈관;진단비 / 고지의무 / 기왕증 / 입원 필요성 / 수술비;가슴통증;숨참;심전도 이상;트로포닌 상승","medical_knowledge;terms_standards;fss_dispute_cases;legal_statutes;precedents;issue_playbooks","이 데이터는 의료 판단 확정용이 아니라 보험 실무상 쟁점 연결용 내부 보강 데이터다. 질병코드만으로 진단, 인과관계, 장해율, 고지의무 위반을 단정하지 말고 실제 진료내용, 검사결과, 치료기간, 약관을 확인해야 한다.","medical_issue_codes","internal_medical_issue_code","internal_review_required","needs_human_review"
"MIC138","I42.7","심근병증 관련 보험쟁점 8","I42","심장 / 혈관","진단비 / 고지의무 / 기왕증 / 입원 필요성 / 수술비","진단비;입원비;수술비;실손의료비;사망보험금","가슴통증;숨참;두근거림;혈압 높음;흉부 불편감","심전도 이상;트로포닌 상승;관상동맥 협착;심부전;부정맥","심전도;트로포닌;심장초음파;관상동맥조영술;혈액검사","효소 상승 정도;심전도 변화;관상동맥 협착 여부;시술 여부;기존 심장질환 치료력","심근병증 관련 보험쟁점 8은(는) 진단비 / 고지의무 / 기왕증 / 입원 필요성 / 수술비와 연결될 수 있는 내부 검색 보강 항목이다. 코드명만으로 결론을 내리지 않고 실제 문서상 진단 경위, 검사, 치료기간, 약관상 담보를 함께 확인해야 한다.","사고 직후 증상 발생 여부;사고 전 동일 부위 또는 동일 질환 치료력;검사상 급성 소견 여부;시간적 근접성","기존 치료력;반복 진료 이력;퇴행성 또는 만성 변화;건강검진 이상소견","최근 3개월 내 진료 여부;정밀검사 여부;입원/수술/장기투약 여부;의사가 중대한 질환으로 설명했는지 여부","영구장해 여부;객관적 기능 제한;장해 고정 시점;기왕장해 기여도","입원 필요성은 증상 정도, 검사결과, 치료 내용, 관찰 필요성으로 검토 필요","수술 여부, 수술 목적, 수술기록지상 주요 소견 확인 필요","진료기록지;처방전;진료비 세부내역서;검사결과지 또는 판독지;의사 소견서","I42.7;I42;심근병증;심장 / 혈관;진단비 / 고지의무 / 기왕증 / 입원 필요성 / 수술비;가슴통증;숨참;심전도 이상;트로포닌 상승","medical_knowledge;terms_standards;fss_dispute_cases;legal_statutes;precedents;issue_playbooks","이 데이터는 의료 판단 확정용이 아니라 보험 실무상 쟁점 연결용 내부 보강 데이터다. 질병코드만으로 진단, 인과관계, 장해율, 고지의무 위반을 단정하지 말고 실제 진료내용, 검사결과, 치료기간, 약관을 확인해야 한다.","medical_issue_codes","internal_medical_issue_code","internal_review_required","needs_human_review"
"MIC139","I71.8","대동맥류/박리 관련 보험쟁점 9","I71","심장 / 혈관","진단비 / 고지의무 / 기왕증 / 입원 필요성 / 수술비","진단비;입원비;수술비;실손의료비;사망보험금","가슴통증;숨참;두근거림;혈압 높음;흉부 불편감","심전도 이상;트로포닌 상승;관상동맥 협착;심부전;부정맥","심전도;트로포닌;심장초음파;관상동맥조영술;혈액검사","효소 상승 정도;심전도 변화;관상동맥 협착 여부;시술 여부;기존 심장질환 치료력","대동맥류/박리 관련 보험쟁점 9은(는) 진단비 / 고지의무 / 기왕증 / 입원 필요성 / 수술비와 연결될 수 있는 내부 검색 보강 항목이다. 코드명만으로 결론을 내리지 않고 실제 문서상 진단 경위, 검사, 치료기간, 약관상 담보를 함께 확인해야 한다.","사고 직후 증상 발생 여부;사고 전 동일 부위 또는 동일 질환 치료력;검사상 급성 소견 여부;시간적 근접성","기존 치료력;반복 진료 이력;퇴행성 또는 만성 변화;건강검진 이상소견","최근 3개월 내 진료 여부;정밀검사 여부;입원/수술/장기투약 여부;의사가 중대한 질환으로 설명했는지 여부","영구장해 여부;객관적 기능 제한;장해 고정 시점;기왕장해 기여도","입원 필요성은 증상 정도, 검사결과, 치료 내용, 관찰 필요성으로 검토 필요","수술 여부, 수술 목적, 수술기록지상 주요 소견 확인 필요","진료기록지;처방전;진료비 세부내역서;검사결과지 또는 판독지;의사 소견서","I71.8;I71;대동맥류/박리;심장 / 혈관;진단비 / 고지의무 / 기왕증 / 입원 필요성 / 수술비;가슴통증;숨참;심전도 이상;트로포닌 상승","medical_knowledge;terms_standards;fss_dispute_cases;legal_statutes;precedents;issue_playbooks","이 데이터는 의료 판단 확정용이 아니라 보험 실무상 쟁점 연결용 내부 보강 데이터다. 질병코드만으로 진단, 인과관계, 장해율, 고지의무 위반을 단정하지 말고 실제 진료내용, 검사결과, 치료기간, 약관을 확인해야 한다.","medical_issue_codes","internal_medical_issue_code","internal_review_required","needs_human_review"
"MIC140","R07.9","흉통 관련 보험쟁점 10","R07","심장 / 혈관","진단비 / 고지의무 / 기왕증 / 입원 필요성 / 수술비","진단비;입원비;수술비;실손의료비;사망보험금","가슴통증;숨참;두근거림;혈압 높음;흉부 불편감","심전도 이상;트로포닌 상승;관상동맥 협착;심부전;부정맥","심전도;트로포닌;심장초음파;관상동맥조영술;혈액검사","효소 상승 정도;심전도 변화;관상동맥 협착 여부;시술 여부;기존 심장질환 치료력","흉통 관련 보험쟁점 10은(는) 진단비 / 고지의무 / 기왕증 / 입원 필요성 / 수술비와 연결될 수 있는 내부 검색 보강 항목이다. 코드명만으로 결론을 내리지 않고 실제 문서상 진단 경위, 검사, 치료기간, 약관상 담보를 함께 확인해야 한다.","사고 직후 증상 발생 여부;사고 전 동일 부위 또는 동일 질환 치료력;검사상 급성 소견 여부;시간적 근접성","기존 치료력;반복 진료 이력;퇴행성 또는 만성 변화;건강검진 이상소견","최근 3개월 내 진료 여부;정밀검사 여부;입원/수술/장기투약 여부;의사가 중대한 질환으로 설명했는지 여부","영구장해 여부;객관적 기능 제한;장해 고정 시점;기왕장해 기여도","입원 필요성은 증상 정도, 검사결과, 치료 내용, 관찰 필요성으로 검토 필요","수술 여부, 수술 목적, 수술기록지상 주요 소견 확인 필요","진료기록지;처방전;진료비 세부내역서;검사결과지 또는 판독지;의사 소견서","R07.9;R07;흉통;심장 / 혈관;진단비 / 고지의무 / 기왕증 / 입원 필요성 / 수술비;가슴통증;숨참;심전도 이상;트로포닌 상승","medical_knowledge;terms_standards;fss_dispute_cases;legal_statutes;precedents;issue_playbooks","이 데이터는 의료 판단 확정용이 아니라 보험 실무상 쟁점 연결용 내부 보강 데이터다. 질병코드만으로 진단, 인과관계, 장해율, 고지의무 위반을 단정하지 말고 실제 진료내용, 검사결과, 치료기간, 약관을 확인해야 한다.","medical_issue_codes","internal_medical_issue_code","internal_review_required","needs_human_review"
"MIC141","I20.0:MIC141","협심증 관련 보험쟁점 11","I20","심장 / 혈관","진단비 / 고지의무 / 기왕증 / 입원 필요성 / 수술비","진단비;입원비;수술비;실손의료비;사망보험금","가슴통증;숨참;두근거림;혈압 높음;흉부 불편감","심전도 이상;트로포닌 상승;관상동맥 협착;심부전;부정맥","심전도;트로포닌;심장초음파;관상동맥조영술;혈액검사","효소 상승 정도;심전도 변화;관상동맥 협착 여부;시술 여부;기존 심장질환 치료력","협심증 관련 보험쟁점 11은(는) 진단비 / 고지의무 / 기왕증 / 입원 필요성 / 수술비와 연결될 수 있는 내부 검색 보강 항목이다. 코드명만으로 결론을 내리지 않고 실제 문서상 진단 경위, 검사, 치료기간, 약관상 담보를 함께 확인해야 한다.","사고 직후 증상 발생 여부;사고 전 동일 부위 또는 동일 질환 치료력;검사상 급성 소견 여부;시간적 근접성","기존 치료력;반복 진료 이력;퇴행성 또는 만성 변화;건강검진 이상소견","최근 3개월 내 진료 여부;정밀검사 여부;입원/수술/장기투약 여부;의사가 중대한 질환으로 설명했는지 여부","영구장해 여부;객관적 기능 제한;장해 고정 시점;기왕장해 기여도","입원 필요성은 증상 정도, 검사결과, 치료 내용, 관찰 필요성으로 검토 필요","수술 여부, 수술 목적, 수술기록지상 주요 소견 확인 필요","진료기록지;처방전;진료비 세부내역서;검사결과지 또는 판독지;의사 소견서","I20.0:MIC141;I20;협심증;심장 / 혈관;진단비 / 고지의무 / 기왕증 / 입원 필요성 / 수술비;가슴통증;숨참;심전도 이상;트로포닌 상승","medical_knowledge;terms_standards;fss_dispute_cases;legal_statutes;precedents;issue_playbooks","이 데이터는 의료 판단 확정용이 아니라 보험 실무상 쟁점 연결용 내부 보강 데이터다. 질병코드만으로 진단, 인과관계, 장해율, 고지의무 위반을 단정하지 말고 실제 진료내용, 검사결과, 치료기간, 약관을 확인해야 한다.","medical_issue_codes","internal_medical_issue_code","internal_review_required","needs_human_review"
"MIC142","I21.1:MIC142","급성심근경색 관련 보험쟁점 12","I21","심장 / 혈관","진단비 / 고지의무 / 기왕증 / 입원 필요성 / 수술비","진단비;입원비;수술비;실손의료비;사망보험금","가슴통증;숨참;두근거림;혈압 높음;흉부 불편감","심전도 이상;트로포닌 상승;관상동맥 협착;심부전;부정맥","심전도;트로포닌;심장초음파;관상동맥조영술;혈액검사","효소 상승 정도;심전도 변화;관상동맥 협착 여부;시술 여부;기존 심장질환 치료력","급성심근경색 관련 보험쟁점 12은(는) 진단비 / 고지의무 / 기왕증 / 입원 필요성 / 수술비와 연결될 수 있는 내부 검색 보강 항목이다. 코드명만으로 결론을 내리지 않고 실제 문서상 진단 경위, 검사, 치료기간, 약관상 담보를 함께 확인해야 한다.","사고 직후 증상 발생 여부;사고 전 동일 부위 또는 동일 질환 치료력;검사상 급성 소견 여부;시간적 근접성","기존 치료력;반복 진료 이력;퇴행성 또는 만성 변화;건강검진 이상소견","최근 3개월 내 진료 여부;정밀검사 여부;입원/수술/장기투약 여부;의사가 중대한 질환으로 설명했는지 여부","영구장해 여부;객관적 기능 제한;장해 고정 시점;기왕장해 기여도","입원 필요성은 증상 정도, 검사결과, 치료 내용, 관찰 필요성으로 검토 필요","수술 여부, 수술 목적, 수술기록지상 주요 소견 확인 필요","진료기록지;처방전;진료비 세부내역서;검사결과지 또는 판독지;의사 소견서","I21.1:MIC142;I21;급성심근경색;심장 / 혈관;진단비 / 고지의무 / 기왕증 / 입원 필요성 / 수술비;가슴통증;숨참;심전도 이상;트로포닌 상승","medical_knowledge;terms_standards;fss_dispute_cases;legal_statutes;precedents;issue_playbooks","이 데이터는 의료 판단 확정용이 아니라 보험 실무상 쟁점 연결용 내부 보강 데이터다. 질병코드만으로 진단, 인과관계, 장해율, 고지의무 위반을 단정하지 말고 실제 진료내용, 검사결과, 치료기간, 약관을 확인해야 한다.","medical_issue_codes","internal_medical_issue_code","internal_review_required","needs_human_review"
"MIC143","I25.2:MIC143","만성허혈심장병 관련 보험쟁점 13","I25","심장 / 혈관","진단비 / 고지의무 / 기왕증 / 입원 필요성 / 수술비","진단비;입원비;수술비;실손의료비;사망보험금","가슴통증;숨참;두근거림;혈압 높음;흉부 불편감","심전도 이상;트로포닌 상승;관상동맥 협착;심부전;부정맥","심전도;트로포닌;심장초음파;관상동맥조영술;혈액검사","효소 상승 정도;심전도 변화;관상동맥 협착 여부;시술 여부;기존 심장질환 치료력","만성허혈심장병 관련 보험쟁점 13은(는) 진단비 / 고지의무 / 기왕증 / 입원 필요성 / 수술비와 연결될 수 있는 내부 검색 보강 항목이다. 코드명만으로 결론을 내리지 않고 실제 문서상 진단 경위, 검사, 치료기간, 약관상 담보를 함께 확인해야 한다.","사고 직후 증상 발생 여부;사고 전 동일 부위 또는 동일 질환 치료력;검사상 급성 소견 여부;시간적 근접성","기존 치료력;반복 진료 이력;퇴행성 또는 만성 변화;건강검진 이상소견","최근 3개월 내 진료 여부;정밀검사 여부;입원/수술/장기투약 여부;의사가 중대한 질환으로 설명했는지 여부","영구장해 여부;객관적 기능 제한;장해 고정 시점;기왕장해 기여도","입원 필요성은 증상 정도, 검사결과, 치료 내용, 관찰 필요성으로 검토 필요","수술 여부, 수술 목적, 수술기록지상 주요 소견 확인 필요","진료기록지;처방전;진료비 세부내역서;검사결과지 또는 판독지;의사 소견서","I25.2:MIC143;I25;만성허혈심장병;심장 / 혈관;진단비 / 고지의무 / 기왕증 / 입원 필요성 / 수술비;가슴통증;숨참;심전도 이상;트로포닌 상승","medical_knowledge;terms_standards;fss_dispute_cases;legal_statutes;precedents;issue_playbooks","이 데이터는 의료 판단 확정용이 아니라 보험 실무상 쟁점 연결용 내부 보강 데이터다. 질병코드만으로 진단, 인과관계, 장해율, 고지의무 위반을 단정하지 말고 실제 진료내용, 검사결과, 치료기간, 약관을 확인해야 한다.","medical_issue_codes","internal_medical_issue_code","internal_review_required","needs_human_review"
"MIC144","I50.3:MIC144","심부전 관련 보험쟁점 14","I50","심장 / 혈관","진단비 / 고지의무 / 기왕증 / 입원 필요성 / 수술비","진단비;입원비;수술비;실손의료비;사망보험금","가슴통증;숨참;두근거림;혈압 높음;흉부 불편감","심전도 이상;트로포닌 상승;관상동맥 협착;심부전;부정맥","심전도;트로포닌;심장초음파;관상동맥조영술;혈액검사","효소 상승 정도;심전도 변화;관상동맥 협착 여부;시술 여부;기존 심장질환 치료력","심부전 관련 보험쟁점 14은(는) 진단비 / 고지의무 / 기왕증 / 입원 필요성 / 수술비와 연결될 수 있는 내부 검색 보강 항목이다. 코드명만으로 결론을 내리지 않고 실제 문서상 진단 경위, 검사, 치료기간, 약관상 담보를 함께 확인해야 한다.","사고 직후 증상 발생 여부;사고 전 동일 부위 또는 동일 질환 치료력;검사상 급성 소견 여부;시간적 근접성","기존 치료력;반복 진료 이력;퇴행성 또는 만성 변화;건강검진 이상소견","최근 3개월 내 진료 여부;정밀검사 여부;입원/수술/장기투약 여부;의사가 중대한 질환으로 설명했는지 여부","영구장해 여부;객관적 기능 제한;장해 고정 시점;기왕장해 기여도","입원 필요성은 증상 정도, 검사결과, 치료 내용, 관찰 필요성으로 검토 필요","수술 여부, 수술 목적, 수술기록지상 주요 소견 확인 필요","진료기록지;처방전;진료비 세부내역서;검사결과지 또는 판독지;의사 소견서","I50.3:MIC144;I50;심부전;심장 / 혈관;진단비 / 고지의무 / 기왕증 / 입원 필요성 / 수술비;가슴통증;숨참;심전도 이상;트로포닌 상승","medical_knowledge;terms_standards;fss_dispute_cases;legal_statutes;precedents;issue_playbooks","이 데이터는 의료 판단 확정용이 아니라 보험 실무상 쟁점 연결용 내부 보강 데이터다. 질병코드만으로 진단, 인과관계, 장해율, 고지의무 위반을 단정하지 말고 실제 진료내용, 검사결과, 치료기간, 약관을 확인해야 한다.","medical_issue_codes","internal_medical_issue_code","internal_review_required","needs_human_review"
"MIC145","I31.3:15","심낭삼출 관련 보험쟁점 15","I31.3","심장 / 혈관","진단비 / 고지의무 / 기왕증 / 입원 필요성 / 수술비","진단비;입원비;수술비;실손의료비;사망보험금","가슴통증;숨참;두근거림;혈압 높음;흉부 불편감","심전도 이상;트로포닌 상승;관상동맥 협착;심부전;부정맥","심전도;트로포닌;심장초음파;관상동맥조영술;혈액검사","효소 상승 정도;심전도 변화;관상동맥 협착 여부;시술 여부;기존 심장질환 치료력","심낭삼출 관련 보험쟁점 15은(는) 진단비 / 고지의무 / 기왕증 / 입원 필요성 / 수술비와 연결될 수 있는 내부 검색 보강 항목이다. 코드명만으로 결론을 내리지 않고 실제 문서상 진단 경위, 검사, 치료기간, 약관상 담보를 함께 확인해야 한다.","사고 직후 증상 발생 여부;사고 전 동일 부위 또는 동일 질환 치료력;검사상 급성 소견 여부;시간적 근접성","기존 치료력;반복 진료 이력;퇴행성 또는 만성 변화;건강검진 이상소견","최근 3개월 내 진료 여부;정밀검사 여부;입원/수술/장기투약 여부;의사가 중대한 질환으로 설명했는지 여부","영구장해 여부;객관적 기능 제한;장해 고정 시점;기왕장해 기여도","입원 필요성은 증상 정도, 검사결과, 치료 내용, 관찰 필요성으로 검토 필요","수술 여부, 수술 목적, 수술기록지상 주요 소견 확인 필요","진료기록지;처방전;진료비 세부내역서;검사결과지 또는 판독지;의사 소견서","I31.3:15;I31.3;심낭삼출;심장 / 혈관;진단비 / 고지의무 / 기왕증 / 입원 필요성 / 수술비;가슴통증;숨참;심전도 이상;트로포닌 상승","medical_knowledge;terms_standards;fss_dispute_cases;legal_statutes;precedents;issue_playbooks","이 데이터는 의료 판단 확정용이 아니라 보험 실무상 쟁점 연결용 내부 보강 데이터다. 질병코드만으로 진단, 인과관계, 장해율, 고지의무 위반을 단정하지 말고 실제 진료내용, 검사결과, 치료기간, 약관을 확인해야 한다.","medical_issue_codes","internal_medical_issue_code","internal_review_required","needs_human_review"
"MIC146","I10.5:MIC146","고혈압 관련 보험쟁점 16","I10","심장 / 혈관","진단비 / 고지의무 / 기왕증 / 입원 필요성 / 수술비","진단비;입원비;수술비;실손의료비;사망보험금","가슴통증;숨참;두근거림;혈압 높음;흉부 불편감","심전도 이상;트로포닌 상승;관상동맥 협착;심부전;부정맥","심전도;트로포닌;심장초음파;관상동맥조영술;혈액검사","효소 상승 정도;심전도 변화;관상동맥 협착 여부;시술 여부;기존 심장질환 치료력","고혈압 관련 보험쟁점 16은(는) 진단비 / 고지의무 / 기왕증 / 입원 필요성 / 수술비와 연결될 수 있는 내부 검색 보강 항목이다. 코드명만으로 결론을 내리지 않고 실제 문서상 진단 경위, 검사, 치료기간, 약관상 담보를 함께 확인해야 한다.","사고 직후 증상 발생 여부;사고 전 동일 부위 또는 동일 질환 치료력;검사상 급성 소견 여부;시간적 근접성","기존 치료력;반복 진료 이력;퇴행성 또는 만성 변화;건강검진 이상소견","최근 3개월 내 진료 여부;정밀검사 여부;입원/수술/장기투약 여부;의사가 중대한 질환으로 설명했는지 여부","영구장해 여부;객관적 기능 제한;장해 고정 시점;기왕장해 기여도","입원 필요성은 증상 정도, 검사결과, 치료 내용, 관찰 필요성으로 검토 필요","수술 여부, 수술 목적, 수술기록지상 주요 소견 확인 필요","진료기록지;처방전;진료비 세부내역서;검사결과지 또는 판독지;의사 소견서","I10.5:MIC146;I10;고혈압;심장 / 혈관;진단비 / 고지의무 / 기왕증 / 입원 필요성 / 수술비;가슴통증;숨참;심전도 이상;트로포닌 상승","medical_knowledge;terms_standards;fss_dispute_cases;legal_statutes;precedents;issue_playbooks","이 데이터는 의료 판단 확정용이 아니라 보험 실무상 쟁점 연결용 내부 보강 데이터다. 질병코드만으로 진단, 인과관계, 장해율, 고지의무 위반을 단정하지 말고 실제 진료내용, 검사결과, 치료기간, 약관을 확인해야 한다.","medical_issue_codes","internal_medical_issue_code","internal_review_required","needs_human_review"
"MIC147","I48.6:MIC147","심방세동 관련 보험쟁점 17","I48","심장 / 혈관","진단비 / 고지의무 / 기왕증 / 입원 필요성 / 수술비","진단비;입원비;수술비;실손의료비;사망보험금","가슴통증;숨참;두근거림;혈압 높음;흉부 불편감","심전도 이상;트로포닌 상승;관상동맥 협착;심부전;부정맥","심전도;트로포닌;심장초음파;관상동맥조영술;혈액검사","효소 상승 정도;심전도 변화;관상동맥 협착 여부;시술 여부;기존 심장질환 치료력","심방세동 관련 보험쟁점 17은(는) 진단비 / 고지의무 / 기왕증 / 입원 필요성 / 수술비와 연결될 수 있는 내부 검색 보강 항목이다. 코드명만으로 결론을 내리지 않고 실제 문서상 진단 경위, 검사, 치료기간, 약관상 담보를 함께 확인해야 한다.","사고 직후 증상 발생 여부;사고 전 동일 부위 또는 동일 질환 치료력;검사상 급성 소견 여부;시간적 근접성","기존 치료력;반복 진료 이력;퇴행성 또는 만성 변화;건강검진 이상소견","최근 3개월 내 진료 여부;정밀검사 여부;입원/수술/장기투약 여부;의사가 중대한 질환으로 설명했는지 여부","영구장해 여부;객관적 기능 제한;장해 고정 시점;기왕장해 기여도","입원 필요성은 증상 정도, 검사결과, 치료 내용, 관찰 필요성으로 검토 필요","수술 여부, 수술 목적, 수술기록지상 주요 소견 확인 필요","진료기록지;처방전;진료비 세부내역서;검사결과지 또는 판독지;의사 소견서","I48.6:MIC147;I48;심방세동;심장 / 혈관;진단비 / 고지의무 / 기왕증 / 입원 필요성 / 수술비;가슴통증;숨참;심전도 이상;트로포닌 상승","medical_knowledge;terms_standards;fss_dispute_cases;legal_statutes;precedents;issue_playbooks","이 데이터는 의료 판단 확정용이 아니라 보험 실무상 쟁점 연결용 내부 보강 데이터다. 질병코드만으로 진단, 인과관계, 장해율, 고지의무 위반을 단정하지 말고 실제 진료내용, 검사결과, 치료기간, 약관을 확인해야 한다.","medical_issue_codes","internal_medical_issue_code","internal_review_required","needs_human_review"
"MIC148","I42.7:MIC148","심근병증 관련 보험쟁점 18","I42","심장 / 혈관","진단비 / 고지의무 / 기왕증 / 입원 필요성 / 수술비","진단비;입원비;수술비;실손의료비;사망보험금","가슴통증;숨참;두근거림;혈압 높음;흉부 불편감","심전도 이상;트로포닌 상승;관상동맥 협착;심부전;부정맥","심전도;트로포닌;심장초음파;관상동맥조영술;혈액검사","효소 상승 정도;심전도 변화;관상동맥 협착 여부;시술 여부;기존 심장질환 치료력","심근병증 관련 보험쟁점 18은(는) 진단비 / 고지의무 / 기왕증 / 입원 필요성 / 수술비와 연결될 수 있는 내부 검색 보강 항목이다. 코드명만으로 결론을 내리지 않고 실제 문서상 진단 경위, 검사, 치료기간, 약관상 담보를 함께 확인해야 한다.","사고 직후 증상 발생 여부;사고 전 동일 부위 또는 동일 질환 치료력;검사상 급성 소견 여부;시간적 근접성","기존 치료력;반복 진료 이력;퇴행성 또는 만성 변화;건강검진 이상소견","최근 3개월 내 진료 여부;정밀검사 여부;입원/수술/장기투약 여부;의사가 중대한 질환으로 설명했는지 여부","영구장해 여부;객관적 기능 제한;장해 고정 시점;기왕장해 기여도","입원 필요성은 증상 정도, 검사결과, 치료 내용, 관찰 필요성으로 검토 필요","수술 여부, 수술 목적, 수술기록지상 주요 소견 확인 필요","진료기록지;처방전;진료비 세부내역서;검사결과지 또는 판독지;의사 소견서","I42.7:MIC148;I42;심근병증;심장 / 혈관;진단비 / 고지의무 / 기왕증 / 입원 필요성 / 수술비;가슴통증;숨참;심전도 이상;트로포닌 상승","medical_knowledge;terms_standards;fss_dispute_cases;legal_statutes;precedents;issue_playbooks","이 데이터는 의료 판단 확정용이 아니라 보험 실무상 쟁점 연결용 내부 보강 데이터다. 질병코드만으로 진단, 인과관계, 장해율, 고지의무 위반을 단정하지 말고 실제 진료내용, 검사결과, 치료기간, 약관을 확인해야 한다.","medical_issue_codes","internal_medical_issue_code","internal_review_required","needs_human_review"
"MIC149","I71.8:MIC149","대동맥류/박리 관련 보험쟁점 19","I71","심장 / 혈관","진단비 / 고지의무 / 기왕증 / 입원 필요성 / 수술비","진단비;입원비;수술비;실손의료비;사망보험금","가슴통증;숨참;두근거림;혈압 높음;흉부 불편감","심전도 이상;트로포닌 상승;관상동맥 협착;심부전;부정맥","심전도;트로포닌;심장초음파;관상동맥조영술;혈액검사","효소 상승 정도;심전도 변화;관상동맥 협착 여부;시술 여부;기존 심장질환 치료력","대동맥류/박리 관련 보험쟁점 19은(는) 진단비 / 고지의무 / 기왕증 / 입원 필요성 / 수술비와 연결될 수 있는 내부 검색 보강 항목이다. 코드명만으로 결론을 내리지 않고 실제 문서상 진단 경위, 검사, 치료기간, 약관상 담보를 함께 확인해야 한다.","사고 직후 증상 발생 여부;사고 전 동일 부위 또는 동일 질환 치료력;검사상 급성 소견 여부;시간적 근접성","기존 치료력;반복 진료 이력;퇴행성 또는 만성 변화;건강검진 이상소견","최근 3개월 내 진료 여부;정밀검사 여부;입원/수술/장기투약 여부;의사가 중대한 질환으로 설명했는지 여부","영구장해 여부;객관적 기능 제한;장해 고정 시점;기왕장해 기여도","입원 필요성은 증상 정도, 검사결과, 치료 내용, 관찰 필요성으로 검토 필요","수술 여부, 수술 목적, 수술기록지상 주요 소견 확인 필요","진료기록지;처방전;진료비 세부내역서;검사결과지 또는 판독지;의사 소견서","I71.8:MIC149;I71;대동맥류/박리;심장 / 혈관;진단비 / 고지의무 / 기왕증 / 입원 필요성 / 수술비;가슴통증;숨참;심전도 이상;트로포닌 상승","medical_knowledge;terms_standards;fss_dispute_cases;legal_statutes;precedents;issue_playbooks","이 데이터는 의료 판단 확정용이 아니라 보험 실무상 쟁점 연결용 내부 보강 데이터다. 질병코드만으로 진단, 인과관계, 장해율, 고지의무 위반을 단정하지 말고 실제 진료내용, 검사결과, 치료기간, 약관을 확인해야 한다.","medical_issue_codes","internal_medical_issue_code","internal_review_required","needs_human_review"
"MIC150","R07.9:MIC150","흉통 관련 보험쟁점 20","R07","심장 / 혈관","진단비 / 고지의무 / 기왕증 / 입원 필요성 / 수술비","진단비;입원비;수술비;실손의료비;사망보험금","가슴통증;숨참;두근거림;혈압 높음;흉부 불편감","심전도 이상;트로포닌 상승;관상동맥 협착;심부전;부정맥","심전도;트로포닌;심장초음파;관상동맥조영술;혈액검사","효소 상승 정도;심전도 변화;관상동맥 협착 여부;시술 여부;기존 심장질환 치료력","흉통 관련 보험쟁점 20은(는) 진단비 / 고지의무 / 기왕증 / 입원 필요성 / 수술비와 연결될 수 있는 내부 검색 보강 항목이다. 코드명만으로 결론을 내리지 않고 실제 문서상 진단 경위, 검사, 치료기간, 약관상 담보를 함께 확인해야 한다.","사고 직후 증상 발생 여부;사고 전 동일 부위 또는 동일 질환 치료력;검사상 급성 소견 여부;시간적 근접성","기존 치료력;반복 진료 이력;퇴행성 또는 만성 변화;건강검진 이상소견","최근 3개월 내 진료 여부;정밀검사 여부;입원/수술/장기투약 여부;의사가 중대한 질환으로 설명했는지 여부","영구장해 여부;객관적 기능 제한;장해 고정 시점;기왕장해 기여도","입원 필요성은 증상 정도, 검사결과, 치료 내용, 관찰 필요성으로 검토 필요","수술 여부, 수술 목적, 수술기록지상 주요 소견 확인 필요","진료기록지;처방전;진료비 세부내역서;검사결과지 또는 판독지;의사 소견서","R07.9:MIC150;R07;흉통;심장 / 혈관;진단비 / 고지의무 / 기왕증 / 입원 필요성 / 수술비;가슴통증;숨참;심전도 이상;트로포닌 상승","medical_knowledge;terms_standards;fss_dispute_cases;legal_statutes;precedents;issue_playbooks","이 데이터는 의료 판단 확정용이 아니라 보험 실무상 쟁점 연결용 내부 보강 데이터다. 질병코드만으로 진단, 인과관계, 장해율, 고지의무 위반을 단정하지 말고 실제 진료내용, 검사결과, 치료기간, 약관을 확인해야 한다.","medical_issue_codes","internal_medical_issue_code","internal_review_required","needs_human_review"
"MIC151","I20.0:MIC151","협심증 관련 보험쟁점 21","I20","심장 / 혈관","진단비 / 고지의무 / 기왕증 / 입원 필요성 / 수술비","진단비;입원비;수술비;실손의료비;사망보험금","가슴통증;숨참;두근거림;혈압 높음;흉부 불편감","심전도 이상;트로포닌 상승;관상동맥 협착;심부전;부정맥","심전도;트로포닌;심장초음파;관상동맥조영술;혈액검사","효소 상승 정도;심전도 변화;관상동맥 협착 여부;시술 여부;기존 심장질환 치료력","협심증 관련 보험쟁점 21은(는) 진단비 / 고지의무 / 기왕증 / 입원 필요성 / 수술비와 연결될 수 있는 내부 검색 보강 항목이다. 코드명만으로 결론을 내리지 않고 실제 문서상 진단 경위, 검사, 치료기간, 약관상 담보를 함께 확인해야 한다.","사고 직후 증상 발생 여부;사고 전 동일 부위 또는 동일 질환 치료력;검사상 급성 소견 여부;시간적 근접성","기존 치료력;반복 진료 이력;퇴행성 또는 만성 변화;건강검진 이상소견","최근 3개월 내 진료 여부;정밀검사 여부;입원/수술/장기투약 여부;의사가 중대한 질환으로 설명했는지 여부","영구장해 여부;객관적 기능 제한;장해 고정 시점;기왕장해 기여도","입원 필요성은 증상 정도, 검사결과, 치료 내용, 관찰 필요성으로 검토 필요","수술 여부, 수술 목적, 수술기록지상 주요 소견 확인 필요","진료기록지;처방전;진료비 세부내역서;검사결과지 또는 판독지;의사 소견서","I20.0:MIC151;I20;협심증;심장 / 혈관;진단비 / 고지의무 / 기왕증 / 입원 필요성 / 수술비;가슴통증;숨참;심전도 이상;트로포닌 상승","medical_knowledge;terms_standards;fss_dispute_cases;legal_statutes;precedents;issue_playbooks","이 데이터는 의료 판단 확정용이 아니라 보험 실무상 쟁점 연결용 내부 보강 데이터다. 질병코드만으로 진단, 인과관계, 장해율, 고지의무 위반을 단정하지 말고 실제 진료내용, 검사결과, 치료기간, 약관을 확인해야 한다.","medical_issue_codes","internal_medical_issue_code","internal_review_required","needs_human_review"
"MIC152","I21.1:MIC152","급성심근경색 관련 보험쟁점 22","I21","심장 / 혈관","진단비 / 고지의무 / 기왕증 / 입원 필요성 / 수술비","진단비;입원비;수술비;실손의료비;사망보험금","가슴통증;숨참;두근거림;혈압 높음;흉부 불편감","심전도 이상;트로포닌 상승;관상동맥 협착;심부전;부정맥","심전도;트로포닌;심장초음파;관상동맥조영술;혈액검사","효소 상승 정도;심전도 변화;관상동맥 협착 여부;시술 여부;기존 심장질환 치료력","급성심근경색 관련 보험쟁점 22은(는) 진단비 / 고지의무 / 기왕증 / 입원 필요성 / 수술비와 연결될 수 있는 내부 검색 보강 항목이다. 코드명만으로 결론을 내리지 않고 실제 문서상 진단 경위, 검사, 치료기간, 약관상 담보를 함께 확인해야 한다.","사고 직후 증상 발생 여부;사고 전 동일 부위 또는 동일 질환 치료력;검사상 급성 소견 여부;시간적 근접성","기존 치료력;반복 진료 이력;퇴행성 또는 만성 변화;건강검진 이상소견","최근 3개월 내 진료 여부;정밀검사 여부;입원/수술/장기투약 여부;의사가 중대한 질환으로 설명했는지 여부","영구장해 여부;객관적 기능 제한;장해 고정 시점;기왕장해 기여도","입원 필요성은 증상 정도, 검사결과, 치료 내용, 관찰 필요성으로 검토 필요","수술 여부, 수술 목적, 수술기록지상 주요 소견 확인 필요","진료기록지;처방전;진료비 세부내역서;검사결과지 또는 판독지;의사 소견서","I21.1:MIC152;I21;급성심근경색;심장 / 혈관;진단비 / 고지의무 / 기왕증 / 입원 필요성 / 수술비;가슴통증;숨참;심전도 이상;트로포닌 상승","medical_knowledge;terms_standards;fss_dispute_cases;legal_statutes;precedents;issue_playbooks","이 데이터는 의료 판단 확정용이 아니라 보험 실무상 쟁점 연결용 내부 보강 데이터다. 질병코드만으로 진단, 인과관계, 장해율, 고지의무 위반을 단정하지 말고 실제 진료내용, 검사결과, 치료기간, 약관을 확인해야 한다.","medical_issue_codes","internal_medical_issue_code","internal_review_required","needs_human_review"
"MIC153","I25.2:MIC153","만성허혈심장병 관련 보험쟁점 23","I25","심장 / 혈관","진단비 / 고지의무 / 기왕증 / 입원 필요성 / 수술비","진단비;입원비;수술비;실손의료비;사망보험금","가슴통증;숨참;두근거림;혈압 높음;흉부 불편감","심전도 이상;트로포닌 상승;관상동맥 협착;심부전;부정맥","심전도;트로포닌;심장초음파;관상동맥조영술;혈액검사","효소 상승 정도;심전도 변화;관상동맥 협착 여부;시술 여부;기존 심장질환 치료력","만성허혈심장병 관련 보험쟁점 23은(는) 진단비 / 고지의무 / 기왕증 / 입원 필요성 / 수술비와 연결될 수 있는 내부 검색 보강 항목이다. 코드명만으로 결론을 내리지 않고 실제 문서상 진단 경위, 검사, 치료기간, 약관상 담보를 함께 확인해야 한다.","사고 직후 증상 발생 여부;사고 전 동일 부위 또는 동일 질환 치료력;검사상 급성 소견 여부;시간적 근접성","기존 치료력;반복 진료 이력;퇴행성 또는 만성 변화;건강검진 이상소견","최근 3개월 내 진료 여부;정밀검사 여부;입원/수술/장기투약 여부;의사가 중대한 질환으로 설명했는지 여부","영구장해 여부;객관적 기능 제한;장해 고정 시점;기왕장해 기여도","입원 필요성은 증상 정도, 검사결과, 치료 내용, 관찰 필요성으로 검토 필요","수술 여부, 수술 목적, 수술기록지상 주요 소견 확인 필요","진료기록지;처방전;진료비 세부내역서;검사결과지 또는 판독지;의사 소견서","I25.2:MIC153;I25;만성허혈심장병;심장 / 혈관;진단비 / 고지의무 / 기왕증 / 입원 필요성 / 수술비;가슴통증;숨참;심전도 이상;트로포닌 상승","medical_knowledge;terms_standards;fss_dispute_cases;legal_statutes;precedents;issue_playbooks","이 데이터는 의료 판단 확정용이 아니라 보험 실무상 쟁점 연결용 내부 보강 데이터다. 질병코드만으로 진단, 인과관계, 장해율, 고지의무 위반을 단정하지 말고 실제 진료내용, 검사결과, 치료기간, 약관을 확인해야 한다.","medical_issue_codes","internal_medical_issue_code","internal_review_required","needs_human_review"
"MIC154","I50.3:MIC154","심부전 관련 보험쟁점 24","I50","심장 / 혈관","진단비 / 고지의무 / 기왕증 / 입원 필요성 / 수술비","진단비;입원비;수술비;실손의료비;사망보험금","가슴통증;숨참;두근거림;혈압 높음;흉부 불편감","심전도 이상;트로포닌 상승;관상동맥 협착;심부전;부정맥","심전도;트로포닌;심장초음파;관상동맥조영술;혈액검사","효소 상승 정도;심전도 변화;관상동맥 협착 여부;시술 여부;기존 심장질환 치료력","심부전 관련 보험쟁점 24은(는) 진단비 / 고지의무 / 기왕증 / 입원 필요성 / 수술비와 연결될 수 있는 내부 검색 보강 항목이다. 코드명만으로 결론을 내리지 않고 실제 문서상 진단 경위, 검사, 치료기간, 약관상 담보를 함께 확인해야 한다.","사고 직후 증상 발생 여부;사고 전 동일 부위 또는 동일 질환 치료력;검사상 급성 소견 여부;시간적 근접성","기존 치료력;반복 진료 이력;퇴행성 또는 만성 변화;건강검진 이상소견","최근 3개월 내 진료 여부;정밀검사 여부;입원/수술/장기투약 여부;의사가 중대한 질환으로 설명했는지 여부","영구장해 여부;객관적 기능 제한;장해 고정 시점;기왕장해 기여도","입원 필요성은 증상 정도, 검사결과, 치료 내용, 관찰 필요성으로 검토 필요","수술 여부, 수술 목적, 수술기록지상 주요 소견 확인 필요","진료기록지;처방전;진료비 세부내역서;검사결과지 또는 판독지;의사 소견서","I50.3:MIC154;I50;심부전;심장 / 혈관;진단비 / 고지의무 / 기왕증 / 입원 필요성 / 수술비;가슴통증;숨참;심전도 이상;트로포닌 상승","medical_knowledge;terms_standards;fss_dispute_cases;legal_statutes;precedents;issue_playbooks","이 데이터는 의료 판단 확정용이 아니라 보험 실무상 쟁점 연결용 내부 보강 데이터다. 질병코드만으로 진단, 인과관계, 장해율, 고지의무 위반을 단정하지 말고 실제 진료내용, 검사결과, 치료기간, 약관을 확인해야 한다.","medical_issue_codes","internal_medical_issue_code","internal_review_required","needs_human_review"
"MIC155","I31.3:25","심낭삼출 관련 보험쟁점 25","I31.3","심장 / 혈관","진단비 / 고지의무 / 기왕증 / 입원 필요성 / 수술비","진단비;입원비;수술비;실손의료비;사망보험금","가슴통증;숨참;두근거림;혈압 높음;흉부 불편감","심전도 이상;트로포닌 상승;관상동맥 협착;심부전;부정맥","심전도;트로포닌;심장초음파;관상동맥조영술;혈액검사","효소 상승 정도;심전도 변화;관상동맥 협착 여부;시술 여부;기존 심장질환 치료력","심낭삼출 관련 보험쟁점 25은(는) 진단비 / 고지의무 / 기왕증 / 입원 필요성 / 수술비와 연결될 수 있는 내부 검색 보강 항목이다. 코드명만으로 결론을 내리지 않고 실제 문서상 진단 경위, 검사, 치료기간, 약관상 담보를 함께 확인해야 한다.","사고 직후 증상 발생 여부;사고 전 동일 부위 또는 동일 질환 치료력;검사상 급성 소견 여부;시간적 근접성","기존 치료력;반복 진료 이력;퇴행성 또는 만성 변화;건강검진 이상소견","최근 3개월 내 진료 여부;정밀검사 여부;입원/수술/장기투약 여부;의사가 중대한 질환으로 설명했는지 여부","영구장해 여부;객관적 기능 제한;장해 고정 시점;기왕장해 기여도","입원 필요성은 증상 정도, 검사결과, 치료 내용, 관찰 필요성으로 검토 필요","수술 여부, 수술 목적, 수술기록지상 주요 소견 확인 필요","진료기록지;처방전;진료비 세부내역서;검사결과지 또는 판독지;의사 소견서","I31.3:25;I31.3;심낭삼출;심장 / 혈관;진단비 / 고지의무 / 기왕증 / 입원 필요성 / 수술비;가슴통증;숨참;심전도 이상;트로포닌 상승","medical_knowledge;terms_standards;fss_dispute_cases;legal_statutes;precedents;issue_playbooks","이 데이터는 의료 판단 확정용이 아니라 보험 실무상 쟁점 연결용 내부 보강 데이터다. 질병코드만으로 진단, 인과관계, 장해율, 고지의무 위반을 단정하지 말고 실제 진료내용, 검사결과, 치료기간, 약관을 확인해야 한다.","medical_issue_codes","internal_medical_issue_code","internal_review_required","needs_human_review"
"MIC156","I10.5:MIC156","고혈압 관련 보험쟁점 26","I10","심장 / 혈관","진단비 / 고지의무 / 기왕증 / 입원 필요성 / 수술비","진단비;입원비;수술비;실손의료비;사망보험금","가슴통증;숨참;두근거림;혈압 높음;흉부 불편감","심전도 이상;트로포닌 상승;관상동맥 협착;심부전;부정맥","심전도;트로포닌;심장초음파;관상동맥조영술;혈액검사","효소 상승 정도;심전도 변화;관상동맥 협착 여부;시술 여부;기존 심장질환 치료력","고혈압 관련 보험쟁점 26은(는) 진단비 / 고지의무 / 기왕증 / 입원 필요성 / 수술비와 연결될 수 있는 내부 검색 보강 항목이다. 코드명만으로 결론을 내리지 않고 실제 문서상 진단 경위, 검사, 치료기간, 약관상 담보를 함께 확인해야 한다.","사고 직후 증상 발생 여부;사고 전 동일 부위 또는 동일 질환 치료력;검사상 급성 소견 여부;시간적 근접성","기존 치료력;반복 진료 이력;퇴행성 또는 만성 변화;건강검진 이상소견","최근 3개월 내 진료 여부;정밀검사 여부;입원/수술/장기투약 여부;의사가 중대한 질환으로 설명했는지 여부","영구장해 여부;객관적 기능 제한;장해 고정 시점;기왕장해 기여도","입원 필요성은 증상 정도, 검사결과, 치료 내용, 관찰 필요성으로 검토 필요","수술 여부, 수술 목적, 수술기록지상 주요 소견 확인 필요","진료기록지;처방전;진료비 세부내역서;검사결과지 또는 판독지;의사 소견서","I10.5:MIC156;I10;고혈압;심장 / 혈관;진단비 / 고지의무 / 기왕증 / 입원 필요성 / 수술비;가슴통증;숨참;심전도 이상;트로포닌 상승","medical_knowledge;terms_standards;fss_dispute_cases;legal_statutes;precedents;issue_playbooks","이 데이터는 의료 판단 확정용이 아니라 보험 실무상 쟁점 연결용 내부 보강 데이터다. 질병코드만으로 진단, 인과관계, 장해율, 고지의무 위반을 단정하지 말고 실제 진료내용, 검사결과, 치료기간, 약관을 확인해야 한다.","medical_issue_codes","internal_medical_issue_code","internal_review_required","needs_human_review"
"MIC157","I48.6:MIC157","심방세동 관련 보험쟁점 27","I48","심장 / 혈관","진단비 / 고지의무 / 기왕증 / 입원 필요성 / 수술비","진단비;입원비;수술비;실손의료비;사망보험금","가슴통증;숨참;두근거림;혈압 높음;흉부 불편감","심전도 이상;트로포닌 상승;관상동맥 협착;심부전;부정맥","심전도;트로포닌;심장초음파;관상동맥조영술;혈액검사","효소 상승 정도;심전도 변화;관상동맥 협착 여부;시술 여부;기존 심장질환 치료력","심방세동 관련 보험쟁점 27은(는) 진단비 / 고지의무 / 기왕증 / 입원 필요성 / 수술비와 연결될 수 있는 내부 검색 보강 항목이다. 코드명만으로 결론을 내리지 않고 실제 문서상 진단 경위, 검사, 치료기간, 약관상 담보를 함께 확인해야 한다.","사고 직후 증상 발생 여부;사고 전 동일 부위 또는 동일 질환 치료력;검사상 급성 소견 여부;시간적 근접성","기존 치료력;반복 진료 이력;퇴행성 또는 만성 변화;건강검진 이상소견","최근 3개월 내 진료 여부;정밀검사 여부;입원/수술/장기투약 여부;의사가 중대한 질환으로 설명했는지 여부","영구장해 여부;객관적 기능 제한;장해 고정 시점;기왕장해 기여도","입원 필요성은 증상 정도, 검사결과, 치료 내용, 관찰 필요성으로 검토 필요","수술 여부, 수술 목적, 수술기록지상 주요 소견 확인 필요","진료기록지;처방전;진료비 세부내역서;검사결과지 또는 판독지;의사 소견서","I48.6:MIC157;I48;심방세동;심장 / 혈관;진단비 / 고지의무 / 기왕증 / 입원 필요성 / 수술비;가슴통증;숨참;심전도 이상;트로포닌 상승","medical_knowledge;terms_standards;fss_dispute_cases;legal_statutes;precedents;issue_playbooks","이 데이터는 의료 판단 확정용이 아니라 보험 실무상 쟁점 연결용 내부 보강 데이터다. 질병코드만으로 진단, 인과관계, 장해율, 고지의무 위반을 단정하지 말고 실제 진료내용, 검사결과, 치료기간, 약관을 확인해야 한다.","medical_issue_codes","internal_medical_issue_code","internal_review_required","needs_human_review"
"MIC158","I42.7:MIC158","심근병증 관련 보험쟁점 28","I42","심장 / 혈관","진단비 / 고지의무 / 기왕증 / 입원 필요성 / 수술비","진단비;입원비;수술비;실손의료비;사망보험금","가슴통증;숨참;두근거림;혈압 높음;흉부 불편감","심전도 이상;트로포닌 상승;관상동맥 협착;심부전;부정맥","심전도;트로포닌;심장초음파;관상동맥조영술;혈액검사","효소 상승 정도;심전도 변화;관상동맥 협착 여부;시술 여부;기존 심장질환 치료력","심근병증 관련 보험쟁점 28은(는) 진단비 / 고지의무 / 기왕증 / 입원 필요성 / 수술비와 연결될 수 있는 내부 검색 보강 항목이다. 코드명만으로 결론을 내리지 않고 실제 문서상 진단 경위, 검사, 치료기간, 약관상 담보를 함께 확인해야 한다.","사고 직후 증상 발생 여부;사고 전 동일 부위 또는 동일 질환 치료력;검사상 급성 소견 여부;시간적 근접성","기존 치료력;반복 진료 이력;퇴행성 또는 만성 변화;건강검진 이상소견","최근 3개월 내 진료 여부;정밀검사 여부;입원/수술/장기투약 여부;의사가 중대한 질환으로 설명했는지 여부","영구장해 여부;객관적 기능 제한;장해 고정 시점;기왕장해 기여도","입원 필요성은 증상 정도, 검사결과, 치료 내용, 관찰 필요성으로 검토 필요","수술 여부, 수술 목적, 수술기록지상 주요 소견 확인 필요","진료기록지;처방전;진료비 세부내역서;검사결과지 또는 판독지;의사 소견서","I42.7:MIC158;I42;심근병증;심장 / 혈관;진단비 / 고지의무 / 기왕증 / 입원 필요성 / 수술비;가슴통증;숨참;심전도 이상;트로포닌 상승","medical_knowledge;terms_standards;fss_dispute_cases;legal_statutes;precedents;issue_playbooks","이 데이터는 의료 판단 확정용이 아니라 보험 실무상 쟁점 연결용 내부 보강 데이터다. 질병코드만으로 진단, 인과관계, 장해율, 고지의무 위반을 단정하지 말고 실제 진료내용, 검사결과, 치료기간, 약관을 확인해야 한다.","medical_issue_codes","internal_medical_issue_code","internal_review_required","needs_human_review"
"MIC159","I71.8:MIC159","대동맥류/박리 관련 보험쟁점 29","I71","심장 / 혈관","진단비 / 고지의무 / 기왕증 / 입원 필요성 / 수술비","진단비;입원비;수술비;실손의료비;사망보험금","가슴통증;숨참;두근거림;혈압 높음;흉부 불편감","심전도 이상;트로포닌 상승;관상동맥 협착;심부전;부정맥","심전도;트로포닌;심장초음파;관상동맥조영술;혈액검사","효소 상승 정도;심전도 변화;관상동맥 협착 여부;시술 여부;기존 심장질환 치료력","대동맥류/박리 관련 보험쟁점 29은(는) 진단비 / 고지의무 / 기왕증 / 입원 필요성 / 수술비와 연결될 수 있는 내부 검색 보강 항목이다. 코드명만으로 결론을 내리지 않고 실제 문서상 진단 경위, 검사, 치료기간, 약관상 담보를 함께 확인해야 한다.","사고 직후 증상 발생 여부;사고 전 동일 부위 또는 동일 질환 치료력;검사상 급성 소견 여부;시간적 근접성","기존 치료력;반복 진료 이력;퇴행성 또는 만성 변화;건강검진 이상소견","최근 3개월 내 진료 여부;정밀검사 여부;입원/수술/장기투약 여부;의사가 중대한 질환으로 설명했는지 여부","영구장해 여부;객관적 기능 제한;장해 고정 시점;기왕장해 기여도","입원 필요성은 증상 정도, 검사결과, 치료 내용, 관찰 필요성으로 검토 필요","수술 여부, 수술 목적, 수술기록지상 주요 소견 확인 필요","진료기록지;처방전;진료비 세부내역서;검사결과지 또는 판독지;의사 소견서","I71.8:MIC159;I71;대동맥류/박리;심장 / 혈관;진단비 / 고지의무 / 기왕증 / 입원 필요성 / 수술비;가슴통증;숨참;심전도 이상;트로포닌 상승","medical_knowledge;terms_standards;fss_dispute_cases;legal_statutes;precedents;issue_playbooks","이 데이터는 의료 판단 확정용이 아니라 보험 실무상 쟁점 연결용 내부 보강 데이터다. 질병코드만으로 진단, 인과관계, 장해율, 고지의무 위반을 단정하지 말고 실제 진료내용, 검사결과, 치료기간, 약관을 확인해야 한다.","medical_issue_codes","internal_medical_issue_code","internal_review_required","needs_human_review"
"MIC160","R07.9:MIC160","흉통 관련 보험쟁점 30","R07","심장 / 혈관","진단비 / 고지의무 / 기왕증 / 입원 필요성 / 수술비","진단비;입원비;수술비;실손의료비;사망보험금","가슴통증;숨참;두근거림;혈압 높음;흉부 불편감","심전도 이상;트로포닌 상승;관상동맥 협착;심부전;부정맥","심전도;트로포닌;심장초음파;관상동맥조영술;혈액검사","효소 상승 정도;심전도 변화;관상동맥 협착 여부;시술 여부;기존 심장질환 치료력","흉통 관련 보험쟁점 30은(는) 진단비 / 고지의무 / 기왕증 / 입원 필요성 / 수술비와 연결될 수 있는 내부 검색 보강 항목이다. 코드명만으로 결론을 내리지 않고 실제 문서상 진단 경위, 검사, 치료기간, 약관상 담보를 함께 확인해야 한다.","사고 직후 증상 발생 여부;사고 전 동일 부위 또는 동일 질환 치료력;검사상 급성 소견 여부;시간적 근접성","기존 치료력;반복 진료 이력;퇴행성 또는 만성 변화;건강검진 이상소견","최근 3개월 내 진료 여부;정밀검사 여부;입원/수술/장기투약 여부;의사가 중대한 질환으로 설명했는지 여부","영구장해 여부;객관적 기능 제한;장해 고정 시점;기왕장해 기여도","입원 필요성은 증상 정도, 검사결과, 치료 내용, 관찰 필요성으로 검토 필요","수술 여부, 수술 목적, 수술기록지상 주요 소견 확인 필요","진료기록지;처방전;진료비 세부내역서;검사결과지 또는 판독지;의사 소견서","R07.9:MIC160;R07;흉통;심장 / 혈관;진단비 / 고지의무 / 기왕증 / 입원 필요성 / 수술비;가슴통증;숨참;심전도 이상;트로포닌 상승","medical_knowledge;terms_standards;fss_dispute_cases;legal_statutes;precedents;issue_playbooks","이 데이터는 의료 판단 확정용이 아니라 보험 실무상 쟁점 연결용 내부 보강 데이터다. 질병코드만으로 진단, 인과관계, 장해율, 고지의무 위반을 단정하지 말고 실제 진료내용, 검사결과, 치료기간, 약관을 확인해야 한다.","medical_issue_codes","internal_medical_issue_code","internal_review_required","needs_human_review"
"MIC161","I20.0:MIC161","협심증 관련 보험쟁점 31","I20","심장 / 혈관","진단비 / 고지의무 / 기왕증 / 입원 필요성 / 수술비","진단비;입원비;수술비;실손의료비;사망보험금","가슴통증;숨참;두근거림;혈압 높음;흉부 불편감","심전도 이상;트로포닌 상승;관상동맥 협착;심부전;부정맥","심전도;트로포닌;심장초음파;관상동맥조영술;혈액검사","효소 상승 정도;심전도 변화;관상동맥 협착 여부;시술 여부;기존 심장질환 치료력","협심증 관련 보험쟁점 31은(는) 진단비 / 고지의무 / 기왕증 / 입원 필요성 / 수술비와 연결될 수 있는 내부 검색 보강 항목이다. 코드명만으로 결론을 내리지 않고 실제 문서상 진단 경위, 검사, 치료기간, 약관상 담보를 함께 확인해야 한다.","사고 직후 증상 발생 여부;사고 전 동일 부위 또는 동일 질환 치료력;검사상 급성 소견 여부;시간적 근접성","기존 치료력;반복 진료 이력;퇴행성 또는 만성 변화;건강검진 이상소견","최근 3개월 내 진료 여부;정밀검사 여부;입원/수술/장기투약 여부;의사가 중대한 질환으로 설명했는지 여부","영구장해 여부;객관적 기능 제한;장해 고정 시점;기왕장해 기여도","입원 필요성은 증상 정도, 검사결과, 치료 내용, 관찰 필요성으로 검토 필요","수술 여부, 수술 목적, 수술기록지상 주요 소견 확인 필요","진료기록지;처방전;진료비 세부내역서;검사결과지 또는 판독지;의사 소견서","I20.0:MIC161;I20;협심증;심장 / 혈관;진단비 / 고지의무 / 기왕증 / 입원 필요성 / 수술비;가슴통증;숨참;심전도 이상;트로포닌 상승","medical_knowledge;terms_standards;fss_dispute_cases;legal_statutes;precedents;issue_playbooks","이 데이터는 의료 판단 확정용이 아니라 보험 실무상 쟁점 연결용 내부 보강 데이터다. 질병코드만으로 진단, 인과관계, 장해율, 고지의무 위반을 단정하지 말고 실제 진료내용, 검사결과, 치료기간, 약관을 확인해야 한다.","medical_issue_codes","internal_medical_issue_code","internal_review_required","needs_human_review"
"MIC162","I21.1:MIC162","급성심근경색 관련 보험쟁점 32","I21","심장 / 혈관","진단비 / 고지의무 / 기왕증 / 입원 필요성 / 수술비","진단비;입원비;수술비;실손의료비;사망보험금","가슴통증;숨참;두근거림;혈압 높음;흉부 불편감","심전도 이상;트로포닌 상승;관상동맥 협착;심부전;부정맥","심전도;트로포닌;심장초음파;관상동맥조영술;혈액검사","효소 상승 정도;심전도 변화;관상동맥 협착 여부;시술 여부;기존 심장질환 치료력","급성심근경색 관련 보험쟁점 32은(는) 진단비 / 고지의무 / 기왕증 / 입원 필요성 / 수술비와 연결될 수 있는 내부 검색 보강 항목이다. 코드명만으로 결론을 내리지 않고 실제 문서상 진단 경위, 검사, 치료기간, 약관상 담보를 함께 확인해야 한다.","사고 직후 증상 발생 여부;사고 전 동일 부위 또는 동일 질환 치료력;검사상 급성 소견 여부;시간적 근접성","기존 치료력;반복 진료 이력;퇴행성 또는 만성 변화;건강검진 이상소견","최근 3개월 내 진료 여부;정밀검사 여부;입원/수술/장기투약 여부;의사가 중대한 질환으로 설명했는지 여부","영구장해 여부;객관적 기능 제한;장해 고정 시점;기왕장해 기여도","입원 필요성은 증상 정도, 검사결과, 치료 내용, 관찰 필요성으로 검토 필요","수술 여부, 수술 목적, 수술기록지상 주요 소견 확인 필요","진료기록지;처방전;진료비 세부내역서;검사결과지 또는 판독지;의사 소견서","I21.1:MIC162;I21;급성심근경색;심장 / 혈관;진단비 / 고지의무 / 기왕증 / 입원 필요성 / 수술비;가슴통증;숨참;심전도 이상;트로포닌 상승","medical_knowledge;terms_standards;fss_dispute_cases;legal_statutes;precedents;issue_playbooks","이 데이터는 의료 판단 확정용이 아니라 보험 실무상 쟁점 연결용 내부 보강 데이터다. 질병코드만으로 진단, 인과관계, 장해율, 고지의무 위반을 단정하지 말고 실제 진료내용, 검사결과, 치료기간, 약관을 확인해야 한다.","medical_issue_codes","internal_medical_issue_code","internal_review_required","needs_human_review"
"MIC163","I25.2:MIC163","만성허혈심장병 관련 보험쟁점 33","I25","심장 / 혈관","진단비 / 고지의무 / 기왕증 / 입원 필요성 / 수술비","진단비;입원비;수술비;실손의료비;사망보험금","가슴통증;숨참;두근거림;혈압 높음;흉부 불편감","심전도 이상;트로포닌 상승;관상동맥 협착;심부전;부정맥","심전도;트로포닌;심장초음파;관상동맥조영술;혈액검사","효소 상승 정도;심전도 변화;관상동맥 협착 여부;시술 여부;기존 심장질환 치료력","만성허혈심장병 관련 보험쟁점 33은(는) 진단비 / 고지의무 / 기왕증 / 입원 필요성 / 수술비와 연결될 수 있는 내부 검색 보강 항목이다. 코드명만으로 결론을 내리지 않고 실제 문서상 진단 경위, 검사, 치료기간, 약관상 담보를 함께 확인해야 한다.","사고 직후 증상 발생 여부;사고 전 동일 부위 또는 동일 질환 치료력;검사상 급성 소견 여부;시간적 근접성","기존 치료력;반복 진료 이력;퇴행성 또는 만성 변화;건강검진 이상소견","최근 3개월 내 진료 여부;정밀검사 여부;입원/수술/장기투약 여부;의사가 중대한 질환으로 설명했는지 여부","영구장해 여부;객관적 기능 제한;장해 고정 시점;기왕장해 기여도","입원 필요성은 증상 정도, 검사결과, 치료 내용, 관찰 필요성으로 검토 필요","수술 여부, 수술 목적, 수술기록지상 주요 소견 확인 필요","진료기록지;처방전;진료비 세부내역서;검사결과지 또는 판독지;의사 소견서","I25.2:MIC163;I25;만성허혈심장병;심장 / 혈관;진단비 / 고지의무 / 기왕증 / 입원 필요성 / 수술비;가슴통증;숨참;심전도 이상;트로포닌 상승","medical_knowledge;terms_standards;fss_dispute_cases;legal_statutes;precedents;issue_playbooks","이 데이터는 의료 판단 확정용이 아니라 보험 실무상 쟁점 연결용 내부 보강 데이터다. 질병코드만으로 진단, 인과관계, 장해율, 고지의무 위반을 단정하지 말고 실제 진료내용, 검사결과, 치료기간, 약관을 확인해야 한다.","medical_issue_codes","internal_medical_issue_code","internal_review_required","needs_human_review"
"MIC164","I50.3:MIC164","심부전 관련 보험쟁점 34","I50","심장 / 혈관","진단비 / 고지의무 / 기왕증 / 입원 필요성 / 수술비","진단비;입원비;수술비;실손의료비;사망보험금","가슴통증;숨참;두근거림;혈압 높음;흉부 불편감","심전도 이상;트로포닌 상승;관상동맥 협착;심부전;부정맥","심전도;트로포닌;심장초음파;관상동맥조영술;혈액검사","효소 상승 정도;심전도 변화;관상동맥 협착 여부;시술 여부;기존 심장질환 치료력","심부전 관련 보험쟁점 34은(는) 진단비 / 고지의무 / 기왕증 / 입원 필요성 / 수술비와 연결될 수 있는 내부 검색 보강 항목이다. 코드명만으로 결론을 내리지 않고 실제 문서상 진단 경위, 검사, 치료기간, 약관상 담보를 함께 확인해야 한다.","사고 직후 증상 발생 여부;사고 전 동일 부위 또는 동일 질환 치료력;검사상 급성 소견 여부;시간적 근접성","기존 치료력;반복 진료 이력;퇴행성 또는 만성 변화;건강검진 이상소견","최근 3개월 내 진료 여부;정밀검사 여부;입원/수술/장기투약 여부;의사가 중대한 질환으로 설명했는지 여부","영구장해 여부;객관적 기능 제한;장해 고정 시점;기왕장해 기여도","입원 필요성은 증상 정도, 검사결과, 치료 내용, 관찰 필요성으로 검토 필요","수술 여부, 수술 목적, 수술기록지상 주요 소견 확인 필요","진료기록지;처방전;진료비 세부내역서;검사결과지 또는 판독지;의사 소견서","I50.3:MIC164;I50;심부전;심장 / 혈관;진단비 / 고지의무 / 기왕증 / 입원 필요성 / 수술비;가슴통증;숨참;심전도 이상;트로포닌 상승","medical_knowledge;terms_standards;fss_dispute_cases;legal_statutes;precedents;issue_playbooks","이 데이터는 의료 판단 확정용이 아니라 보험 실무상 쟁점 연결용 내부 보강 데이터다. 질병코드만으로 진단, 인과관계, 장해율, 고지의무 위반을 단정하지 말고 실제 진료내용, 검사결과, 치료기간, 약관을 확인해야 한다.","medical_issue_codes","internal_medical_issue_code","internal_review_required","needs_human_review"
"MIC165","I31.3:35","심낭삼출 관련 보험쟁점 35","I31.3","심장 / 혈관","진단비 / 고지의무 / 기왕증 / 입원 필요성 / 수술비","진단비;입원비;수술비;실손의료비;사망보험금","가슴통증;숨참;두근거림;혈압 높음;흉부 불편감","심전도 이상;트로포닌 상승;관상동맥 협착;심부전;부정맥","심전도;트로포닌;심장초음파;관상동맥조영술;혈액검사","효소 상승 정도;심전도 변화;관상동맥 협착 여부;시술 여부;기존 심장질환 치료력","심낭삼출 관련 보험쟁점 35은(는) 진단비 / 고지의무 / 기왕증 / 입원 필요성 / 수술비와 연결될 수 있는 내부 검색 보강 항목이다. 코드명만으로 결론을 내리지 않고 실제 문서상 진단 경위, 검사, 치료기간, 약관상 담보를 함께 확인해야 한다.","사고 직후 증상 발생 여부;사고 전 동일 부위 또는 동일 질환 치료력;검사상 급성 소견 여부;시간적 근접성","기존 치료력;반복 진료 이력;퇴행성 또는 만성 변화;건강검진 이상소견","최근 3개월 내 진료 여부;정밀검사 여부;입원/수술/장기투약 여부;의사가 중대한 질환으로 설명했는지 여부","영구장해 여부;객관적 기능 제한;장해 고정 시점;기왕장해 기여도","입원 필요성은 증상 정도, 검사결과, 치료 내용, 관찰 필요성으로 검토 필요","수술 여부, 수술 목적, 수술기록지상 주요 소견 확인 필요","진료기록지;처방전;진료비 세부내역서;검사결과지 또는 판독지;의사 소견서","I31.3:35;I31.3;심낭삼출;심장 / 혈관;진단비 / 고지의무 / 기왕증 / 입원 필요성 / 수술비;가슴통증;숨참;심전도 이상;트로포닌 상승","medical_knowledge;terms_standards;fss_dispute_cases;legal_statutes;precedents;issue_playbooks","이 데이터는 의료 판단 확정용이 아니라 보험 실무상 쟁점 연결용 내부 보강 데이터다. 질병코드만으로 진단, 인과관계, 장해율, 고지의무 위반을 단정하지 말고 실제 진료내용, 검사결과, 치료기간, 약관을 확인해야 한다.","medical_issue_codes","internal_medical_issue_code","internal_review_required","needs_human_review"
"MIC166","I10.5:MIC166","고혈압 관련 보험쟁점 36","I10","심장 / 혈관","진단비 / 고지의무 / 기왕증 / 입원 필요성 / 수술비","진단비;입원비;수술비;실손의료비;사망보험금","가슴통증;숨참;두근거림;혈압 높음;흉부 불편감","심전도 이상;트로포닌 상승;관상동맥 협착;심부전;부정맥","심전도;트로포닌;심장초음파;관상동맥조영술;혈액검사","효소 상승 정도;심전도 변화;관상동맥 협착 여부;시술 여부;기존 심장질환 치료력","고혈압 관련 보험쟁점 36은(는) 진단비 / 고지의무 / 기왕증 / 입원 필요성 / 수술비와 연결될 수 있는 내부 검색 보강 항목이다. 코드명만으로 결론을 내리지 않고 실제 문서상 진단 경위, 검사, 치료기간, 약관상 담보를 함께 확인해야 한다.","사고 직후 증상 발생 여부;사고 전 동일 부위 또는 동일 질환 치료력;검사상 급성 소견 여부;시간적 근접성","기존 치료력;반복 진료 이력;퇴행성 또는 만성 변화;건강검진 이상소견","최근 3개월 내 진료 여부;정밀검사 여부;입원/수술/장기투약 여부;의사가 중대한 질환으로 설명했는지 여부","영구장해 여부;객관적 기능 제한;장해 고정 시점;기왕장해 기여도","입원 필요성은 증상 정도, 검사결과, 치료 내용, 관찰 필요성으로 검토 필요","수술 여부, 수술 목적, 수술기록지상 주요 소견 확인 필요","진료기록지;처방전;진료비 세부내역서;검사결과지 또는 판독지;의사 소견서","I10.5:MIC166;I10;고혈압;심장 / 혈관;진단비 / 고지의무 / 기왕증 / 입원 필요성 / 수술비;가슴통증;숨참;심전도 이상;트로포닌 상승","medical_knowledge;terms_standards;fss_dispute_cases;legal_statutes;precedents;issue_playbooks","이 데이터는 의료 판단 확정용이 아니라 보험 실무상 쟁점 연결용 내부 보강 데이터다. 질병코드만으로 진단, 인과관계, 장해율, 고지의무 위반을 단정하지 말고 실제 진료내용, 검사결과, 치료기간, 약관을 확인해야 한다.","medical_issue_codes","internal_medical_issue_code","internal_review_required","needs_human_review"
"MIC167","I48.6:MIC167","심방세동 관련 보험쟁점 37","I48","심장 / 혈관","진단비 / 고지의무 / 기왕증 / 입원 필요성 / 수술비","진단비;입원비;수술비;실손의료비;사망보험금","가슴통증;숨참;두근거림;혈압 높음;흉부 불편감","심전도 이상;트로포닌 상승;관상동맥 협착;심부전;부정맥","심전도;트로포닌;심장초음파;관상동맥조영술;혈액검사","효소 상승 정도;심전도 변화;관상동맥 협착 여부;시술 여부;기존 심장질환 치료력","심방세동 관련 보험쟁점 37은(는) 진단비 / 고지의무 / 기왕증 / 입원 필요성 / 수술비와 연결될 수 있는 내부 검색 보강 항목이다. 코드명만으로 결론을 내리지 않고 실제 문서상 진단 경위, 검사, 치료기간, 약관상 담보를 함께 확인해야 한다.","사고 직후 증상 발생 여부;사고 전 동일 부위 또는 동일 질환 치료력;검사상 급성 소견 여부;시간적 근접성","기존 치료력;반복 진료 이력;퇴행성 또는 만성 변화;건강검진 이상소견","최근 3개월 내 진료 여부;정밀검사 여부;입원/수술/장기투약 여부;의사가 중대한 질환으로 설명했는지 여부","영구장해 여부;객관적 기능 제한;장해 고정 시점;기왕장해 기여도","입원 필요성은 증상 정도, 검사결과, 치료 내용, 관찰 필요성으로 검토 필요","수술 여부, 수술 목적, 수술기록지상 주요 소견 확인 필요","진료기록지;처방전;진료비 세부내역서;검사결과지 또는 판독지;의사 소견서","I48.6:MIC167;I48;심방세동;심장 / 혈관;진단비 / 고지의무 / 기왕증 / 입원 필요성 / 수술비;가슴통증;숨참;심전도 이상;트로포닌 상승","medical_knowledge;terms_standards;fss_dispute_cases;legal_statutes;precedents;issue_playbooks","이 데이터는 의료 판단 확정용이 아니라 보험 실무상 쟁점 연결용 내부 보강 데이터다. 질병코드만으로 진단, 인과관계, 장해율, 고지의무 위반을 단정하지 말고 실제 진료내용, 검사결과, 치료기간, 약관을 확인해야 한다.","medical_issue_codes","internal_medical_issue_code","internal_review_required","needs_human_review"
"MIC168","I42.7:MIC168","심근병증 관련 보험쟁점 38","I42","심장 / 혈관","진단비 / 고지의무 / 기왕증 / 입원 필요성 / 수술비","진단비;입원비;수술비;실손의료비;사망보험금","가슴통증;숨참;두근거림;혈압 높음;흉부 불편감","심전도 이상;트로포닌 상승;관상동맥 협착;심부전;부정맥","심전도;트로포닌;심장초음파;관상동맥조영술;혈액검사","효소 상승 정도;심전도 변화;관상동맥 협착 여부;시술 여부;기존 심장질환 치료력","심근병증 관련 보험쟁점 38은(는) 진단비 / 고지의무 / 기왕증 / 입원 필요성 / 수술비와 연결될 수 있는 내부 검색 보강 항목이다. 코드명만으로 결론을 내리지 않고 실제 문서상 진단 경위, 검사, 치료기간, 약관상 담보를 함께 확인해야 한다.","사고 직후 증상 발생 여부;사고 전 동일 부위 또는 동일 질환 치료력;검사상 급성 소견 여부;시간적 근접성","기존 치료력;반복 진료 이력;퇴행성 또는 만성 변화;건강검진 이상소견","최근 3개월 내 진료 여부;정밀검사 여부;입원/수술/장기투약 여부;의사가 중대한 질환으로 설명했는지 여부","영구장해 여부;객관적 기능 제한;장해 고정 시점;기왕장해 기여도","입원 필요성은 증상 정도, 검사결과, 치료 내용, 관찰 필요성으로 검토 필요","수술 여부, 수술 목적, 수술기록지상 주요 소견 확인 필요","진료기록지;처방전;진료비 세부내역서;검사결과지 또는 판독지;의사 소견서","I42.7:MIC168;I42;심근병증;심장 / 혈관;진단비 / 고지의무 / 기왕증 / 입원 필요성 / 수술비;가슴통증;숨참;심전도 이상;트로포닌 상승","medical_knowledge;terms_standards;fss_dispute_cases;legal_statutes;precedents;issue_playbooks","이 데이터는 의료 판단 확정용이 아니라 보험 실무상 쟁점 연결용 내부 보강 데이터다. 질병코드만으로 진단, 인과관계, 장해율, 고지의무 위반을 단정하지 말고 실제 진료내용, 검사결과, 치료기간, 약관을 확인해야 한다.","medical_issue_codes","internal_medical_issue_code","internal_review_required","needs_human_review"
"MIC169","I71.8:MIC169","대동맥류/박리 관련 보험쟁점 39","I71","심장 / 혈관","진단비 / 고지의무 / 기왕증 / 입원 필요성 / 수술비","진단비;입원비;수술비;실손의료비;사망보험금","가슴통증;숨참;두근거림;혈압 높음;흉부 불편감","심전도 이상;트로포닌 상승;관상동맥 협착;심부전;부정맥","심전도;트로포닌;심장초음파;관상동맥조영술;혈액검사","효소 상승 정도;심전도 변화;관상동맥 협착 여부;시술 여부;기존 심장질환 치료력","대동맥류/박리 관련 보험쟁점 39은(는) 진단비 / 고지의무 / 기왕증 / 입원 필요성 / 수술비와 연결될 수 있는 내부 검색 보강 항목이다. 코드명만으로 결론을 내리지 않고 실제 문서상 진단 경위, 검사, 치료기간, 약관상 담보를 함께 확인해야 한다.","사고 직후 증상 발생 여부;사고 전 동일 부위 또는 동일 질환 치료력;검사상 급성 소견 여부;시간적 근접성","기존 치료력;반복 진료 이력;퇴행성 또는 만성 변화;건강검진 이상소견","최근 3개월 내 진료 여부;정밀검사 여부;입원/수술/장기투약 여부;의사가 중대한 질환으로 설명했는지 여부","영구장해 여부;객관적 기능 제한;장해 고정 시점;기왕장해 기여도","입원 필요성은 증상 정도, 검사결과, 치료 내용, 관찰 필요성으로 검토 필요","수술 여부, 수술 목적, 수술기록지상 주요 소견 확인 필요","진료기록지;처방전;진료비 세부내역서;검사결과지 또는 판독지;의사 소견서","I71.8:MIC169;I71;대동맥류/박리;심장 / 혈관;진단비 / 고지의무 / 기왕증 / 입원 필요성 / 수술비;가슴통증;숨참;심전도 이상;트로포닌 상승","medical_knowledge;terms_standards;fss_dispute_cases;legal_statutes;precedents;issue_playbooks","이 데이터는 의료 판단 확정용이 아니라 보험 실무상 쟁점 연결용 내부 보강 데이터다. 질병코드만으로 진단, 인과관계, 장해율, 고지의무 위반을 단정하지 말고 실제 진료내용, 검사결과, 치료기간, 약관을 확인해야 한다.","medical_issue_codes","internal_medical_issue_code","internal_review_required","needs_human_review"
"MIC170","R07.9:MIC170","흉통 관련 보험쟁점 40","R07","심장 / 혈관","진단비 / 고지의무 / 기왕증 / 입원 필요성 / 수술비","진단비;입원비;수술비;실손의료비;사망보험금","가슴통증;숨참;두근거림;혈압 높음;흉부 불편감","심전도 이상;트로포닌 상승;관상동맥 협착;심부전;부정맥","심전도;트로포닌;심장초음파;관상동맥조영술;혈액검사","효소 상승 정도;심전도 변화;관상동맥 협착 여부;시술 여부;기존 심장질환 치료력","흉통 관련 보험쟁점 40은(는) 진단비 / 고지의무 / 기왕증 / 입원 필요성 / 수술비와 연결될 수 있는 내부 검색 보강 항목이다. 코드명만으로 결론을 내리지 않고 실제 문서상 진단 경위, 검사, 치료기간, 약관상 담보를 함께 확인해야 한다.","사고 직후 증상 발생 여부;사고 전 동일 부위 또는 동일 질환 치료력;검사상 급성 소견 여부;시간적 근접성","기존 치료력;반복 진료 이력;퇴행성 또는 만성 변화;건강검진 이상소견","최근 3개월 내 진료 여부;정밀검사 여부;입원/수술/장기투약 여부;의사가 중대한 질환으로 설명했는지 여부","영구장해 여부;객관적 기능 제한;장해 고정 시점;기왕장해 기여도","입원 필요성은 증상 정도, 검사결과, 치료 내용, 관찰 필요성으로 검토 필요","수술 여부, 수술 목적, 수술기록지상 주요 소견 확인 필요","진료기록지;처방전;진료비 세부내역서;검사결과지 또는 판독지;의사 소견서","R07.9:MIC170;R07;흉통;심장 / 혈관;진단비 / 고지의무 / 기왕증 / 입원 필요성 / 수술비;가슴통증;숨참;심전도 이상;트로포닌 상승","medical_knowledge;terms_standards;fss_dispute_cases;legal_statutes;precedents;issue_playbooks","이 데이터는 의료 판단 확정용이 아니라 보험 실무상 쟁점 연결용 내부 보강 데이터다. 질병코드만으로 진단, 인과관계, 장해율, 고지의무 위반을 단정하지 말고 실제 진료내용, 검사결과, 치료기간, 약관을 확인해야 한다.","medical_issue_codes","internal_medical_issue_code","internal_review_required","needs_human_review"
"MIC171","C73.0","갑상선암 관련 보험쟁점 1","C73","암 / 종양","암진단비 / 고지의무 / 책임개시일 / 진단확정 / 약관 분류","암진단비;수술비;입원비;실손의료비;항암치료비","혹;결절;암 의심;조직검사;전이","병리보고서;조직검사;세포검사;악성 신생물;경계성 종양","조직검사;세포검사;CT;MRI;초음파;종양표지자","병리학적 확정 여부;침윤 여부;원발/전이 구분;책임개시일 전 의심소견;약관상 암 분류","갑상선암 관련 보험쟁점 1은(는) 암진단비 / 고지의무 / 책임개시일 / 진단확정 / 약관 분류와 연결될 수 있는 내부 검색 보강 항목이다. 코드명만으로 결론을 내리지 않고 실제 문서상 진단 경위, 검사, 치료기간, 약관상 담보를 함께 확인해야 한다.","사고 직후 증상 발생 여부;사고 전 동일 부위 또는 동일 질환 치료력;검사상 급성 소견 여부;시간적 근접성","기존 치료력;반복 진료 이력;퇴행성 또는 만성 변화;건강검진 이상소견","최근 3개월 내 진료 여부;정밀검사 여부;입원/수술/장기투약 여부;의사가 중대한 질환으로 설명했는지 여부","영구장해 여부;객관적 기능 제한;장해 고정 시점;기왕장해 기여도","입원 필요성은 증상 정도, 검사결과, 치료 내용, 관찰 필요성으로 검토 필요","수술 여부, 수술 목적, 수술기록지상 주요 소견 확인 필요","진료기록지;처방전;진료비 세부내역서;검사결과지 또는 판독지;의사 소견서","C73.0;C73;갑상선암;암 / 종양;암진단비 / 고지의무 / 책임개시일 / 진단확정 / 약관 분류;혹;결절;병리보고서;조직검사","medical_knowledge;terms_standards;fss_dispute_cases;legal_statutes;precedents;issue_playbooks","이 데이터는 의료 판단 확정용이 아니라 보험 실무상 쟁점 연결용 내부 보강 데이터다. 질병코드만으로 진단, 인과관계, 장해율, 고지의무 위반을 단정하지 말고 실제 진료내용, 검사결과, 치료기간, 약관을 확인해야 한다.","medical_issue_codes","internal_medical_issue_code","internal_review_required","needs_human_review"
"MIC172","D34.1","갑상선 양성신생물 관련 보험쟁점 2","D34","암 / 종양","암진단비 / 고지의무 / 책임개시일 / 진단확정 / 약관 분류","암진단비;수술비;입원비;실손의료비;항암치료비","혹;결절;암 의심;조직검사;전이","병리보고서;조직검사;세포검사;악성 신생물;경계성 종양","조직검사;세포검사;CT;MRI;초음파;종양표지자","병리학적 확정 여부;침윤 여부;원발/전이 구분;책임개시일 전 의심소견;약관상 암 분류","갑상선 양성신생물 관련 보험쟁점 2은(는) 암진단비 / 고지의무 / 책임개시일 / 진단확정 / 약관 분류와 연결될 수 있는 내부 검색 보강 항목이다. 코드명만으로 결론을 내리지 않고 실제 문서상 진단 경위, 검사, 치료기간, 약관상 담보를 함께 확인해야 한다.","사고 직후 증상 발생 여부;사고 전 동일 부위 또는 동일 질환 치료력;검사상 급성 소견 여부;시간적 근접성","기존 치료력;반복 진료 이력;퇴행성 또는 만성 변화;건강검진 이상소견","최근 3개월 내 진료 여부;정밀검사 여부;입원/수술/장기투약 여부;의사가 중대한 질환으로 설명했는지 여부","영구장해 여부;객관적 기능 제한;장해 고정 시점;기왕장해 기여도","입원 필요성은 증상 정도, 검사결과, 치료 내용, 관찰 필요성으로 검토 필요","수술 여부, 수술 목적, 수술기록지상 주요 소견 확인 필요","진료기록지;처방전;진료비 세부내역서;검사결과지 또는 판독지;의사 소견서","D34.1;D34;갑상선 양성신생물;암 / 종양;암진단비 / 고지의무 / 책임개시일 / 진단확정 / 약관 분류;혹;결절;병리보고서;조직검사","medical_knowledge;terms_standards;fss_dispute_cases;legal_statutes;precedents;issue_playbooks","이 데이터는 의료 판단 확정용이 아니라 보험 실무상 쟁점 연결용 내부 보강 데이터다. 질병코드만으로 진단, 인과관계, 장해율, 고지의무 위반을 단정하지 말고 실제 진료내용, 검사결과, 치료기간, 약관을 확인해야 한다.","medical_issue_codes","internal_medical_issue_code","internal_review_required","needs_human_review"
"MIC173","E04.2","갑상선 결절/비독성 갑상선종 관련 보험쟁점 3","E04","암 / 종양","암진단비 / 고지의무 / 책임개시일 / 진단확정 / 약관 분류","암진단비;수술비;입원비;실손의료비;항암치료비","혹;결절;암 의심;조직검사;전이","병리보고서;조직검사;세포검사;악성 신생물;경계성 종양","조직검사;세포검사;CT;MRI;초음파;종양표지자","병리학적 확정 여부;침윤 여부;원발/전이 구분;책임개시일 전 의심소견;약관상 암 분류","갑상선 결절/비독성 갑상선종 관련 보험쟁점 3은(는) 암진단비 / 고지의무 / 책임개시일 / 진단확정 / 약관 분류와 연결될 수 있는 내부 검색 보강 항목이다. 코드명만으로 결론을 내리지 않고 실제 문서상 진단 경위, 검사, 치료기간, 약관상 담보를 함께 확인해야 한다.","사고 직후 증상 발생 여부;사고 전 동일 부위 또는 동일 질환 치료력;검사상 급성 소견 여부;시간적 근접성","기존 치료력;반복 진료 이력;퇴행성 또는 만성 변화;건강검진 이상소견","최근 3개월 내 진료 여부;정밀검사 여부;입원/수술/장기투약 여부;의사가 중대한 질환으로 설명했는지 여부","영구장해 여부;객관적 기능 제한;장해 고정 시점;기왕장해 기여도","입원 필요성은 증상 정도, 검사결과, 치료 내용, 관찰 필요성으로 검토 필요","수술 여부, 수술 목적, 수술기록지상 주요 소견 확인 필요","진료기록지;처방전;진료비 세부내역서;검사결과지 또는 판독지;의사 소견서","E04.2;E04;갑상선 결절/비독성 갑상선종;암 / 종양;암진단비 / 고지의무 / 책임개시일 / 진단확정 / 약관 분류;혹;결절;병리보고서;조직검사","medical_knowledge;terms_standards;fss_dispute_cases;legal_statutes;precedents;issue_playbooks","이 데이터는 의료 판단 확정용이 아니라 보험 실무상 쟁점 연결용 내부 보강 데이터다. 질병코드만으로 진단, 인과관계, 장해율, 고지의무 위반을 단정하지 말고 실제 진료내용, 검사결과, 치료기간, 약관을 확인해야 한다.","medical_issue_codes","internal_medical_issue_code","internal_review_required","needs_human_review"
"MIC174","C50.3","유방암 관련 보험쟁점 4","C50","암 / 종양","암진단비 / 고지의무 / 책임개시일 / 진단확정 / 약관 분류","암진단비;수술비;입원비;실손의료비;항암치료비","혹;결절;암 의심;조직검사;전이","병리보고서;조직검사;세포검사;악성 신생물;경계성 종양","조직검사;세포검사;CT;MRI;초음파;종양표지자","병리학적 확정 여부;침윤 여부;원발/전이 구분;책임개시일 전 의심소견;약관상 암 분류","유방암 관련 보험쟁점 4은(는) 암진단비 / 고지의무 / 책임개시일 / 진단확정 / 약관 분류와 연결될 수 있는 내부 검색 보강 항목이다. 코드명만으로 결론을 내리지 않고 실제 문서상 진단 경위, 검사, 치료기간, 약관상 담보를 함께 확인해야 한다.","사고 직후 증상 발생 여부;사고 전 동일 부위 또는 동일 질환 치료력;검사상 급성 소견 여부;시간적 근접성","기존 치료력;반복 진료 이력;퇴행성 또는 만성 변화;건강검진 이상소견","최근 3개월 내 진료 여부;정밀검사 여부;입원/수술/장기투약 여부;의사가 중대한 질환으로 설명했는지 여부","영구장해 여부;객관적 기능 제한;장해 고정 시점;기왕장해 기여도","입원 필요성은 증상 정도, 검사결과, 치료 내용, 관찰 필요성으로 검토 필요","수술 여부, 수술 목적, 수술기록지상 주요 소견 확인 필요","진료기록지;처방전;진료비 세부내역서;검사결과지 또는 판독지;의사 소견서","C50.3;C50;유방암;암 / 종양;암진단비 / 고지의무 / 책임개시일 / 진단확정 / 약관 분류;혹;결절;병리보고서;조직검사","medical_knowledge;terms_standards;fss_dispute_cases;legal_statutes;precedents;issue_playbooks","이 데이터는 의료 판단 확정용이 아니라 보험 실무상 쟁점 연결용 내부 보강 데이터다. 질병코드만으로 진단, 인과관계, 장해율, 고지의무 위반을 단정하지 말고 실제 진료내용, 검사결과, 치료기간, 약관을 확인해야 한다.","medical_issue_codes","internal_medical_issue_code","internal_review_required","needs_human_review"
"MIC175","D24.4","유방 양성신생물 관련 보험쟁점 5","D24","암 / 종양","암진단비 / 고지의무 / 책임개시일 / 진단확정 / 약관 분류","암진단비;수술비;입원비;실손의료비;항암치료비","혹;결절;암 의심;조직검사;전이","병리보고서;조직검사;세포검사;악성 신생물;경계성 종양","조직검사;세포검사;CT;MRI;초음파;종양표지자","병리학적 확정 여부;침윤 여부;원발/전이 구분;책임개시일 전 의심소견;약관상 암 분류","유방 양성신생물 관련 보험쟁점 5은(는) 암진단비 / 고지의무 / 책임개시일 / 진단확정 / 약관 분류와 연결될 수 있는 내부 검색 보강 항목이다. 코드명만으로 결론을 내리지 않고 실제 문서상 진단 경위, 검사, 치료기간, 약관상 담보를 함께 확인해야 한다.","사고 직후 증상 발생 여부;사고 전 동일 부위 또는 동일 질환 치료력;검사상 급성 소견 여부;시간적 근접성","기존 치료력;반복 진료 이력;퇴행성 또는 만성 변화;건강검진 이상소견","최근 3개월 내 진료 여부;정밀검사 여부;입원/수술/장기투약 여부;의사가 중대한 질환으로 설명했는지 여부","영구장해 여부;객관적 기능 제한;장해 고정 시점;기왕장해 기여도","입원 필요성은 증상 정도, 검사결과, 치료 내용, 관찰 필요성으로 검토 필요","수술 여부, 수술 목적, 수술기록지상 주요 소견 확인 필요","진료기록지;처방전;진료비 세부내역서;검사결과지 또는 판독지;의사 소견서","D24.4;D24;유방 양성신생물;암 / 종양;암진단비 / 고지의무 / 책임개시일 / 진단확정 / 약관 분류;혹;결절;병리보고서;조직검사","medical_knowledge;terms_standards;fss_dispute_cases;legal_statutes;precedents;issue_playbooks","이 데이터는 의료 판단 확정용이 아니라 보험 실무상 쟁점 연결용 내부 보강 데이터다. 질병코드만으로 진단, 인과관계, 장해율, 고지의무 위반을 단정하지 말고 실제 진료내용, 검사결과, 치료기간, 약관을 확인해야 한다.","medical_issue_codes","internal_medical_issue_code","internal_review_required","needs_human_review"
"MIC176","C18.5","대장암 관련 보험쟁점 6","C18","암 / 종양","암진단비 / 고지의무 / 책임개시일 / 진단확정 / 약관 분류","암진단비;수술비;입원비;실손의료비;항암치료비","혹;결절;암 의심;조직검사;전이","병리보고서;조직검사;세포검사;악성 신생물;경계성 종양","조직검사;세포검사;CT;MRI;초음파;종양표지자","병리학적 확정 여부;침윤 여부;원발/전이 구분;책임개시일 전 의심소견;약관상 암 분류","대장암 관련 보험쟁점 6은(는) 암진단비 / 고지의무 / 책임개시일 / 진단확정 / 약관 분류와 연결될 수 있는 내부 검색 보강 항목이다. 코드명만으로 결론을 내리지 않고 실제 문서상 진단 경위, 검사, 치료기간, 약관상 담보를 함께 확인해야 한다.","사고 직후 증상 발생 여부;사고 전 동일 부위 또는 동일 질환 치료력;검사상 급성 소견 여부;시간적 근접성","기존 치료력;반복 진료 이력;퇴행성 또는 만성 변화;건강검진 이상소견","최근 3개월 내 진료 여부;정밀검사 여부;입원/수술/장기투약 여부;의사가 중대한 질환으로 설명했는지 여부","영구장해 여부;객관적 기능 제한;장해 고정 시점;기왕장해 기여도","입원 필요성은 증상 정도, 검사결과, 치료 내용, 관찰 필요성으로 검토 필요","수술 여부, 수술 목적, 수술기록지상 주요 소견 확인 필요","진료기록지;처방전;진료비 세부내역서;검사결과지 또는 판독지;의사 소견서","C18.5;C18;대장암;암 / 종양;암진단비 / 고지의무 / 책임개시일 / 진단확정 / 약관 분류;혹;결절;병리보고서;조직검사","medical_knowledge;terms_standards;fss_dispute_cases;legal_statutes;precedents;issue_playbooks","이 데이터는 의료 판단 확정용이 아니라 보험 실무상 쟁점 연결용 내부 보강 데이터다. 질병코드만으로 진단, 인과관계, 장해율, 고지의무 위반을 단정하지 말고 실제 진료내용, 검사결과, 치료기간, 약관을 확인해야 한다.","medical_issue_codes","internal_medical_issue_code","internal_review_required","needs_human_review"
"MIC177","C16.6","위암 관련 보험쟁점 7","C16","암 / 종양","암진단비 / 고지의무 / 책임개시일 / 진단확정 / 약관 분류","암진단비;수술비;입원비;실손의료비;항암치료비","혹;결절;암 의심;조직검사;전이","병리보고서;조직검사;세포검사;악성 신생물;경계성 종양","조직검사;세포검사;CT;MRI;초음파;종양표지자","병리학적 확정 여부;침윤 여부;원발/전이 구분;책임개시일 전 의심소견;약관상 암 분류","위암 관련 보험쟁점 7은(는) 암진단비 / 고지의무 / 책임개시일 / 진단확정 / 약관 분류와 연결될 수 있는 내부 검색 보강 항목이다. 코드명만으로 결론을 내리지 않고 실제 문서상 진단 경위, 검사, 치료기간, 약관상 담보를 함께 확인해야 한다.","사고 직후 증상 발생 여부;사고 전 동일 부위 또는 동일 질환 치료력;검사상 급성 소견 여부;시간적 근접성","기존 치료력;반복 진료 이력;퇴행성 또는 만성 변화;건강검진 이상소견","최근 3개월 내 진료 여부;정밀검사 여부;입원/수술/장기투약 여부;의사가 중대한 질환으로 설명했는지 여부","영구장해 여부;객관적 기능 제한;장해 고정 시점;기왕장해 기여도","입원 필요성은 증상 정도, 검사결과, 치료 내용, 관찰 필요성으로 검토 필요","수술 여부, 수술 목적, 수술기록지상 주요 소견 확인 필요","진료기록지;처방전;진료비 세부내역서;검사결과지 또는 판독지;의사 소견서","C16.6;C16;위암;암 / 종양;암진단비 / 고지의무 / 책임개시일 / 진단확정 / 약관 분류;혹;결절;병리보고서;조직검사","medical_knowledge;terms_standards;fss_dispute_cases;legal_statutes;precedents;issue_playbooks","이 데이터는 의료 판단 확정용이 아니라 보험 실무상 쟁점 연결용 내부 보강 데이터다. 질병코드만으로 진단, 인과관계, 장해율, 고지의무 위반을 단정하지 말고 실제 진료내용, 검사결과, 치료기간, 약관을 확인해야 한다.","medical_issue_codes","internal_medical_issue_code","internal_review_required","needs_human_review"
"MIC178","C22.7","간암 관련 보험쟁점 8","C22","암 / 종양","암진단비 / 고지의무 / 책임개시일 / 진단확정 / 약관 분류","암진단비;수술비;입원비;실손의료비;항암치료비","혹;결절;암 의심;조직검사;전이","병리보고서;조직검사;세포검사;악성 신생물;경계성 종양","조직검사;세포검사;CT;MRI;초음파;종양표지자","병리학적 확정 여부;침윤 여부;원발/전이 구분;책임개시일 전 의심소견;약관상 암 분류","간암 관련 보험쟁점 8은(는) 암진단비 / 고지의무 / 책임개시일 / 진단확정 / 약관 분류와 연결될 수 있는 내부 검색 보강 항목이다. 코드명만으로 결론을 내리지 않고 실제 문서상 진단 경위, 검사, 치료기간, 약관상 담보를 함께 확인해야 한다.","사고 직후 증상 발생 여부;사고 전 동일 부위 또는 동일 질환 치료력;검사상 급성 소견 여부;시간적 근접성","기존 치료력;반복 진료 이력;퇴행성 또는 만성 변화;건강검진 이상소견","최근 3개월 내 진료 여부;정밀검사 여부;입원/수술/장기투약 여부;의사가 중대한 질환으로 설명했는지 여부","영구장해 여부;객관적 기능 제한;장해 고정 시점;기왕장해 기여도","입원 필요성은 증상 정도, 검사결과, 치료 내용, 관찰 필요성으로 검토 필요","수술 여부, 수술 목적, 수술기록지상 주요 소견 확인 필요","진료기록지;처방전;진료비 세부내역서;검사결과지 또는 판독지;의사 소견서","C22.7;C22;간암;암 / 종양;암진단비 / 고지의무 / 책임개시일 / 진단확정 / 약관 분류;혹;결절;병리보고서;조직검사","medical_knowledge;terms_standards;fss_dispute_cases;legal_statutes;precedents;issue_playbooks","이 데이터는 의료 판단 확정용이 아니라 보험 실무상 쟁점 연결용 내부 보강 데이터다. 질병코드만으로 진단, 인과관계, 장해율, 고지의무 위반을 단정하지 말고 실제 진료내용, 검사결과, 치료기간, 약관을 확인해야 한다.","medical_issue_codes","internal_medical_issue_code","internal_review_required","needs_human_review"
"MIC179","C34.8","폐암 관련 보험쟁점 9","C34","암 / 종양","암진단비 / 고지의무 / 책임개시일 / 진단확정 / 약관 분류","암진단비;수술비;입원비;실손의료비;항암치료비","혹;결절;암 의심;조직검사;전이","병리보고서;조직검사;세포검사;악성 신생물;경계성 종양","조직검사;세포검사;CT;MRI;초음파;종양표지자","병리학적 확정 여부;침윤 여부;원발/전이 구분;책임개시일 전 의심소견;약관상 암 분류","폐암 관련 보험쟁점 9은(는) 암진단비 / 고지의무 / 책임개시일 / 진단확정 / 약관 분류와 연결될 수 있는 내부 검색 보강 항목이다. 코드명만으로 결론을 내리지 않고 실제 문서상 진단 경위, 검사, 치료기간, 약관상 담보를 함께 확인해야 한다.","사고 직후 증상 발생 여부;사고 전 동일 부위 또는 동일 질환 치료력;검사상 급성 소견 여부;시간적 근접성","기존 치료력;반복 진료 이력;퇴행성 또는 만성 변화;건강검진 이상소견","최근 3개월 내 진료 여부;정밀검사 여부;입원/수술/장기투약 여부;의사가 중대한 질환으로 설명했는지 여부","영구장해 여부;객관적 기능 제한;장해 고정 시점;기왕장해 기여도","입원 필요성은 증상 정도, 검사결과, 치료 내용, 관찰 필요성으로 검토 필요","수술 여부, 수술 목적, 수술기록지상 주요 소견 확인 필요","진료기록지;처방전;진료비 세부내역서;검사결과지 또는 판독지;의사 소견서","C34.8;C34;폐암;암 / 종양;암진단비 / 고지의무 / 책임개시일 / 진단확정 / 약관 분류;혹;결절;병리보고서;조직검사","medical_knowledge;terms_standards;fss_dispute_cases;legal_statutes;precedents;issue_playbooks","이 데이터는 의료 판단 확정용이 아니라 보험 실무상 쟁점 연결용 내부 보강 데이터다. 질병코드만으로 진단, 인과관계, 장해율, 고지의무 위반을 단정하지 말고 실제 진료내용, 검사결과, 치료기간, 약관을 확인해야 한다.","medical_issue_codes","internal_medical_issue_code","internal_review_required","needs_human_review"
"MIC180","C61.9","전립선암 관련 보험쟁점 10","C61","암 / 종양","암진단비 / 고지의무 / 책임개시일 / 진단확정 / 약관 분류","암진단비;수술비;입원비;실손의료비;항암치료비","혹;결절;암 의심;조직검사;전이","병리보고서;조직검사;세포검사;악성 신생물;경계성 종양","조직검사;세포검사;CT;MRI;초음파;종양표지자","병리학적 확정 여부;침윤 여부;원발/전이 구분;책임개시일 전 의심소견;약관상 암 분류","전립선암 관련 보험쟁점 10은(는) 암진단비 / 고지의무 / 책임개시일 / 진단확정 / 약관 분류와 연결될 수 있는 내부 검색 보강 항목이다. 코드명만으로 결론을 내리지 않고 실제 문서상 진단 경위, 검사, 치료기간, 약관상 담보를 함께 확인해야 한다.","사고 직후 증상 발생 여부;사고 전 동일 부위 또는 동일 질환 치료력;검사상 급성 소견 여부;시간적 근접성","기존 치료력;반복 진료 이력;퇴행성 또는 만성 변화;건강검진 이상소견","최근 3개월 내 진료 여부;정밀검사 여부;입원/수술/장기투약 여부;의사가 중대한 질환으로 설명했는지 여부","영구장해 여부;객관적 기능 제한;장해 고정 시점;기왕장해 기여도","입원 필요성은 증상 정도, 검사결과, 치료 내용, 관찰 필요성으로 검토 필요","수술 여부, 수술 목적, 수술기록지상 주요 소견 확인 필요","진료기록지;처방전;진료비 세부내역서;검사결과지 또는 판독지;의사 소견서","C61.9;C61;전립선암;암 / 종양;암진단비 / 고지의무 / 책임개시일 / 진단확정 / 약관 분류;혹;결절;병리보고서;조직검사","medical_knowledge;terms_standards;fss_dispute_cases;legal_statutes;precedents;issue_playbooks","이 데이터는 의료 판단 확정용이 아니라 보험 실무상 쟁점 연결용 내부 보강 데이터다. 질병코드만으로 진단, 인과관계, 장해율, 고지의무 위반을 단정하지 말고 실제 진료내용, 검사결과, 치료기간, 약관을 확인해야 한다.","medical_issue_codes","internal_medical_issue_code","internal_review_required","needs_human_review"
"MIC181","C53.0","자궁경부암 관련 보험쟁점 11","C53","암 / 종양","암진단비 / 고지의무 / 책임개시일 / 진단확정 / 약관 분류","암진단비;수술비;입원비;실손의료비;항암치료비","혹;결절;암 의심;조직검사;전이","병리보고서;조직검사;세포검사;악성 신생물;경계성 종양","조직검사;세포검사;CT;MRI;초음파;종양표지자","병리학적 확정 여부;침윤 여부;원발/전이 구분;책임개시일 전 의심소견;약관상 암 분류","자궁경부암 관련 보험쟁점 11은(는) 암진단비 / 고지의무 / 책임개시일 / 진단확정 / 약관 분류와 연결될 수 있는 내부 검색 보강 항목이다. 코드명만으로 결론을 내리지 않고 실제 문서상 진단 경위, 검사, 치료기간, 약관상 담보를 함께 확인해야 한다.","사고 직후 증상 발생 여부;사고 전 동일 부위 또는 동일 질환 치료력;검사상 급성 소견 여부;시간적 근접성","기존 치료력;반복 진료 이력;퇴행성 또는 만성 변화;건강검진 이상소견","최근 3개월 내 진료 여부;정밀검사 여부;입원/수술/장기투약 여부;의사가 중대한 질환으로 설명했는지 여부","영구장해 여부;객관적 기능 제한;장해 고정 시점;기왕장해 기여도","입원 필요성은 증상 정도, 검사결과, 치료 내용, 관찰 필요성으로 검토 필요","수술 여부, 수술 목적, 수술기록지상 주요 소견 확인 필요","진료기록지;처방전;진료비 세부내역서;검사결과지 또는 판독지;의사 소견서","C53.0;C53;자궁경부암;암 / 종양;암진단비 / 고지의무 / 책임개시일 / 진단확정 / 약관 분류;혹;결절;병리보고서;조직검사","medical_knowledge;terms_standards;fss_dispute_cases;legal_statutes;precedents;issue_playbooks","이 데이터는 의료 판단 확정용이 아니라 보험 실무상 쟁점 연결용 내부 보강 데이터다. 질병코드만으로 진단, 인과관계, 장해율, 고지의무 위반을 단정하지 말고 실제 진료내용, 검사결과, 치료기간, 약관을 확인해야 한다.","medical_issue_codes","internal_medical_issue_code","internal_review_required","needs_human_review"
"MIC182","D00-D09:12","제자리암 관련 보험쟁점 12","D00-D09","암 / 종양","암진단비 / 고지의무 / 책임개시일 / 진단확정 / 약관 분류","암진단비;수술비;입원비;실손의료비;항암치료비","혹;결절;암 의심;조직검사;전이","병리보고서;조직검사;세포검사;악성 신생물;경계성 종양","조직검사;세포검사;CT;MRI;초음파;종양표지자","병리학적 확정 여부;침윤 여부;원발/전이 구분;책임개시일 전 의심소견;약관상 암 분류","제자리암 관련 보험쟁점 12은(는) 암진단비 / 고지의무 / 책임개시일 / 진단확정 / 약관 분류와 연결될 수 있는 내부 검색 보강 항목이다. 코드명만으로 결론을 내리지 않고 실제 문서상 진단 경위, 검사, 치료기간, 약관상 담보를 함께 확인해야 한다.","사고 직후 증상 발생 여부;사고 전 동일 부위 또는 동일 질환 치료력;검사상 급성 소견 여부;시간적 근접성","기존 치료력;반복 진료 이력;퇴행성 또는 만성 변화;건강검진 이상소견","최근 3개월 내 진료 여부;정밀검사 여부;입원/수술/장기투약 여부;의사가 중대한 질환으로 설명했는지 여부","영구장해 여부;객관적 기능 제한;장해 고정 시점;기왕장해 기여도","입원 필요성은 증상 정도, 검사결과, 치료 내용, 관찰 필요성으로 검토 필요","수술 여부, 수술 목적, 수술기록지상 주요 소견 확인 필요","진료기록지;처방전;진료비 세부내역서;검사결과지 또는 판독지;의사 소견서","D00-D09:12;D00-D09;제자리암;암 / 종양;암진단비 / 고지의무 / 책임개시일 / 진단확정 / 약관 분류;혹;결절;병리보고서;조직검사","medical_knowledge;terms_standards;fss_dispute_cases;legal_statutes;precedents;issue_playbooks","이 데이터는 의료 판단 확정용이 아니라 보험 실무상 쟁점 연결용 내부 보강 데이터다. 질병코드만으로 진단, 인과관계, 장해율, 고지의무 위반을 단정하지 말고 실제 진료내용, 검사결과, 치료기간, 약관을 확인해야 한다.","medical_issue_codes","internal_medical_issue_code","internal_review_required","needs_human_review"
"MIC183","D37-D48:13","행동양식 불명/미상의 신생물 관련 보험쟁점 13","D37-D48","암 / 종양","암진단비 / 고지의무 / 책임개시일 / 진단확정 / 약관 분류","암진단비;수술비;입원비;실손의료비;항암치료비","혹;결절;암 의심;조직검사;전이","병리보고서;조직검사;세포검사;악성 신생물;경계성 종양","조직검사;세포검사;CT;MRI;초음파;종양표지자","병리학적 확정 여부;침윤 여부;원발/전이 구분;책임개시일 전 의심소견;약관상 암 분류","행동양식 불명/미상의 신생물 관련 보험쟁점 13은(는) 암진단비 / 고지의무 / 책임개시일 / 진단확정 / 약관 분류와 연결될 수 있는 내부 검색 보강 항목이다. 코드명만으로 결론을 내리지 않고 실제 문서상 진단 경위, 검사, 치료기간, 약관상 담보를 함께 확인해야 한다.","사고 직후 증상 발생 여부;사고 전 동일 부위 또는 동일 질환 치료력;검사상 급성 소견 여부;시간적 근접성","기존 치료력;반복 진료 이력;퇴행성 또는 만성 변화;건강검진 이상소견","최근 3개월 내 진료 여부;정밀검사 여부;입원/수술/장기투약 여부;의사가 중대한 질환으로 설명했는지 여부","영구장해 여부;객관적 기능 제한;장해 고정 시점;기왕장해 기여도","입원 필요성은 증상 정도, 검사결과, 치료 내용, 관찰 필요성으로 검토 필요","수술 여부, 수술 목적, 수술기록지상 주요 소견 확인 필요","진료기록지;처방전;진료비 세부내역서;검사결과지 또는 판독지;의사 소견서","D37-D48:13;D37-D48;행동양식 불명/미상의 신생물;암 / 종양;암진단비 / 고지의무 / 책임개시일 / 진단확정 / 약관 분류;혹;결절;병리보고서;조직검사","medical_knowledge;terms_standards;fss_dispute_cases;legal_statutes;precedents;issue_playbooks","이 데이터는 의료 판단 확정용이 아니라 보험 실무상 쟁점 연결용 내부 보강 데이터다. 질병코드만으로 진단, 인과관계, 장해율, 고지의무 위반을 단정하지 말고 실제 진료내용, 검사결과, 치료기간, 약관을 확인해야 한다.","medical_issue_codes","internal_medical_issue_code","internal_review_required","needs_human_review"
"MIC184","C77-C79:14","전이암 관련 보험쟁점 14","C77-C79","암 / 종양","암진단비 / 고지의무 / 책임개시일 / 진단확정 / 약관 분류","암진단비;수술비;입원비;실손의료비;항암치료비","혹;결절;암 의심;조직검사;전이","병리보고서;조직검사;세포검사;악성 신생물;경계성 종양","조직검사;세포검사;CT;MRI;초음파;종양표지자","병리학적 확정 여부;침윤 여부;원발/전이 구분;책임개시일 전 의심소견;약관상 암 분류","전이암 관련 보험쟁점 14은(는) 암진단비 / 고지의무 / 책임개시일 / 진단확정 / 약관 분류와 연결될 수 있는 내부 검색 보강 항목이다. 코드명만으로 결론을 내리지 않고 실제 문서상 진단 경위, 검사, 치료기간, 약관상 담보를 함께 확인해야 한다.","사고 직후 증상 발생 여부;사고 전 동일 부위 또는 동일 질환 치료력;검사상 급성 소견 여부;시간적 근접성","기존 치료력;반복 진료 이력;퇴행성 또는 만성 변화;건강검진 이상소견","최근 3개월 내 진료 여부;정밀검사 여부;입원/수술/장기투약 여부;의사가 중대한 질환으로 설명했는지 여부","영구장해 여부;객관적 기능 제한;장해 고정 시점;기왕장해 기여도","입원 필요성은 증상 정도, 검사결과, 치료 내용, 관찰 필요성으로 검토 필요","수술 여부, 수술 목적, 수술기록지상 주요 소견 확인 필요","진료기록지;처방전;진료비 세부내역서;검사결과지 또는 판독지;의사 소견서","C77-C79:14;C77-C79;전이암;암 / 종양;암진단비 / 고지의무 / 책임개시일 / 진단확정 / 약관 분류;혹;결절;병리보고서;조직검사","medical_knowledge;terms_standards;fss_dispute_cases;legal_statutes;precedents;issue_playbooks","이 데이터는 의료 판단 확정용이 아니라 보험 실무상 쟁점 연결용 내부 보강 데이터다. 질병코드만으로 진단, 인과관계, 장해율, 고지의무 위반을 단정하지 말고 실제 진료내용, 검사결과, 치료기간, 약관을 확인해야 한다.","medical_issue_codes","internal_medical_issue_code","internal_review_required","needs_human_review"
"MIC185","C73.4","갑상선암 관련 보험쟁점 15","C73","암 / 종양","암진단비 / 고지의무 / 책임개시일 / 진단확정 / 약관 분류","암진단비;수술비;입원비;실손의료비;항암치료비","혹;결절;암 의심;조직검사;전이","병리보고서;조직검사;세포검사;악성 신생물;경계성 종양","조직검사;세포검사;CT;MRI;초음파;종양표지자","병리학적 확정 여부;침윤 여부;원발/전이 구분;책임개시일 전 의심소견;약관상 암 분류","갑상선암 관련 보험쟁점 15은(는) 암진단비 / 고지의무 / 책임개시일 / 진단확정 / 약관 분류와 연결될 수 있는 내부 검색 보강 항목이다. 코드명만으로 결론을 내리지 않고 실제 문서상 진단 경위, 검사, 치료기간, 약관상 담보를 함께 확인해야 한다.","사고 직후 증상 발생 여부;사고 전 동일 부위 또는 동일 질환 치료력;검사상 급성 소견 여부;시간적 근접성","기존 치료력;반복 진료 이력;퇴행성 또는 만성 변화;건강검진 이상소견","최근 3개월 내 진료 여부;정밀검사 여부;입원/수술/장기투약 여부;의사가 중대한 질환으로 설명했는지 여부","영구장해 여부;객관적 기능 제한;장해 고정 시점;기왕장해 기여도","입원 필요성은 증상 정도, 검사결과, 치료 내용, 관찰 필요성으로 검토 필요","수술 여부, 수술 목적, 수술기록지상 주요 소견 확인 필요","진료기록지;처방전;진료비 세부내역서;검사결과지 또는 판독지;의사 소견서","C73.4;C73;갑상선암;암 / 종양;암진단비 / 고지의무 / 책임개시일 / 진단확정 / 약관 분류;혹;결절;병리보고서;조직검사","medical_knowledge;terms_standards;fss_dispute_cases;legal_statutes;precedents;issue_playbooks","이 데이터는 의료 판단 확정용이 아니라 보험 실무상 쟁점 연결용 내부 보강 데이터다. 질병코드만으로 진단, 인과관계, 장해율, 고지의무 위반을 단정하지 말고 실제 진료내용, 검사결과, 치료기간, 약관을 확인해야 한다.","medical_issue_codes","internal_medical_issue_code","internal_review_required","needs_human_review"
"MIC186","D34.5","갑상선 양성신생물 관련 보험쟁점 16","D34","암 / 종양","암진단비 / 고지의무 / 책임개시일 / 진단확정 / 약관 분류","암진단비;수술비;입원비;실손의료비;항암치료비","혹;결절;암 의심;조직검사;전이","병리보고서;조직검사;세포검사;악성 신생물;경계성 종양","조직검사;세포검사;CT;MRI;초음파;종양표지자","병리학적 확정 여부;침윤 여부;원발/전이 구분;책임개시일 전 의심소견;약관상 암 분류","갑상선 양성신생물 관련 보험쟁점 16은(는) 암진단비 / 고지의무 / 책임개시일 / 진단확정 / 약관 분류와 연결될 수 있는 내부 검색 보강 항목이다. 코드명만으로 결론을 내리지 않고 실제 문서상 진단 경위, 검사, 치료기간, 약관상 담보를 함께 확인해야 한다.","사고 직후 증상 발생 여부;사고 전 동일 부위 또는 동일 질환 치료력;검사상 급성 소견 여부;시간적 근접성","기존 치료력;반복 진료 이력;퇴행성 또는 만성 변화;건강검진 이상소견","최근 3개월 내 진료 여부;정밀검사 여부;입원/수술/장기투약 여부;의사가 중대한 질환으로 설명했는지 여부","영구장해 여부;객관적 기능 제한;장해 고정 시점;기왕장해 기여도","입원 필요성은 증상 정도, 검사결과, 치료 내용, 관찰 필요성으로 검토 필요","수술 여부, 수술 목적, 수술기록지상 주요 소견 확인 필요","진료기록지;처방전;진료비 세부내역서;검사결과지 또는 판독지;의사 소견서","D34.5;D34;갑상선 양성신생물;암 / 종양;암진단비 / 고지의무 / 책임개시일 / 진단확정 / 약관 분류;혹;결절;병리보고서;조직검사","medical_knowledge;terms_standards;fss_dispute_cases;legal_statutes;precedents;issue_playbooks","이 데이터는 의료 판단 확정용이 아니라 보험 실무상 쟁점 연결용 내부 보강 데이터다. 질병코드만으로 진단, 인과관계, 장해율, 고지의무 위반을 단정하지 말고 실제 진료내용, 검사결과, 치료기간, 약관을 확인해야 한다.","medical_issue_codes","internal_medical_issue_code","internal_review_required","needs_human_review"
"MIC187","E04.6","갑상선 결절/비독성 갑상선종 관련 보험쟁점 17","E04","암 / 종양","암진단비 / 고지의무 / 책임개시일 / 진단확정 / 약관 분류","암진단비;수술비;입원비;실손의료비;항암치료비","혹;결절;암 의심;조직검사;전이","병리보고서;조직검사;세포검사;악성 신생물;경계성 종양","조직검사;세포검사;CT;MRI;초음파;종양표지자","병리학적 확정 여부;침윤 여부;원발/전이 구분;책임개시일 전 의심소견;약관상 암 분류","갑상선 결절/비독성 갑상선종 관련 보험쟁점 17은(는) 암진단비 / 고지의무 / 책임개시일 / 진단확정 / 약관 분류와 연결될 수 있는 내부 검색 보강 항목이다. 코드명만으로 결론을 내리지 않고 실제 문서상 진단 경위, 검사, 치료기간, 약관상 담보를 함께 확인해야 한다.","사고 직후 증상 발생 여부;사고 전 동일 부위 또는 동일 질환 치료력;검사상 급성 소견 여부;시간적 근접성","기존 치료력;반복 진료 이력;퇴행성 또는 만성 변화;건강검진 이상소견","최근 3개월 내 진료 여부;정밀검사 여부;입원/수술/장기투약 여부;의사가 중대한 질환으로 설명했는지 여부","영구장해 여부;객관적 기능 제한;장해 고정 시점;기왕장해 기여도","입원 필요성은 증상 정도, 검사결과, 치료 내용, 관찰 필요성으로 검토 필요","수술 여부, 수술 목적, 수술기록지상 주요 소견 확인 필요","진료기록지;처방전;진료비 세부내역서;검사결과지 또는 판독지;의사 소견서","E04.6;E04;갑상선 결절/비독성 갑상선종;암 / 종양;암진단비 / 고지의무 / 책임개시일 / 진단확정 / 약관 분류;혹;결절;병리보고서;조직검사","medical_knowledge;terms_standards;fss_dispute_cases;legal_statutes;precedents;issue_playbooks","이 데이터는 의료 판단 확정용이 아니라 보험 실무상 쟁점 연결용 내부 보강 데이터다. 질병코드만으로 진단, 인과관계, 장해율, 고지의무 위반을 단정하지 말고 실제 진료내용, 검사결과, 치료기간, 약관을 확인해야 한다.","medical_issue_codes","internal_medical_issue_code","internal_review_required","needs_human_review"
"MIC188","C50.7","유방암 관련 보험쟁점 18","C50","암 / 종양","암진단비 / 고지의무 / 책임개시일 / 진단확정 / 약관 분류","암진단비;수술비;입원비;실손의료비;항암치료비","혹;결절;암 의심;조직검사;전이","병리보고서;조직검사;세포검사;악성 신생물;경계성 종양","조직검사;세포검사;CT;MRI;초음파;종양표지자","병리학적 확정 여부;침윤 여부;원발/전이 구분;책임개시일 전 의심소견;약관상 암 분류","유방암 관련 보험쟁점 18은(는) 암진단비 / 고지의무 / 책임개시일 / 진단확정 / 약관 분류와 연결될 수 있는 내부 검색 보강 항목이다. 코드명만으로 결론을 내리지 않고 실제 문서상 진단 경위, 검사, 치료기간, 약관상 담보를 함께 확인해야 한다.","사고 직후 증상 발생 여부;사고 전 동일 부위 또는 동일 질환 치료력;검사상 급성 소견 여부;시간적 근접성","기존 치료력;반복 진료 이력;퇴행성 또는 만성 변화;건강검진 이상소견","최근 3개월 내 진료 여부;정밀검사 여부;입원/수술/장기투약 여부;의사가 중대한 질환으로 설명했는지 여부","영구장해 여부;객관적 기능 제한;장해 고정 시점;기왕장해 기여도","입원 필요성은 증상 정도, 검사결과, 치료 내용, 관찰 필요성으로 검토 필요","수술 여부, 수술 목적, 수술기록지상 주요 소견 확인 필요","진료기록지;처방전;진료비 세부내역서;검사결과지 또는 판독지;의사 소견서","C50.7;C50;유방암;암 / 종양;암진단비 / 고지의무 / 책임개시일 / 진단확정 / 약관 분류;혹;결절;병리보고서;조직검사","medical_knowledge;terms_standards;fss_dispute_cases;legal_statutes;precedents;issue_playbooks","이 데이터는 의료 판단 확정용이 아니라 보험 실무상 쟁점 연결용 내부 보강 데이터다. 질병코드만으로 진단, 인과관계, 장해율, 고지의무 위반을 단정하지 말고 실제 진료내용, 검사결과, 치료기간, 약관을 확인해야 한다.","medical_issue_codes","internal_medical_issue_code","internal_review_required","needs_human_review"
"MIC189","D24.8","유방 양성신생물 관련 보험쟁점 19","D24","암 / 종양","암진단비 / 고지의무 / 책임개시일 / 진단확정 / 약관 분류","암진단비;수술비;입원비;실손의료비;항암치료비","혹;결절;암 의심;조직검사;전이","병리보고서;조직검사;세포검사;악성 신생물;경계성 종양","조직검사;세포검사;CT;MRI;초음파;종양표지자","병리학적 확정 여부;침윤 여부;원발/전이 구분;책임개시일 전 의심소견;약관상 암 분류","유방 양성신생물 관련 보험쟁점 19은(는) 암진단비 / 고지의무 / 책임개시일 / 진단확정 / 약관 분류와 연결될 수 있는 내부 검색 보강 항목이다. 코드명만으로 결론을 내리지 않고 실제 문서상 진단 경위, 검사, 치료기간, 약관상 담보를 함께 확인해야 한다.","사고 직후 증상 발생 여부;사고 전 동일 부위 또는 동일 질환 치료력;검사상 급성 소견 여부;시간적 근접성","기존 치료력;반복 진료 이력;퇴행성 또는 만성 변화;건강검진 이상소견","최근 3개월 내 진료 여부;정밀검사 여부;입원/수술/장기투약 여부;의사가 중대한 질환으로 설명했는지 여부","영구장해 여부;객관적 기능 제한;장해 고정 시점;기왕장해 기여도","입원 필요성은 증상 정도, 검사결과, 치료 내용, 관찰 필요성으로 검토 필요","수술 여부, 수술 목적, 수술기록지상 주요 소견 확인 필요","진료기록지;처방전;진료비 세부내역서;검사결과지 또는 판독지;의사 소견서","D24.8;D24;유방 양성신생물;암 / 종양;암진단비 / 고지의무 / 책임개시일 / 진단확정 / 약관 분류;혹;결절;병리보고서;조직검사","medical_knowledge;terms_standards;fss_dispute_cases;legal_statutes;precedents;issue_playbooks","이 데이터는 의료 판단 확정용이 아니라 보험 실무상 쟁점 연결용 내부 보강 데이터다. 질병코드만으로 진단, 인과관계, 장해율, 고지의무 위반을 단정하지 말고 실제 진료내용, 검사결과, 치료기간, 약관을 확인해야 한다.","medical_issue_codes","internal_medical_issue_code","internal_review_required","needs_human_review"
"MIC190","C18.9","대장암 관련 보험쟁점 20","C18","암 / 종양","암진단비 / 고지의무 / 책임개시일 / 진단확정 / 약관 분류","암진단비;수술비;입원비;실손의료비;항암치료비","혹;결절;암 의심;조직검사;전이","병리보고서;조직검사;세포검사;악성 신생물;경계성 종양","조직검사;세포검사;CT;MRI;초음파;종양표지자","병리학적 확정 여부;침윤 여부;원발/전이 구분;책임개시일 전 의심소견;약관상 암 분류","대장암 관련 보험쟁점 20은(는) 암진단비 / 고지의무 / 책임개시일 / 진단확정 / 약관 분류와 연결될 수 있는 내부 검색 보강 항목이다. 코드명만으로 결론을 내리지 않고 실제 문서상 진단 경위, 검사, 치료기간, 약관상 담보를 함께 확인해야 한다.","사고 직후 증상 발생 여부;사고 전 동일 부위 또는 동일 질환 치료력;검사상 급성 소견 여부;시간적 근접성","기존 치료력;반복 진료 이력;퇴행성 또는 만성 변화;건강검진 이상소견","최근 3개월 내 진료 여부;정밀검사 여부;입원/수술/장기투약 여부;의사가 중대한 질환으로 설명했는지 여부","영구장해 여부;객관적 기능 제한;장해 고정 시점;기왕장해 기여도","입원 필요성은 증상 정도, 검사결과, 치료 내용, 관찰 필요성으로 검토 필요","수술 여부, 수술 목적, 수술기록지상 주요 소견 확인 필요","진료기록지;처방전;진료비 세부내역서;검사결과지 또는 판독지;의사 소견서","C18.9;C18;대장암;암 / 종양;암진단비 / 고지의무 / 책임개시일 / 진단확정 / 약관 분류;혹;결절;병리보고서;조직검사","medical_knowledge;terms_standards;fss_dispute_cases;legal_statutes;precedents;issue_playbooks","이 데이터는 의료 판단 확정용이 아니라 보험 실무상 쟁점 연결용 내부 보강 데이터다. 질병코드만으로 진단, 인과관계, 장해율, 고지의무 위반을 단정하지 말고 실제 진료내용, 검사결과, 치료기간, 약관을 확인해야 한다.","medical_issue_codes","internal_medical_issue_code","internal_review_required","needs_human_review"
"MIC191","C16.0","위암 관련 보험쟁점 21","C16","암 / 종양","암진단비 / 고지의무 / 책임개시일 / 진단확정 / 약관 분류","암진단비;수술비;입원비;실손의료비;항암치료비","혹;결절;암 의심;조직검사;전이","병리보고서;조직검사;세포검사;악성 신생물;경계성 종양","조직검사;세포검사;CT;MRI;초음파;종양표지자","병리학적 확정 여부;침윤 여부;원발/전이 구분;책임개시일 전 의심소견;약관상 암 분류","위암 관련 보험쟁점 21은(는) 암진단비 / 고지의무 / 책임개시일 / 진단확정 / 약관 분류와 연결될 수 있는 내부 검색 보강 항목이다. 코드명만으로 결론을 내리지 않고 실제 문서상 진단 경위, 검사, 치료기간, 약관상 담보를 함께 확인해야 한다.","사고 직후 증상 발생 여부;사고 전 동일 부위 또는 동일 질환 치료력;검사상 급성 소견 여부;시간적 근접성","기존 치료력;반복 진료 이력;퇴행성 또는 만성 변화;건강검진 이상소견","최근 3개월 내 진료 여부;정밀검사 여부;입원/수술/장기투약 여부;의사가 중대한 질환으로 설명했는지 여부","영구장해 여부;객관적 기능 제한;장해 고정 시점;기왕장해 기여도","입원 필요성은 증상 정도, 검사결과, 치료 내용, 관찰 필요성으로 검토 필요","수술 여부, 수술 목적, 수술기록지상 주요 소견 확인 필요","진료기록지;처방전;진료비 세부내역서;검사결과지 또는 판독지;의사 소견서","C16.0;C16;위암;암 / 종양;암진단비 / 고지의무 / 책임개시일 / 진단확정 / 약관 분류;혹;결절;병리보고서;조직검사","medical_knowledge;terms_standards;fss_dispute_cases;legal_statutes;precedents;issue_playbooks","이 데이터는 의료 판단 확정용이 아니라 보험 실무상 쟁점 연결용 내부 보강 데이터다. 질병코드만으로 진단, 인과관계, 장해율, 고지의무 위반을 단정하지 말고 실제 진료내용, 검사결과, 치료기간, 약관을 확인해야 한다.","medical_issue_codes","internal_medical_issue_code","internal_review_required","needs_human_review"
"MIC192","C22.1","간암 관련 보험쟁점 22","C22","암 / 종양","암진단비 / 고지의무 / 책임개시일 / 진단확정 / 약관 분류","암진단비;수술비;입원비;실손의료비;항암치료비","혹;결절;암 의심;조직검사;전이","병리보고서;조직검사;세포검사;악성 신생물;경계성 종양","조직검사;세포검사;CT;MRI;초음파;종양표지자","병리학적 확정 여부;침윤 여부;원발/전이 구분;책임개시일 전 의심소견;약관상 암 분류","간암 관련 보험쟁점 22은(는) 암진단비 / 고지의무 / 책임개시일 / 진단확정 / 약관 분류와 연결될 수 있는 내부 검색 보강 항목이다. 코드명만으로 결론을 내리지 않고 실제 문서상 진단 경위, 검사, 치료기간, 약관상 담보를 함께 확인해야 한다.","사고 직후 증상 발생 여부;사고 전 동일 부위 또는 동일 질환 치료력;검사상 급성 소견 여부;시간적 근접성","기존 치료력;반복 진료 이력;퇴행성 또는 만성 변화;건강검진 이상소견","최근 3개월 내 진료 여부;정밀검사 여부;입원/수술/장기투약 여부;의사가 중대한 질환으로 설명했는지 여부","영구장해 여부;객관적 기능 제한;장해 고정 시점;기왕장해 기여도","입원 필요성은 증상 정도, 검사결과, 치료 내용, 관찰 필요성으로 검토 필요","수술 여부, 수술 목적, 수술기록지상 주요 소견 확인 필요","진료기록지;처방전;진료비 세부내역서;검사결과지 또는 판독지;의사 소견서","C22.1;C22;간암;암 / 종양;암진단비 / 고지의무 / 책임개시일 / 진단확정 / 약관 분류;혹;결절;병리보고서;조직검사","medical_knowledge;terms_standards;fss_dispute_cases;legal_statutes;precedents;issue_playbooks","이 데이터는 의료 판단 확정용이 아니라 보험 실무상 쟁점 연결용 내부 보강 데이터다. 질병코드만으로 진단, 인과관계, 장해율, 고지의무 위반을 단정하지 말고 실제 진료내용, 검사결과, 치료기간, 약관을 확인해야 한다.","medical_issue_codes","internal_medical_issue_code","internal_review_required","needs_human_review"
"MIC193","C34.2","폐암 관련 보험쟁점 23","C34","암 / 종양","암진단비 / 고지의무 / 책임개시일 / 진단확정 / 약관 분류","암진단비;수술비;입원비;실손의료비;항암치료비","혹;결절;암 의심;조직검사;전이","병리보고서;조직검사;세포검사;악성 신생물;경계성 종양","조직검사;세포검사;CT;MRI;초음파;종양표지자","병리학적 확정 여부;침윤 여부;원발/전이 구분;책임개시일 전 의심소견;약관상 암 분류","폐암 관련 보험쟁점 23은(는) 암진단비 / 고지의무 / 책임개시일 / 진단확정 / 약관 분류와 연결될 수 있는 내부 검색 보강 항목이다. 코드명만으로 결론을 내리지 않고 실제 문서상 진단 경위, 검사, 치료기간, 약관상 담보를 함께 확인해야 한다.","사고 직후 증상 발생 여부;사고 전 동일 부위 또는 동일 질환 치료력;검사상 급성 소견 여부;시간적 근접성","기존 치료력;반복 진료 이력;퇴행성 또는 만성 변화;건강검진 이상소견","최근 3개월 내 진료 여부;정밀검사 여부;입원/수술/장기투약 여부;의사가 중대한 질환으로 설명했는지 여부","영구장해 여부;객관적 기능 제한;장해 고정 시점;기왕장해 기여도","입원 필요성은 증상 정도, 검사결과, 치료 내용, 관찰 필요성으로 검토 필요","수술 여부, 수술 목적, 수술기록지상 주요 소견 확인 필요","진료기록지;처방전;진료비 세부내역서;검사결과지 또는 판독지;의사 소견서","C34.2;C34;폐암;암 / 종양;암진단비 / 고지의무 / 책임개시일 / 진단확정 / 약관 분류;혹;결절;병리보고서;조직검사","medical_knowledge;terms_standards;fss_dispute_cases;legal_statutes;precedents;issue_playbooks","이 데이터는 의료 판단 확정용이 아니라 보험 실무상 쟁점 연결용 내부 보강 데이터다. 질병코드만으로 진단, 인과관계, 장해율, 고지의무 위반을 단정하지 말고 실제 진료내용, 검사결과, 치료기간, 약관을 확인해야 한다.","medical_issue_codes","internal_medical_issue_code","internal_review_required","needs_human_review"
"MIC194","C61.3","전립선암 관련 보험쟁점 24","C61","암 / 종양","암진단비 / 고지의무 / 책임개시일 / 진단확정 / 약관 분류","암진단비;수술비;입원비;실손의료비;항암치료비","혹;결절;암 의심;조직검사;전이","병리보고서;조직검사;세포검사;악성 신생물;경계성 종양","조직검사;세포검사;CT;MRI;초음파;종양표지자","병리학적 확정 여부;침윤 여부;원발/전이 구분;책임개시일 전 의심소견;약관상 암 분류","전립선암 관련 보험쟁점 24은(는) 암진단비 / 고지의무 / 책임개시일 / 진단확정 / 약관 분류와 연결될 수 있는 내부 검색 보강 항목이다. 코드명만으로 결론을 내리지 않고 실제 문서상 진단 경위, 검사, 치료기간, 약관상 담보를 함께 확인해야 한다.","사고 직후 증상 발생 여부;사고 전 동일 부위 또는 동일 질환 치료력;검사상 급성 소견 여부;시간적 근접성","기존 치료력;반복 진료 이력;퇴행성 또는 만성 변화;건강검진 이상소견","최근 3개월 내 진료 여부;정밀검사 여부;입원/수술/장기투약 여부;의사가 중대한 질환으로 설명했는지 여부","영구장해 여부;객관적 기능 제한;장해 고정 시점;기왕장해 기여도","입원 필요성은 증상 정도, 검사결과, 치료 내용, 관찰 필요성으로 검토 필요","수술 여부, 수술 목적, 수술기록지상 주요 소견 확인 필요","진료기록지;처방전;진료비 세부내역서;검사결과지 또는 판독지;의사 소견서","C61.3;C61;전립선암;암 / 종양;암진단비 / 고지의무 / 책임개시일 / 진단확정 / 약관 분류;혹;결절;병리보고서;조직검사","medical_knowledge;terms_standards;fss_dispute_cases;legal_statutes;precedents;issue_playbooks","이 데이터는 의료 판단 확정용이 아니라 보험 실무상 쟁점 연결용 내부 보강 데이터다. 질병코드만으로 진단, 인과관계, 장해율, 고지의무 위반을 단정하지 말고 실제 진료내용, 검사결과, 치료기간, 약관을 확인해야 한다.","medical_issue_codes","internal_medical_issue_code","internal_review_required","needs_human_review"
"MIC195","C53.4","자궁경부암 관련 보험쟁점 25","C53","암 / 종양","암진단비 / 고지의무 / 책임개시일 / 진단확정 / 약관 분류","암진단비;수술비;입원비;실손의료비;항암치료비","혹;결절;암 의심;조직검사;전이","병리보고서;조직검사;세포검사;악성 신생물;경계성 종양","조직검사;세포검사;CT;MRI;초음파;종양표지자","병리학적 확정 여부;침윤 여부;원발/전이 구분;책임개시일 전 의심소견;약관상 암 분류","자궁경부암 관련 보험쟁점 25은(는) 암진단비 / 고지의무 / 책임개시일 / 진단확정 / 약관 분류와 연결될 수 있는 내부 검색 보강 항목이다. 코드명만으로 결론을 내리지 않고 실제 문서상 진단 경위, 검사, 치료기간, 약관상 담보를 함께 확인해야 한다.","사고 직후 증상 발생 여부;사고 전 동일 부위 또는 동일 질환 치료력;검사상 급성 소견 여부;시간적 근접성","기존 치료력;반복 진료 이력;퇴행성 또는 만성 변화;건강검진 이상소견","최근 3개월 내 진료 여부;정밀검사 여부;입원/수술/장기투약 여부;의사가 중대한 질환으로 설명했는지 여부","영구장해 여부;객관적 기능 제한;장해 고정 시점;기왕장해 기여도","입원 필요성은 증상 정도, 검사결과, 치료 내용, 관찰 필요성으로 검토 필요","수술 여부, 수술 목적, 수술기록지상 주요 소견 확인 필요","진료기록지;처방전;진료비 세부내역서;검사결과지 또는 판독지;의사 소견서","C53.4;C53;자궁경부암;암 / 종양;암진단비 / 고지의무 / 책임개시일 / 진단확정 / 약관 분류;혹;결절;병리보고서;조직검사","medical_knowledge;terms_standards;fss_dispute_cases;legal_statutes;precedents;issue_playbooks","이 데이터는 의료 판단 확정용이 아니라 보험 실무상 쟁점 연결용 내부 보강 데이터다. 질병코드만으로 진단, 인과관계, 장해율, 고지의무 위반을 단정하지 말고 실제 진료내용, 검사결과, 치료기간, 약관을 확인해야 한다.","medical_issue_codes","internal_medical_issue_code","internal_review_required","needs_human_review"
"MIC196","D00-D09:26","제자리암 관련 보험쟁점 26","D00-D09","암 / 종양","암진단비 / 고지의무 / 책임개시일 / 진단확정 / 약관 분류","암진단비;수술비;입원비;실손의료비;항암치료비","혹;결절;암 의심;조직검사;전이","병리보고서;조직검사;세포검사;악성 신생물;경계성 종양","조직검사;세포검사;CT;MRI;초음파;종양표지자","병리학적 확정 여부;침윤 여부;원발/전이 구분;책임개시일 전 의심소견;약관상 암 분류","제자리암 관련 보험쟁점 26은(는) 암진단비 / 고지의무 / 책임개시일 / 진단확정 / 약관 분류와 연결될 수 있는 내부 검색 보강 항목이다. 코드명만으로 결론을 내리지 않고 실제 문서상 진단 경위, 검사, 치료기간, 약관상 담보를 함께 확인해야 한다.","사고 직후 증상 발생 여부;사고 전 동일 부위 또는 동일 질환 치료력;검사상 급성 소견 여부;시간적 근접성","기존 치료력;반복 진료 이력;퇴행성 또는 만성 변화;건강검진 이상소견","최근 3개월 내 진료 여부;정밀검사 여부;입원/수술/장기투약 여부;의사가 중대한 질환으로 설명했는지 여부","영구장해 여부;객관적 기능 제한;장해 고정 시점;기왕장해 기여도","입원 필요성은 증상 정도, 검사결과, 치료 내용, 관찰 필요성으로 검토 필요","수술 여부, 수술 목적, 수술기록지상 주요 소견 확인 필요","진료기록지;처방전;진료비 세부내역서;검사결과지 또는 판독지;의사 소견서","D00-D09:26;D00-D09;제자리암;암 / 종양;암진단비 / 고지의무 / 책임개시일 / 진단확정 / 약관 분류;혹;결절;병리보고서;조직검사","medical_knowledge;terms_standards;fss_dispute_cases;legal_statutes;precedents;issue_playbooks","이 데이터는 의료 판단 확정용이 아니라 보험 실무상 쟁점 연결용 내부 보강 데이터다. 질병코드만으로 진단, 인과관계, 장해율, 고지의무 위반을 단정하지 말고 실제 진료내용, 검사결과, 치료기간, 약관을 확인해야 한다.","medical_issue_codes","internal_medical_issue_code","internal_review_required","needs_human_review"
"MIC197","D37-D48:27","행동양식 불명/미상의 신생물 관련 보험쟁점 27","D37-D48","암 / 종양","암진단비 / 고지의무 / 책임개시일 / 진단확정 / 약관 분류","암진단비;수술비;입원비;실손의료비;항암치료비","혹;결절;암 의심;조직검사;전이","병리보고서;조직검사;세포검사;악성 신생물;경계성 종양","조직검사;세포검사;CT;MRI;초음파;종양표지자","병리학적 확정 여부;침윤 여부;원발/전이 구분;책임개시일 전 의심소견;약관상 암 분류","행동양식 불명/미상의 신생물 관련 보험쟁점 27은(는) 암진단비 / 고지의무 / 책임개시일 / 진단확정 / 약관 분류와 연결될 수 있는 내부 검색 보강 항목이다. 코드명만으로 결론을 내리지 않고 실제 문서상 진단 경위, 검사, 치료기간, 약관상 담보를 함께 확인해야 한다.","사고 직후 증상 발생 여부;사고 전 동일 부위 또는 동일 질환 치료력;검사상 급성 소견 여부;시간적 근접성","기존 치료력;반복 진료 이력;퇴행성 또는 만성 변화;건강검진 이상소견","최근 3개월 내 진료 여부;정밀검사 여부;입원/수술/장기투약 여부;의사가 중대한 질환으로 설명했는지 여부","영구장해 여부;객관적 기능 제한;장해 고정 시점;기왕장해 기여도","입원 필요성은 증상 정도, 검사결과, 치료 내용, 관찰 필요성으로 검토 필요","수술 여부, 수술 목적, 수술기록지상 주요 소견 확인 필요","진료기록지;처방전;진료비 세부내역서;검사결과지 또는 판독지;의사 소견서","D37-D48:27;D37-D48;행동양식 불명/미상의 신생물;암 / 종양;암진단비 / 고지의무 / 책임개시일 / 진단확정 / 약관 분류;혹;결절;병리보고서;조직검사","medical_knowledge;terms_standards;fss_dispute_cases;legal_statutes;precedents;issue_playbooks","이 데이터는 의료 판단 확정용이 아니라 보험 실무상 쟁점 연결용 내부 보강 데이터다. 질병코드만으로 진단, 인과관계, 장해율, 고지의무 위반을 단정하지 말고 실제 진료내용, 검사결과, 치료기간, 약관을 확인해야 한다.","medical_issue_codes","internal_medical_issue_code","internal_review_required","needs_human_review"
"MIC198","C77-C79:28","전이암 관련 보험쟁점 28","C77-C79","암 / 종양","암진단비 / 고지의무 / 책임개시일 / 진단확정 / 약관 분류","암진단비;수술비;입원비;실손의료비;항암치료비","혹;결절;암 의심;조직검사;전이","병리보고서;조직검사;세포검사;악성 신생물;경계성 종양","조직검사;세포검사;CT;MRI;초음파;종양표지자","병리학적 확정 여부;침윤 여부;원발/전이 구분;책임개시일 전 의심소견;약관상 암 분류","전이암 관련 보험쟁점 28은(는) 암진단비 / 고지의무 / 책임개시일 / 진단확정 / 약관 분류와 연결될 수 있는 내부 검색 보강 항목이다. 코드명만으로 결론을 내리지 않고 실제 문서상 진단 경위, 검사, 치료기간, 약관상 담보를 함께 확인해야 한다.","사고 직후 증상 발생 여부;사고 전 동일 부위 또는 동일 질환 치료력;검사상 급성 소견 여부;시간적 근접성","기존 치료력;반복 진료 이력;퇴행성 또는 만성 변화;건강검진 이상소견","최근 3개월 내 진료 여부;정밀검사 여부;입원/수술/장기투약 여부;의사가 중대한 질환으로 설명했는지 여부","영구장해 여부;객관적 기능 제한;장해 고정 시점;기왕장해 기여도","입원 필요성은 증상 정도, 검사결과, 치료 내용, 관찰 필요성으로 검토 필요","수술 여부, 수술 목적, 수술기록지상 주요 소견 확인 필요","진료기록지;처방전;진료비 세부내역서;검사결과지 또는 판독지;의사 소견서","C77-C79:28;C77-C79;전이암;암 / 종양;암진단비 / 고지의무 / 책임개시일 / 진단확정 / 약관 분류;혹;결절;병리보고서;조직검사","medical_knowledge;terms_standards;fss_dispute_cases;legal_statutes;precedents;issue_playbooks","이 데이터는 의료 판단 확정용이 아니라 보험 실무상 쟁점 연결용 내부 보강 데이터다. 질병코드만으로 진단, 인과관계, 장해율, 고지의무 위반을 단정하지 말고 실제 진료내용, 검사결과, 치료기간, 약관을 확인해야 한다.","medical_issue_codes","internal_medical_issue_code","internal_review_required","needs_human_review"
"MIC199","C73.8","갑상선암 관련 보험쟁점 29","C73","암 / 종양","암진단비 / 고지의무 / 책임개시일 / 진단확정 / 약관 분류","암진단비;수술비;입원비;실손의료비;항암치료비","혹;결절;암 의심;조직검사;전이","병리보고서;조직검사;세포검사;악성 신생물;경계성 종양","조직검사;세포검사;CT;MRI;초음파;종양표지자","병리학적 확정 여부;침윤 여부;원발/전이 구분;책임개시일 전 의심소견;약관상 암 분류","갑상선암 관련 보험쟁점 29은(는) 암진단비 / 고지의무 / 책임개시일 / 진단확정 / 약관 분류와 연결될 수 있는 내부 검색 보강 항목이다. 코드명만으로 결론을 내리지 않고 실제 문서상 진단 경위, 검사, 치료기간, 약관상 담보를 함께 확인해야 한다.","사고 직후 증상 발생 여부;사고 전 동일 부위 또는 동일 질환 치료력;검사상 급성 소견 여부;시간적 근접성","기존 치료력;반복 진료 이력;퇴행성 또는 만성 변화;건강검진 이상소견","최근 3개월 내 진료 여부;정밀검사 여부;입원/수술/장기투약 여부;의사가 중대한 질환으로 설명했는지 여부","영구장해 여부;객관적 기능 제한;장해 고정 시점;기왕장해 기여도","입원 필요성은 증상 정도, 검사결과, 치료 내용, 관찰 필요성으로 검토 필요","수술 여부, 수술 목적, 수술기록지상 주요 소견 확인 필요","진료기록지;처방전;진료비 세부내역서;검사결과지 또는 판독지;의사 소견서","C73.8;C73;갑상선암;암 / 종양;암진단비 / 고지의무 / 책임개시일 / 진단확정 / 약관 분류;혹;결절;병리보고서;조직검사","medical_knowledge;terms_standards;fss_dispute_cases;legal_statutes;precedents;issue_playbooks","이 데이터는 의료 판단 확정용이 아니라 보험 실무상 쟁점 연결용 내부 보강 데이터다. 질병코드만으로 진단, 인과관계, 장해율, 고지의무 위반을 단정하지 말고 실제 진료내용, 검사결과, 치료기간, 약관을 확인해야 한다.","medical_issue_codes","internal_medical_issue_code","internal_review_required","needs_human_review"
"MIC200","D34.9","갑상선 양성신생물 관련 보험쟁점 30","D34","암 / 종양","암진단비 / 고지의무 / 책임개시일 / 진단확정 / 약관 분류","암진단비;수술비;입원비;실손의료비;항암치료비","혹;결절;암 의심;조직검사;전이","병리보고서;조직검사;세포검사;악성 신생물;경계성 종양","조직검사;세포검사;CT;MRI;초음파;종양표지자","병리학적 확정 여부;침윤 여부;원발/전이 구분;책임개시일 전 의심소견;약관상 암 분류","갑상선 양성신생물 관련 보험쟁점 30은(는) 암진단비 / 고지의무 / 책임개시일 / 진단확정 / 약관 분류와 연결될 수 있는 내부 검색 보강 항목이다. 코드명만으로 결론을 내리지 않고 실제 문서상 진단 경위, 검사, 치료기간, 약관상 담보를 함께 확인해야 한다.","사고 직후 증상 발생 여부;사고 전 동일 부위 또는 동일 질환 치료력;검사상 급성 소견 여부;시간적 근접성","기존 치료력;반복 진료 이력;퇴행성 또는 만성 변화;건강검진 이상소견","최근 3개월 내 진료 여부;정밀검사 여부;입원/수술/장기투약 여부;의사가 중대한 질환으로 설명했는지 여부","영구장해 여부;객관적 기능 제한;장해 고정 시점;기왕장해 기여도","입원 필요성은 증상 정도, 검사결과, 치료 내용, 관찰 필요성으로 검토 필요","수술 여부, 수술 목적, 수술기록지상 주요 소견 확인 필요","진료기록지;처방전;진료비 세부내역서;검사결과지 또는 판독지;의사 소견서","D34.9;D34;갑상선 양성신생물;암 / 종양;암진단비 / 고지의무 / 책임개시일 / 진단확정 / 약관 분류;혹;결절;병리보고서;조직검사","medical_knowledge;terms_standards;fss_dispute_cases;legal_statutes;precedents;issue_playbooks","이 데이터는 의료 판단 확정용이 아니라 보험 실무상 쟁점 연결용 내부 보강 데이터다. 질병코드만으로 진단, 인과관계, 장해율, 고지의무 위반을 단정하지 말고 실제 진료내용, 검사결과, 치료기간, 약관을 확인해야 한다.","medical_issue_codes","internal_medical_issue_code","internal_review_required","needs_human_review"
"MIC201","E04.0","갑상선 결절/비독성 갑상선종 관련 보험쟁점 31","E04","암 / 종양","암진단비 / 고지의무 / 책임개시일 / 진단확정 / 약관 분류","암진단비;수술비;입원비;실손의료비;항암치료비","혹;결절;암 의심;조직검사;전이","병리보고서;조직검사;세포검사;악성 신생물;경계성 종양","조직검사;세포검사;CT;MRI;초음파;종양표지자","병리학적 확정 여부;침윤 여부;원발/전이 구분;책임개시일 전 의심소견;약관상 암 분류","갑상선 결절/비독성 갑상선종 관련 보험쟁점 31은(는) 암진단비 / 고지의무 / 책임개시일 / 진단확정 / 약관 분류와 연결될 수 있는 내부 검색 보강 항목이다. 코드명만으로 결론을 내리지 않고 실제 문서상 진단 경위, 검사, 치료기간, 약관상 담보를 함께 확인해야 한다.","사고 직후 증상 발생 여부;사고 전 동일 부위 또는 동일 질환 치료력;검사상 급성 소견 여부;시간적 근접성","기존 치료력;반복 진료 이력;퇴행성 또는 만성 변화;건강검진 이상소견","최근 3개월 내 진료 여부;정밀검사 여부;입원/수술/장기투약 여부;의사가 중대한 질환으로 설명했는지 여부","영구장해 여부;객관적 기능 제한;장해 고정 시점;기왕장해 기여도","입원 필요성은 증상 정도, 검사결과, 치료 내용, 관찰 필요성으로 검토 필요","수술 여부, 수술 목적, 수술기록지상 주요 소견 확인 필요","진료기록지;처방전;진료비 세부내역서;검사결과지 또는 판독지;의사 소견서","E04.0;E04;갑상선 결절/비독성 갑상선종;암 / 종양;암진단비 / 고지의무 / 책임개시일 / 진단확정 / 약관 분류;혹;결절;병리보고서;조직검사","medical_knowledge;terms_standards;fss_dispute_cases;legal_statutes;precedents;issue_playbooks","이 데이터는 의료 판단 확정용이 아니라 보험 실무상 쟁점 연결용 내부 보강 데이터다. 질병코드만으로 진단, 인과관계, 장해율, 고지의무 위반을 단정하지 말고 실제 진료내용, 검사결과, 치료기간, 약관을 확인해야 한다.","medical_issue_codes","internal_medical_issue_code","internal_review_required","needs_human_review"
"MIC202","C50.1","유방암 관련 보험쟁점 32","C50","암 / 종양","암진단비 / 고지의무 / 책임개시일 / 진단확정 / 약관 분류","암진단비;수술비;입원비;실손의료비;항암치료비","혹;결절;암 의심;조직검사;전이","병리보고서;조직검사;세포검사;악성 신생물;경계성 종양","조직검사;세포검사;CT;MRI;초음파;종양표지자","병리학적 확정 여부;침윤 여부;원발/전이 구분;책임개시일 전 의심소견;약관상 암 분류","유방암 관련 보험쟁점 32은(는) 암진단비 / 고지의무 / 책임개시일 / 진단확정 / 약관 분류와 연결될 수 있는 내부 검색 보강 항목이다. 코드명만으로 결론을 내리지 않고 실제 문서상 진단 경위, 검사, 치료기간, 약관상 담보를 함께 확인해야 한다.","사고 직후 증상 발생 여부;사고 전 동일 부위 또는 동일 질환 치료력;검사상 급성 소견 여부;시간적 근접성","기존 치료력;반복 진료 이력;퇴행성 또는 만성 변화;건강검진 이상소견","최근 3개월 내 진료 여부;정밀검사 여부;입원/수술/장기투약 여부;의사가 중대한 질환으로 설명했는지 여부","영구장해 여부;객관적 기능 제한;장해 고정 시점;기왕장해 기여도","입원 필요성은 증상 정도, 검사결과, 치료 내용, 관찰 필요성으로 검토 필요","수술 여부, 수술 목적, 수술기록지상 주요 소견 확인 필요","진료기록지;처방전;진료비 세부내역서;검사결과지 또는 판독지;의사 소견서","C50.1;C50;유방암;암 / 종양;암진단비 / 고지의무 / 책임개시일 / 진단확정 / 약관 분류;혹;결절;병리보고서;조직검사","medical_knowledge;terms_standards;fss_dispute_cases;legal_statutes;precedents;issue_playbooks","이 데이터는 의료 판단 확정용이 아니라 보험 실무상 쟁점 연결용 내부 보강 데이터다. 질병코드만으로 진단, 인과관계, 장해율, 고지의무 위반을 단정하지 말고 실제 진료내용, 검사결과, 치료기간, 약관을 확인해야 한다.","medical_issue_codes","internal_medical_issue_code","internal_review_required","needs_human_review"
"MIC203","D24.2","유방 양성신생물 관련 보험쟁점 33","D24","암 / 종양","암진단비 / 고지의무 / 책임개시일 / 진단확정 / 약관 분류","암진단비;수술비;입원비;실손의료비;항암치료비","혹;결절;암 의심;조직검사;전이","병리보고서;조직검사;세포검사;악성 신생물;경계성 종양","조직검사;세포검사;CT;MRI;초음파;종양표지자","병리학적 확정 여부;침윤 여부;원발/전이 구분;책임개시일 전 의심소견;약관상 암 분류","유방 양성신생물 관련 보험쟁점 33은(는) 암진단비 / 고지의무 / 책임개시일 / 진단확정 / 약관 분류와 연결될 수 있는 내부 검색 보강 항목이다. 코드명만으로 결론을 내리지 않고 실제 문서상 진단 경위, 검사, 치료기간, 약관상 담보를 함께 확인해야 한다.","사고 직후 증상 발생 여부;사고 전 동일 부위 또는 동일 질환 치료력;검사상 급성 소견 여부;시간적 근접성","기존 치료력;반복 진료 이력;퇴행성 또는 만성 변화;건강검진 이상소견","최근 3개월 내 진료 여부;정밀검사 여부;입원/수술/장기투약 여부;의사가 중대한 질환으로 설명했는지 여부","영구장해 여부;객관적 기능 제한;장해 고정 시점;기왕장해 기여도","입원 필요성은 증상 정도, 검사결과, 치료 내용, 관찰 필요성으로 검토 필요","수술 여부, 수술 목적, 수술기록지상 주요 소견 확인 필요","진료기록지;처방전;진료비 세부내역서;검사결과지 또는 판독지;의사 소견서","D24.2;D24;유방 양성신생물;암 / 종양;암진단비 / 고지의무 / 책임개시일 / 진단확정 / 약관 분류;혹;결절;병리보고서;조직검사","medical_knowledge;terms_standards;fss_dispute_cases;legal_statutes;precedents;issue_playbooks","이 데이터는 의료 판단 확정용이 아니라 보험 실무상 쟁점 연결용 내부 보강 데이터다. 질병코드만으로 진단, 인과관계, 장해율, 고지의무 위반을 단정하지 말고 실제 진료내용, 검사결과, 치료기간, 약관을 확인해야 한다.","medical_issue_codes","internal_medical_issue_code","internal_review_required","needs_human_review"
"MIC204","C18.3","대장암 관련 보험쟁점 34","C18","암 / 종양","암진단비 / 고지의무 / 책임개시일 / 진단확정 / 약관 분류","암진단비;수술비;입원비;실손의료비;항암치료비","혹;결절;암 의심;조직검사;전이","병리보고서;조직검사;세포검사;악성 신생물;경계성 종양","조직검사;세포검사;CT;MRI;초음파;종양표지자","병리학적 확정 여부;침윤 여부;원발/전이 구분;책임개시일 전 의심소견;약관상 암 분류","대장암 관련 보험쟁점 34은(는) 암진단비 / 고지의무 / 책임개시일 / 진단확정 / 약관 분류와 연결될 수 있는 내부 검색 보강 항목이다. 코드명만으로 결론을 내리지 않고 실제 문서상 진단 경위, 검사, 치료기간, 약관상 담보를 함께 확인해야 한다.","사고 직후 증상 발생 여부;사고 전 동일 부위 또는 동일 질환 치료력;검사상 급성 소견 여부;시간적 근접성","기존 치료력;반복 진료 이력;퇴행성 또는 만성 변화;건강검진 이상소견","최근 3개월 내 진료 여부;정밀검사 여부;입원/수술/장기투약 여부;의사가 중대한 질환으로 설명했는지 여부","영구장해 여부;객관적 기능 제한;장해 고정 시점;기왕장해 기여도","입원 필요성은 증상 정도, 검사결과, 치료 내용, 관찰 필요성으로 검토 필요","수술 여부, 수술 목적, 수술기록지상 주요 소견 확인 필요","진료기록지;처방전;진료비 세부내역서;검사결과지 또는 판독지;의사 소견서","C18.3;C18;대장암;암 / 종양;암진단비 / 고지의무 / 책임개시일 / 진단확정 / 약관 분류;혹;결절;병리보고서;조직검사","medical_knowledge;terms_standards;fss_dispute_cases;legal_statutes;precedents;issue_playbooks","이 데이터는 의료 판단 확정용이 아니라 보험 실무상 쟁점 연결용 내부 보강 데이터다. 질병코드만으로 진단, 인과관계, 장해율, 고지의무 위반을 단정하지 말고 실제 진료내용, 검사결과, 치료기간, 약관을 확인해야 한다.","medical_issue_codes","internal_medical_issue_code","internal_review_required","needs_human_review"
"MIC205","C16.4","위암 관련 보험쟁점 35","C16","암 / 종양","암진단비 / 고지의무 / 책임개시일 / 진단확정 / 약관 분류","암진단비;수술비;입원비;실손의료비;항암치료비","혹;결절;암 의심;조직검사;전이","병리보고서;조직검사;세포검사;악성 신생물;경계성 종양","조직검사;세포검사;CT;MRI;초음파;종양표지자","병리학적 확정 여부;침윤 여부;원발/전이 구분;책임개시일 전 의심소견;약관상 암 분류","위암 관련 보험쟁점 35은(는) 암진단비 / 고지의무 / 책임개시일 / 진단확정 / 약관 분류와 연결될 수 있는 내부 검색 보강 항목이다. 코드명만으로 결론을 내리지 않고 실제 문서상 진단 경위, 검사, 치료기간, 약관상 담보를 함께 확인해야 한다.","사고 직후 증상 발생 여부;사고 전 동일 부위 또는 동일 질환 치료력;검사상 급성 소견 여부;시간적 근접성","기존 치료력;반복 진료 이력;퇴행성 또는 만성 변화;건강검진 이상소견","최근 3개월 내 진료 여부;정밀검사 여부;입원/수술/장기투약 여부;의사가 중대한 질환으로 설명했는지 여부","영구장해 여부;객관적 기능 제한;장해 고정 시점;기왕장해 기여도","입원 필요성은 증상 정도, 검사결과, 치료 내용, 관찰 필요성으로 검토 필요","수술 여부, 수술 목적, 수술기록지상 주요 소견 확인 필요","진료기록지;처방전;진료비 세부내역서;검사결과지 또는 판독지;의사 소견서","C16.4;C16;위암;암 / 종양;암진단비 / 고지의무 / 책임개시일 / 진단확정 / 약관 분류;혹;결절;병리보고서;조직검사","medical_knowledge;terms_standards;fss_dispute_cases;legal_statutes;precedents;issue_playbooks","이 데이터는 의료 판단 확정용이 아니라 보험 실무상 쟁점 연결용 내부 보강 데이터다. 질병코드만으로 진단, 인과관계, 장해율, 고지의무 위반을 단정하지 말고 실제 진료내용, 검사결과, 치료기간, 약관을 확인해야 한다.","medical_issue_codes","internal_medical_issue_code","internal_review_required","needs_human_review"
"MIC206","C22.5","간암 관련 보험쟁점 36","C22","암 / 종양","암진단비 / 고지의무 / 책임개시일 / 진단확정 / 약관 분류","암진단비;수술비;입원비;실손의료비;항암치료비","혹;결절;암 의심;조직검사;전이","병리보고서;조직검사;세포검사;악성 신생물;경계성 종양","조직검사;세포검사;CT;MRI;초음파;종양표지자","병리학적 확정 여부;침윤 여부;원발/전이 구분;책임개시일 전 의심소견;약관상 암 분류","간암 관련 보험쟁점 36은(는) 암진단비 / 고지의무 / 책임개시일 / 진단확정 / 약관 분류와 연결될 수 있는 내부 검색 보강 항목이다. 코드명만으로 결론을 내리지 않고 실제 문서상 진단 경위, 검사, 치료기간, 약관상 담보를 함께 확인해야 한다.","사고 직후 증상 발생 여부;사고 전 동일 부위 또는 동일 질환 치료력;검사상 급성 소견 여부;시간적 근접성","기존 치료력;반복 진료 이력;퇴행성 또는 만성 변화;건강검진 이상소견","최근 3개월 내 진료 여부;정밀검사 여부;입원/수술/장기투약 여부;의사가 중대한 질환으로 설명했는지 여부","영구장해 여부;객관적 기능 제한;장해 고정 시점;기왕장해 기여도","입원 필요성은 증상 정도, 검사결과, 치료 내용, 관찰 필요성으로 검토 필요","수술 여부, 수술 목적, 수술기록지상 주요 소견 확인 필요","진료기록지;처방전;진료비 세부내역서;검사결과지 또는 판독지;의사 소견서","C22.5;C22;간암;암 / 종양;암진단비 / 고지의무 / 책임개시일 / 진단확정 / 약관 분류;혹;결절;병리보고서;조직검사","medical_knowledge;terms_standards;fss_dispute_cases;legal_statutes;precedents;issue_playbooks","이 데이터는 의료 판단 확정용이 아니라 보험 실무상 쟁점 연결용 내부 보강 데이터다. 질병코드만으로 진단, 인과관계, 장해율, 고지의무 위반을 단정하지 말고 실제 진료내용, 검사결과, 치료기간, 약관을 확인해야 한다.","medical_issue_codes","internal_medical_issue_code","internal_review_required","needs_human_review"
"MIC207","C34.6","폐암 관련 보험쟁점 37","C34","암 / 종양","암진단비 / 고지의무 / 책임개시일 / 진단확정 / 약관 분류","암진단비;수술비;입원비;실손의료비;항암치료비","혹;결절;암 의심;조직검사;전이","병리보고서;조직검사;세포검사;악성 신생물;경계성 종양","조직검사;세포검사;CT;MRI;초음파;종양표지자","병리학적 확정 여부;침윤 여부;원발/전이 구분;책임개시일 전 의심소견;약관상 암 분류","폐암 관련 보험쟁점 37은(는) 암진단비 / 고지의무 / 책임개시일 / 진단확정 / 약관 분류와 연결될 수 있는 내부 검색 보강 항목이다. 코드명만으로 결론을 내리지 않고 실제 문서상 진단 경위, 검사, 치료기간, 약관상 담보를 함께 확인해야 한다.","사고 직후 증상 발생 여부;사고 전 동일 부위 또는 동일 질환 치료력;검사상 급성 소견 여부;시간적 근접성","기존 치료력;반복 진료 이력;퇴행성 또는 만성 변화;건강검진 이상소견","최근 3개월 내 진료 여부;정밀검사 여부;입원/수술/장기투약 여부;의사가 중대한 질환으로 설명했는지 여부","영구장해 여부;객관적 기능 제한;장해 고정 시점;기왕장해 기여도","입원 필요성은 증상 정도, 검사결과, 치료 내용, 관찰 필요성으로 검토 필요","수술 여부, 수술 목적, 수술기록지상 주요 소견 확인 필요","진료기록지;처방전;진료비 세부내역서;검사결과지 또는 판독지;의사 소견서","C34.6;C34;폐암;암 / 종양;암진단비 / 고지의무 / 책임개시일 / 진단확정 / 약관 분류;혹;결절;병리보고서;조직검사","medical_knowledge;terms_standards;fss_dispute_cases;legal_statutes;precedents;issue_playbooks","이 데이터는 의료 판단 확정용이 아니라 보험 실무상 쟁점 연결용 내부 보강 데이터다. 질병코드만으로 진단, 인과관계, 장해율, 고지의무 위반을 단정하지 말고 실제 진료내용, 검사결과, 치료기간, 약관을 확인해야 한다.","medical_issue_codes","internal_medical_issue_code","internal_review_required","needs_human_review"
"MIC208","C61.7","전립선암 관련 보험쟁점 38","C61","암 / 종양","암진단비 / 고지의무 / 책임개시일 / 진단확정 / 약관 분류","암진단비;수술비;입원비;실손의료비;항암치료비","혹;결절;암 의심;조직검사;전이","병리보고서;조직검사;세포검사;악성 신생물;경계성 종양","조직검사;세포검사;CT;MRI;초음파;종양표지자","병리학적 확정 여부;침윤 여부;원발/전이 구분;책임개시일 전 의심소견;약관상 암 분류","전립선암 관련 보험쟁점 38은(는) 암진단비 / 고지의무 / 책임개시일 / 진단확정 / 약관 분류와 연결될 수 있는 내부 검색 보강 항목이다. 코드명만으로 결론을 내리지 않고 실제 문서상 진단 경위, 검사, 치료기간, 약관상 담보를 함께 확인해야 한다.","사고 직후 증상 발생 여부;사고 전 동일 부위 또는 동일 질환 치료력;검사상 급성 소견 여부;시간적 근접성","기존 치료력;반복 진료 이력;퇴행성 또는 만성 변화;건강검진 이상소견","최근 3개월 내 진료 여부;정밀검사 여부;입원/수술/장기투약 여부;의사가 중대한 질환으로 설명했는지 여부","영구장해 여부;객관적 기능 제한;장해 고정 시점;기왕장해 기여도","입원 필요성은 증상 정도, 검사결과, 치료 내용, 관찰 필요성으로 검토 필요","수술 여부, 수술 목적, 수술기록지상 주요 소견 확인 필요","진료기록지;처방전;진료비 세부내역서;검사결과지 또는 판독지;의사 소견서","C61.7;C61;전립선암;암 / 종양;암진단비 / 고지의무 / 책임개시일 / 진단확정 / 약관 분류;혹;결절;병리보고서;조직검사","medical_knowledge;terms_standards;fss_dispute_cases;legal_statutes;precedents;issue_playbooks","이 데이터는 의료 판단 확정용이 아니라 보험 실무상 쟁점 연결용 내부 보강 데이터다. 질병코드만으로 진단, 인과관계, 장해율, 고지의무 위반을 단정하지 말고 실제 진료내용, 검사결과, 치료기간, 약관을 확인해야 한다.","medical_issue_codes","internal_medical_issue_code","internal_review_required","needs_human_review"
"MIC209","C53.8","자궁경부암 관련 보험쟁점 39","C53","암 / 종양","암진단비 / 고지의무 / 책임개시일 / 진단확정 / 약관 분류","암진단비;수술비;입원비;실손의료비;항암치료비","혹;결절;암 의심;조직검사;전이","병리보고서;조직검사;세포검사;악성 신생물;경계성 종양","조직검사;세포검사;CT;MRI;초음파;종양표지자","병리학적 확정 여부;침윤 여부;원발/전이 구분;책임개시일 전 의심소견;약관상 암 분류","자궁경부암 관련 보험쟁점 39은(는) 암진단비 / 고지의무 / 책임개시일 / 진단확정 / 약관 분류와 연결될 수 있는 내부 검색 보강 항목이다. 코드명만으로 결론을 내리지 않고 실제 문서상 진단 경위, 검사, 치료기간, 약관상 담보를 함께 확인해야 한다.","사고 직후 증상 발생 여부;사고 전 동일 부위 또는 동일 질환 치료력;검사상 급성 소견 여부;시간적 근접성","기존 치료력;반복 진료 이력;퇴행성 또는 만성 변화;건강검진 이상소견","최근 3개월 내 진료 여부;정밀검사 여부;입원/수술/장기투약 여부;의사가 중대한 질환으로 설명했는지 여부","영구장해 여부;객관적 기능 제한;장해 고정 시점;기왕장해 기여도","입원 필요성은 증상 정도, 검사결과, 치료 내용, 관찰 필요성으로 검토 필요","수술 여부, 수술 목적, 수술기록지상 주요 소견 확인 필요","진료기록지;처방전;진료비 세부내역서;검사결과지 또는 판독지;의사 소견서","C53.8;C53;자궁경부암;암 / 종양;암진단비 / 고지의무 / 책임개시일 / 진단확정 / 약관 분류;혹;결절;병리보고서;조직검사","medical_knowledge;terms_standards;fss_dispute_cases;legal_statutes;precedents;issue_playbooks","이 데이터는 의료 판단 확정용이 아니라 보험 실무상 쟁점 연결용 내부 보강 데이터다. 질병코드만으로 진단, 인과관계, 장해율, 고지의무 위반을 단정하지 말고 실제 진료내용, 검사결과, 치료기간, 약관을 확인해야 한다.","medical_issue_codes","internal_medical_issue_code","internal_review_required","needs_human_review"
"MIC210","D00-D09:40","제자리암 관련 보험쟁점 40","D00-D09","암 / 종양","암진단비 / 고지의무 / 책임개시일 / 진단확정 / 약관 분류","암진단비;수술비;입원비;실손의료비;항암치료비","혹;결절;암 의심;조직검사;전이","병리보고서;조직검사;세포검사;악성 신생물;경계성 종양","조직검사;세포검사;CT;MRI;초음파;종양표지자","병리학적 확정 여부;침윤 여부;원발/전이 구분;책임개시일 전 의심소견;약관상 암 분류","제자리암 관련 보험쟁점 40은(는) 암진단비 / 고지의무 / 책임개시일 / 진단확정 / 약관 분류와 연결될 수 있는 내부 검색 보강 항목이다. 코드명만으로 결론을 내리지 않고 실제 문서상 진단 경위, 검사, 치료기간, 약관상 담보를 함께 확인해야 한다.","사고 직후 증상 발생 여부;사고 전 동일 부위 또는 동일 질환 치료력;검사상 급성 소견 여부;시간적 근접성","기존 치료력;반복 진료 이력;퇴행성 또는 만성 변화;건강검진 이상소견","최근 3개월 내 진료 여부;정밀검사 여부;입원/수술/장기투약 여부;의사가 중대한 질환으로 설명했는지 여부","영구장해 여부;객관적 기능 제한;장해 고정 시점;기왕장해 기여도","입원 필요성은 증상 정도, 검사결과, 치료 내용, 관찰 필요성으로 검토 필요","수술 여부, 수술 목적, 수술기록지상 주요 소견 확인 필요","진료기록지;처방전;진료비 세부내역서;검사결과지 또는 판독지;의사 소견서","D00-D09:40;D00-D09;제자리암;암 / 종양;암진단비 / 고지의무 / 책임개시일 / 진단확정 / 약관 분류;혹;결절;병리보고서;조직검사","medical_knowledge;terms_standards;fss_dispute_cases;legal_statutes;precedents;issue_playbooks","이 데이터는 의료 판단 확정용이 아니라 보험 실무상 쟁점 연결용 내부 보강 데이터다. 질병코드만으로 진단, 인과관계, 장해율, 고지의무 위반을 단정하지 말고 실제 진료내용, 검사결과, 치료기간, 약관을 확인해야 한다.","medical_issue_codes","internal_medical_issue_code","internal_review_required","needs_human_review"
"MIC211","D37-D48:41","행동양식 불명/미상의 신생물 관련 보험쟁점 41","D37-D48","암 / 종양","암진단비 / 고지의무 / 책임개시일 / 진단확정 / 약관 분류","암진단비;수술비;입원비;실손의료비;항암치료비","혹;결절;암 의심;조직검사;전이","병리보고서;조직검사;세포검사;악성 신생물;경계성 종양","조직검사;세포검사;CT;MRI;초음파;종양표지자","병리학적 확정 여부;침윤 여부;원발/전이 구분;책임개시일 전 의심소견;약관상 암 분류","행동양식 불명/미상의 신생물 관련 보험쟁점 41은(는) 암진단비 / 고지의무 / 책임개시일 / 진단확정 / 약관 분류와 연결될 수 있는 내부 검색 보강 항목이다. 코드명만으로 결론을 내리지 않고 실제 문서상 진단 경위, 검사, 치료기간, 약관상 담보를 함께 확인해야 한다.","사고 직후 증상 발생 여부;사고 전 동일 부위 또는 동일 질환 치료력;검사상 급성 소견 여부;시간적 근접성","기존 치료력;반복 진료 이력;퇴행성 또는 만성 변화;건강검진 이상소견","최근 3개월 내 진료 여부;정밀검사 여부;입원/수술/장기투약 여부;의사가 중대한 질환으로 설명했는지 여부","영구장해 여부;객관적 기능 제한;장해 고정 시점;기왕장해 기여도","입원 필요성은 증상 정도, 검사결과, 치료 내용, 관찰 필요성으로 검토 필요","수술 여부, 수술 목적, 수술기록지상 주요 소견 확인 필요","진료기록지;처방전;진료비 세부내역서;검사결과지 또는 판독지;의사 소견서","D37-D48:41;D37-D48;행동양식 불명/미상의 신생물;암 / 종양;암진단비 / 고지의무 / 책임개시일 / 진단확정 / 약관 분류;혹;결절;병리보고서;조직검사","medical_knowledge;terms_standards;fss_dispute_cases;legal_statutes;precedents;issue_playbooks","이 데이터는 의료 판단 확정용이 아니라 보험 실무상 쟁점 연결용 내부 보강 데이터다. 질병코드만으로 진단, 인과관계, 장해율, 고지의무 위반을 단정하지 말고 실제 진료내용, 검사결과, 치료기간, 약관을 확인해야 한다.","medical_issue_codes","internal_medical_issue_code","internal_review_required","needs_human_review"
"MIC212","C77-C79:42","전이암 관련 보험쟁점 42","C77-C79","암 / 종양","암진단비 / 고지의무 / 책임개시일 / 진단확정 / 약관 분류","암진단비;수술비;입원비;실손의료비;항암치료비","혹;결절;암 의심;조직검사;전이","병리보고서;조직검사;세포검사;악성 신생물;경계성 종양","조직검사;세포검사;CT;MRI;초음파;종양표지자","병리학적 확정 여부;침윤 여부;원발/전이 구분;책임개시일 전 의심소견;약관상 암 분류","전이암 관련 보험쟁점 42은(는) 암진단비 / 고지의무 / 책임개시일 / 진단확정 / 약관 분류와 연결될 수 있는 내부 검색 보강 항목이다. 코드명만으로 결론을 내리지 않고 실제 문서상 진단 경위, 검사, 치료기간, 약관상 담보를 함께 확인해야 한다.","사고 직후 증상 발생 여부;사고 전 동일 부위 또는 동일 질환 치료력;검사상 급성 소견 여부;시간적 근접성","기존 치료력;반복 진료 이력;퇴행성 또는 만성 변화;건강검진 이상소견","최근 3개월 내 진료 여부;정밀검사 여부;입원/수술/장기투약 여부;의사가 중대한 질환으로 설명했는지 여부","영구장해 여부;객관적 기능 제한;장해 고정 시점;기왕장해 기여도","입원 필요성은 증상 정도, 검사결과, 치료 내용, 관찰 필요성으로 검토 필요","수술 여부, 수술 목적, 수술기록지상 주요 소견 확인 필요","진료기록지;처방전;진료비 세부내역서;검사결과지 또는 판독지;의사 소견서","C77-C79:42;C77-C79;전이암;암 / 종양;암진단비 / 고지의무 / 책임개시일 / 진단확정 / 약관 분류;혹;결절;병리보고서;조직검사","medical_knowledge;terms_standards;fss_dispute_cases;legal_statutes;precedents;issue_playbooks","이 데이터는 의료 판단 확정용이 아니라 보험 실무상 쟁점 연결용 내부 보강 데이터다. 질병코드만으로 진단, 인과관계, 장해율, 고지의무 위반을 단정하지 말고 실제 진료내용, 검사결과, 치료기간, 약관을 확인해야 한다.","medical_issue_codes","internal_medical_issue_code","internal_review_required","needs_human_review"
"MIC213","C73.2","갑상선암 관련 보험쟁점 43","C73","암 / 종양","암진단비 / 고지의무 / 책임개시일 / 진단확정 / 약관 분류","암진단비;수술비;입원비;실손의료비;항암치료비","혹;결절;암 의심;조직검사;전이","병리보고서;조직검사;세포검사;악성 신생물;경계성 종양","조직검사;세포검사;CT;MRI;초음파;종양표지자","병리학적 확정 여부;침윤 여부;원발/전이 구분;책임개시일 전 의심소견;약관상 암 분류","갑상선암 관련 보험쟁점 43은(는) 암진단비 / 고지의무 / 책임개시일 / 진단확정 / 약관 분류와 연결될 수 있는 내부 검색 보강 항목이다. 코드명만으로 결론을 내리지 않고 실제 문서상 진단 경위, 검사, 치료기간, 약관상 담보를 함께 확인해야 한다.","사고 직후 증상 발생 여부;사고 전 동일 부위 또는 동일 질환 치료력;검사상 급성 소견 여부;시간적 근접성","기존 치료력;반복 진료 이력;퇴행성 또는 만성 변화;건강검진 이상소견","최근 3개월 내 진료 여부;정밀검사 여부;입원/수술/장기투약 여부;의사가 중대한 질환으로 설명했는지 여부","영구장해 여부;객관적 기능 제한;장해 고정 시점;기왕장해 기여도","입원 필요성은 증상 정도, 검사결과, 치료 내용, 관찰 필요성으로 검토 필요","수술 여부, 수술 목적, 수술기록지상 주요 소견 확인 필요","진료기록지;처방전;진료비 세부내역서;검사결과지 또는 판독지;의사 소견서","C73.2;C73;갑상선암;암 / 종양;암진단비 / 고지의무 / 책임개시일 / 진단확정 / 약관 분류;혹;결절;병리보고서;조직검사","medical_knowledge;terms_standards;fss_dispute_cases;legal_statutes;precedents;issue_playbooks","이 데이터는 의료 판단 확정용이 아니라 보험 실무상 쟁점 연결용 내부 보강 데이터다. 질병코드만으로 진단, 인과관계, 장해율, 고지의무 위반을 단정하지 말고 실제 진료내용, 검사결과, 치료기간, 약관을 확인해야 한다.","medical_issue_codes","internal_medical_issue_code","internal_review_required","needs_human_review"
"MIC214","D34.3","갑상선 양성신생물 관련 보험쟁점 44","D34","암 / 종양","암진단비 / 고지의무 / 책임개시일 / 진단확정 / 약관 분류","암진단비;수술비;입원비;실손의료비;항암치료비","혹;결절;암 의심;조직검사;전이","병리보고서;조직검사;세포검사;악성 신생물;경계성 종양","조직검사;세포검사;CT;MRI;초음파;종양표지자","병리학적 확정 여부;침윤 여부;원발/전이 구분;책임개시일 전 의심소견;약관상 암 분류","갑상선 양성신생물 관련 보험쟁점 44은(는) 암진단비 / 고지의무 / 책임개시일 / 진단확정 / 약관 분류와 연결될 수 있는 내부 검색 보강 항목이다. 코드명만으로 결론을 내리지 않고 실제 문서상 진단 경위, 검사, 치료기간, 약관상 담보를 함께 확인해야 한다.","사고 직후 증상 발생 여부;사고 전 동일 부위 또는 동일 질환 치료력;검사상 급성 소견 여부;시간적 근접성","기존 치료력;반복 진료 이력;퇴행성 또는 만성 변화;건강검진 이상소견","최근 3개월 내 진료 여부;정밀검사 여부;입원/수술/장기투약 여부;의사가 중대한 질환으로 설명했는지 여부","영구장해 여부;객관적 기능 제한;장해 고정 시점;기왕장해 기여도","입원 필요성은 증상 정도, 검사결과, 치료 내용, 관찰 필요성으로 검토 필요","수술 여부, 수술 목적, 수술기록지상 주요 소견 확인 필요","진료기록지;처방전;진료비 세부내역서;검사결과지 또는 판독지;의사 소견서","D34.3;D34;갑상선 양성신생물;암 / 종양;암진단비 / 고지의무 / 책임개시일 / 진단확정 / 약관 분류;혹;결절;병리보고서;조직검사","medical_knowledge;terms_standards;fss_dispute_cases;legal_statutes;precedents;issue_playbooks","이 데이터는 의료 판단 확정용이 아니라 보험 실무상 쟁점 연결용 내부 보강 데이터다. 질병코드만으로 진단, 인과관계, 장해율, 고지의무 위반을 단정하지 말고 실제 진료내용, 검사결과, 치료기간, 약관을 확인해야 한다.","medical_issue_codes","internal_medical_issue_code","internal_review_required","needs_human_review"
"MIC215","E04.4","갑상선 결절/비독성 갑상선종 관련 보험쟁점 45","E04","암 / 종양","암진단비 / 고지의무 / 책임개시일 / 진단확정 / 약관 분류","암진단비;수술비;입원비;실손의료비;항암치료비","혹;결절;암 의심;조직검사;전이","병리보고서;조직검사;세포검사;악성 신생물;경계성 종양","조직검사;세포검사;CT;MRI;초음파;종양표지자","병리학적 확정 여부;침윤 여부;원발/전이 구분;책임개시일 전 의심소견;약관상 암 분류","갑상선 결절/비독성 갑상선종 관련 보험쟁점 45은(는) 암진단비 / 고지의무 / 책임개시일 / 진단확정 / 약관 분류와 연결될 수 있는 내부 검색 보강 항목이다. 코드명만으로 결론을 내리지 않고 실제 문서상 진단 경위, 검사, 치료기간, 약관상 담보를 함께 확인해야 한다.","사고 직후 증상 발생 여부;사고 전 동일 부위 또는 동일 질환 치료력;검사상 급성 소견 여부;시간적 근접성","기존 치료력;반복 진료 이력;퇴행성 또는 만성 변화;건강검진 이상소견","최근 3개월 내 진료 여부;정밀검사 여부;입원/수술/장기투약 여부;의사가 중대한 질환으로 설명했는지 여부","영구장해 여부;객관적 기능 제한;장해 고정 시점;기왕장해 기여도","입원 필요성은 증상 정도, 검사결과, 치료 내용, 관찰 필요성으로 검토 필요","수술 여부, 수술 목적, 수술기록지상 주요 소견 확인 필요","진료기록지;처방전;진료비 세부내역서;검사결과지 또는 판독지;의사 소견서","E04.4;E04;갑상선 결절/비독성 갑상선종;암 / 종양;암진단비 / 고지의무 / 책임개시일 / 진단확정 / 약관 분류;혹;결절;병리보고서;조직검사","medical_knowledge;terms_standards;fss_dispute_cases;legal_statutes;precedents;issue_playbooks","이 데이터는 의료 판단 확정용이 아니라 보험 실무상 쟁점 연결용 내부 보강 데이터다. 질병코드만으로 진단, 인과관계, 장해율, 고지의무 위반을 단정하지 말고 실제 진료내용, 검사결과, 치료기간, 약관을 확인해야 한다.","medical_issue_codes","internal_medical_issue_code","internal_review_required","needs_human_review"
"MIC216","C50.5","유방암 관련 보험쟁점 46","C50","암 / 종양","암진단비 / 고지의무 / 책임개시일 / 진단확정 / 약관 분류","암진단비;수술비;입원비;실손의료비;항암치료비","혹;결절;암 의심;조직검사;전이","병리보고서;조직검사;세포검사;악성 신생물;경계성 종양","조직검사;세포검사;CT;MRI;초음파;종양표지자","병리학적 확정 여부;침윤 여부;원발/전이 구분;책임개시일 전 의심소견;약관상 암 분류","유방암 관련 보험쟁점 46은(는) 암진단비 / 고지의무 / 책임개시일 / 진단확정 / 약관 분류와 연결될 수 있는 내부 검색 보강 항목이다. 코드명만으로 결론을 내리지 않고 실제 문서상 진단 경위, 검사, 치료기간, 약관상 담보를 함께 확인해야 한다.","사고 직후 증상 발생 여부;사고 전 동일 부위 또는 동일 질환 치료력;검사상 급성 소견 여부;시간적 근접성","기존 치료력;반복 진료 이력;퇴행성 또는 만성 변화;건강검진 이상소견","최근 3개월 내 진료 여부;정밀검사 여부;입원/수술/장기투약 여부;의사가 중대한 질환으로 설명했는지 여부","영구장해 여부;객관적 기능 제한;장해 고정 시점;기왕장해 기여도","입원 필요성은 증상 정도, 검사결과, 치료 내용, 관찰 필요성으로 검토 필요","수술 여부, 수술 목적, 수술기록지상 주요 소견 확인 필요","진료기록지;처방전;진료비 세부내역서;검사결과지 또는 판독지;의사 소견서","C50.5;C50;유방암;암 / 종양;암진단비 / 고지의무 / 책임개시일 / 진단확정 / 약관 분류;혹;결절;병리보고서;조직검사","medical_knowledge;terms_standards;fss_dispute_cases;legal_statutes;precedents;issue_playbooks","이 데이터는 의료 판단 확정용이 아니라 보험 실무상 쟁점 연결용 내부 보강 데이터다. 질병코드만으로 진단, 인과관계, 장해율, 고지의무 위반을 단정하지 말고 실제 진료내용, 검사결과, 치료기간, 약관을 확인해야 한다.","medical_issue_codes","internal_medical_issue_code","internal_review_required","needs_human_review"
"MIC217","D24.6","유방 양성신생물 관련 보험쟁점 47","D24","암 / 종양","암진단비 / 고지의무 / 책임개시일 / 진단확정 / 약관 분류","암진단비;수술비;입원비;실손의료비;항암치료비","혹;결절;암 의심;조직검사;전이","병리보고서;조직검사;세포검사;악성 신생물;경계성 종양","조직검사;세포검사;CT;MRI;초음파;종양표지자","병리학적 확정 여부;침윤 여부;원발/전이 구분;책임개시일 전 의심소견;약관상 암 분류","유방 양성신생물 관련 보험쟁점 47은(는) 암진단비 / 고지의무 / 책임개시일 / 진단확정 / 약관 분류와 연결될 수 있는 내부 검색 보강 항목이다. 코드명만으로 결론을 내리지 않고 실제 문서상 진단 경위, 검사, 치료기간, 약관상 담보를 함께 확인해야 한다.","사고 직후 증상 발생 여부;사고 전 동일 부위 또는 동일 질환 치료력;검사상 급성 소견 여부;시간적 근접성","기존 치료력;반복 진료 이력;퇴행성 또는 만성 변화;건강검진 이상소견","최근 3개월 내 진료 여부;정밀검사 여부;입원/수술/장기투약 여부;의사가 중대한 질환으로 설명했는지 여부","영구장해 여부;객관적 기능 제한;장해 고정 시점;기왕장해 기여도","입원 필요성은 증상 정도, 검사결과, 치료 내용, 관찰 필요성으로 검토 필요","수술 여부, 수술 목적, 수술기록지상 주요 소견 확인 필요","진료기록지;처방전;진료비 세부내역서;검사결과지 또는 판독지;의사 소견서","D24.6;D24;유방 양성신생물;암 / 종양;암진단비 / 고지의무 / 책임개시일 / 진단확정 / 약관 분류;혹;결절;병리보고서;조직검사","medical_knowledge;terms_standards;fss_dispute_cases;legal_statutes;precedents;issue_playbooks","이 데이터는 의료 판단 확정용이 아니라 보험 실무상 쟁점 연결용 내부 보강 데이터다. 질병코드만으로 진단, 인과관계, 장해율, 고지의무 위반을 단정하지 말고 실제 진료내용, 검사결과, 치료기간, 약관을 확인해야 한다.","medical_issue_codes","internal_medical_issue_code","internal_review_required","needs_human_review"
"MIC218","C18.7","대장암 관련 보험쟁점 48","C18","암 / 종양","암진단비 / 고지의무 / 책임개시일 / 진단확정 / 약관 분류","암진단비;수술비;입원비;실손의료비;항암치료비","혹;결절;암 의심;조직검사;전이","병리보고서;조직검사;세포검사;악성 신생물;경계성 종양","조직검사;세포검사;CT;MRI;초음파;종양표지자","병리학적 확정 여부;침윤 여부;원발/전이 구분;책임개시일 전 의심소견;약관상 암 분류","대장암 관련 보험쟁점 48은(는) 암진단비 / 고지의무 / 책임개시일 / 진단확정 / 약관 분류와 연결될 수 있는 내부 검색 보강 항목이다. 코드명만으로 결론을 내리지 않고 실제 문서상 진단 경위, 검사, 치료기간, 약관상 담보를 함께 확인해야 한다.","사고 직후 증상 발생 여부;사고 전 동일 부위 또는 동일 질환 치료력;검사상 급성 소견 여부;시간적 근접성","기존 치료력;반복 진료 이력;퇴행성 또는 만성 변화;건강검진 이상소견","최근 3개월 내 진료 여부;정밀검사 여부;입원/수술/장기투약 여부;의사가 중대한 질환으로 설명했는지 여부","영구장해 여부;객관적 기능 제한;장해 고정 시점;기왕장해 기여도","입원 필요성은 증상 정도, 검사결과, 치료 내용, 관찰 필요성으로 검토 필요","수술 여부, 수술 목적, 수술기록지상 주요 소견 확인 필요","진료기록지;처방전;진료비 세부내역서;검사결과지 또는 판독지;의사 소견서","C18.7;C18;대장암;암 / 종양;암진단비 / 고지의무 / 책임개시일 / 진단확정 / 약관 분류;혹;결절;병리보고서;조직검사","medical_knowledge;terms_standards;fss_dispute_cases;legal_statutes;precedents;issue_playbooks","이 데이터는 의료 판단 확정용이 아니라 보험 실무상 쟁점 연결용 내부 보강 데이터다. 질병코드만으로 진단, 인과관계, 장해율, 고지의무 위반을 단정하지 말고 실제 진료내용, 검사결과, 치료기간, 약관을 확인해야 한다.","medical_issue_codes","internal_medical_issue_code","internal_review_required","needs_human_review"
"MIC219","C16.8","위암 관련 보험쟁점 49","C16","암 / 종양","암진단비 / 고지의무 / 책임개시일 / 진단확정 / 약관 분류","암진단비;수술비;입원비;실손의료비;항암치료비","혹;결절;암 의심;조직검사;전이","병리보고서;조직검사;세포검사;악성 신생물;경계성 종양","조직검사;세포검사;CT;MRI;초음파;종양표지자","병리학적 확정 여부;침윤 여부;원발/전이 구분;책임개시일 전 의심소견;약관상 암 분류","위암 관련 보험쟁점 49은(는) 암진단비 / 고지의무 / 책임개시일 / 진단확정 / 약관 분류와 연결될 수 있는 내부 검색 보강 항목이다. 코드명만으로 결론을 내리지 않고 실제 문서상 진단 경위, 검사, 치료기간, 약관상 담보를 함께 확인해야 한다.","사고 직후 증상 발생 여부;사고 전 동일 부위 또는 동일 질환 치료력;검사상 급성 소견 여부;시간적 근접성","기존 치료력;반복 진료 이력;퇴행성 또는 만성 변화;건강검진 이상소견","최근 3개월 내 진료 여부;정밀검사 여부;입원/수술/장기투약 여부;의사가 중대한 질환으로 설명했는지 여부","영구장해 여부;객관적 기능 제한;장해 고정 시점;기왕장해 기여도","입원 필요성은 증상 정도, 검사결과, 치료 내용, 관찰 필요성으로 검토 필요","수술 여부, 수술 목적, 수술기록지상 주요 소견 확인 필요","진료기록지;처방전;진료비 세부내역서;검사결과지 또는 판독지;의사 소견서","C16.8;C16;위암;암 / 종양;암진단비 / 고지의무 / 책임개시일 / 진단확정 / 약관 분류;혹;결절;병리보고서;조직검사","medical_knowledge;terms_standards;fss_dispute_cases;legal_statutes;precedents;issue_playbooks","이 데이터는 의료 판단 확정용이 아니라 보험 실무상 쟁점 연결용 내부 보강 데이터다. 질병코드만으로 진단, 인과관계, 장해율, 고지의무 위반을 단정하지 말고 실제 진료내용, 검사결과, 치료기간, 약관을 확인해야 한다.","medical_issue_codes","internal_medical_issue_code","internal_review_required","needs_human_review"
"MIC220","C22.9","간암 관련 보험쟁점 50","C22","암 / 종양","암진단비 / 고지의무 / 책임개시일 / 진단확정 / 약관 분류","암진단비;수술비;입원비;실손의료비;항암치료비","혹;결절;암 의심;조직검사;전이","병리보고서;조직검사;세포검사;악성 신생물;경계성 종양","조직검사;세포검사;CT;MRI;초음파;종양표지자","병리학적 확정 여부;침윤 여부;원발/전이 구분;책임개시일 전 의심소견;약관상 암 분류","간암 관련 보험쟁점 50은(는) 암진단비 / 고지의무 / 책임개시일 / 진단확정 / 약관 분류와 연결될 수 있는 내부 검색 보강 항목이다. 코드명만으로 결론을 내리지 않고 실제 문서상 진단 경위, 검사, 치료기간, 약관상 담보를 함께 확인해야 한다.","사고 직후 증상 발생 여부;사고 전 동일 부위 또는 동일 질환 치료력;검사상 급성 소견 여부;시간적 근접성","기존 치료력;반복 진료 이력;퇴행성 또는 만성 변화;건강검진 이상소견","최근 3개월 내 진료 여부;정밀검사 여부;입원/수술/장기투약 여부;의사가 중대한 질환으로 설명했는지 여부","영구장해 여부;객관적 기능 제한;장해 고정 시점;기왕장해 기여도","입원 필요성은 증상 정도, 검사결과, 치료 내용, 관찰 필요성으로 검토 필요","수술 여부, 수술 목적, 수술기록지상 주요 소견 확인 필요","진료기록지;처방전;진료비 세부내역서;검사결과지 또는 판독지;의사 소견서","C22.9;C22;간암;암 / 종양;암진단비 / 고지의무 / 책임개시일 / 진단확정 / 약관 분류;혹;결절;병리보고서;조직검사","medical_knowledge;terms_standards;fss_dispute_cases;legal_statutes;precedents;issue_playbooks","이 데이터는 의료 판단 확정용이 아니라 보험 실무상 쟁점 연결용 내부 보강 데이터다. 질병코드만으로 진단, 인과관계, 장해율, 고지의무 위반을 단정하지 말고 실제 진료내용, 검사결과, 치료기간, 약관을 확인해야 한다.","medical_issue_codes","internal_medical_issue_code","internal_review_required","needs_human_review"
"MIC221","E11.0","당뇨병 관련 보험쟁점 1","E11","대사 / 내분비 / 만성질환","고지의무 / 기왕증 / 합병증 인과관계 / 입원 필요성","실손의료비;입원비;진단비;수술비","수치가 높음;약 복용;정기검사;만성질환;합병증","혈액검사 이상;장기투약;정기 추적;합병증;만성질환","혈액검사;소변검사;초음파;기능검사;추적검사","투약 기간;검사 수치 추이;합병증 발생 여부;가입 전 치료력;장기 추적 여부","당뇨병 관련 보험쟁점 1은(는) 고지의무 / 기왕증 / 합병증 인과관계 / 입원 필요성와 연결될 수 있는 내부 검색 보강 항목이다. 코드명만으로 결론을 내리지 않고 실제 문서상 진단 경위, 검사, 치료기간, 약관상 담보를 함께 확인해야 한다.","사고 직후 증상 발생 여부;사고 전 동일 부위 또는 동일 질환 치료력;검사상 급성 소견 여부;시간적 근접성","기존 치료력;반복 진료 이력;퇴행성 또는 만성 변화;건강검진 이상소견","최근 3개월 내 진료 여부;정밀검사 여부;입원/수술/장기투약 여부;의사가 중대한 질환으로 설명했는지 여부","영구장해 여부;객관적 기능 제한;장해 고정 시점;기왕장해 기여도","입원 필요성은 증상 정도, 검사결과, 치료 내용, 관찰 필요성으로 검토 필요","수술 여부, 수술 목적, 수술기록지상 주요 소견 확인 필요","진료기록지;처방전;진료비 세부내역서;검사결과지 또는 판독지;의사 소견서","E11.0;E11;당뇨병;대사 / 내분비 / 만성질환;고지의무 / 기왕증 / 합병증 인과관계 / 입원 필요성;수치가 높음;약 복용;혈액검사 이상;장기투약","medical_knowledge;terms_standards;fss_dispute_cases;legal_statutes;precedents;issue_playbooks","이 데이터는 의료 판단 확정용이 아니라 보험 실무상 쟁점 연결용 내부 보강 데이터다. 질병코드만으로 진단, 인과관계, 장해율, 고지의무 위반을 단정하지 말고 실제 진료내용, 검사결과, 치료기간, 약관을 확인해야 한다.","medical_issue_codes","internal_medical_issue_code","internal_review_required","needs_human_review"
"MIC222","E10.1","1형 당뇨병 관련 보험쟁점 2","E10","대사 / 내분비 / 만성질환","고지의무 / 기왕증 / 합병증 인과관계 / 입원 필요성","실손의료비;입원비;진단비;수술비","수치가 높음;약 복용;정기검사;만성질환;합병증","혈액검사 이상;장기투약;정기 추적;합병증;만성질환","혈액검사;소변검사;초음파;기능검사;추적검사","투약 기간;검사 수치 추이;합병증 발생 여부;가입 전 치료력;장기 추적 여부","1형 당뇨병 관련 보험쟁점 2은(는) 고지의무 / 기왕증 / 합병증 인과관계 / 입원 필요성와 연결될 수 있는 내부 검색 보강 항목이다. 코드명만으로 결론을 내리지 않고 실제 문서상 진단 경위, 검사, 치료기간, 약관상 담보를 함께 확인해야 한다.","사고 직후 증상 발생 여부;사고 전 동일 부위 또는 동일 질환 치료력;검사상 급성 소견 여부;시간적 근접성","기존 치료력;반복 진료 이력;퇴행성 또는 만성 변화;건강검진 이상소견","최근 3개월 내 진료 여부;정밀검사 여부;입원/수술/장기투약 여부;의사가 중대한 질환으로 설명했는지 여부","영구장해 여부;객관적 기능 제한;장해 고정 시점;기왕장해 기여도","입원 필요성은 증상 정도, 검사결과, 치료 내용, 관찰 필요성으로 검토 필요","수술 여부, 수술 목적, 수술기록지상 주요 소견 확인 필요","진료기록지;처방전;진료비 세부내역서;검사결과지 또는 판독지;의사 소견서","E10.1;E10;1형 당뇨병;대사 / 내분비 / 만성질환;고지의무 / 기왕증 / 합병증 인과관계 / 입원 필요성;수치가 높음;약 복용;혈액검사 이상;장기투약","medical_knowledge;terms_standards;fss_dispute_cases;legal_statutes;precedents;issue_playbooks","이 데이터는 의료 판단 확정용이 아니라 보험 실무상 쟁점 연결용 내부 보강 데이터다. 질병코드만으로 진단, 인과관계, 장해율, 고지의무 위반을 단정하지 말고 실제 진료내용, 검사결과, 치료기간, 약관을 확인해야 한다.","medical_issue_codes","internal_medical_issue_code","internal_review_required","needs_human_review"
"MIC223","E78.2","고지혈증 관련 보험쟁점 3","E78","대사 / 내분비 / 만성질환","고지의무 / 기왕증 / 합병증 인과관계 / 입원 필요성","실손의료비;입원비;진단비;수술비","수치가 높음;약 복용;정기검사;만성질환;합병증","혈액검사 이상;장기투약;정기 추적;합병증;만성질환","혈액검사;소변검사;초음파;기능검사;추적검사","투약 기간;검사 수치 추이;합병증 발생 여부;가입 전 치료력;장기 추적 여부","고지혈증 관련 보험쟁점 3은(는) 고지의무 / 기왕증 / 합병증 인과관계 / 입원 필요성와 연결될 수 있는 내부 검색 보강 항목이다. 코드명만으로 결론을 내리지 않고 실제 문서상 진단 경위, 검사, 치료기간, 약관상 담보를 함께 확인해야 한다.","사고 직후 증상 발생 여부;사고 전 동일 부위 또는 동일 질환 치료력;검사상 급성 소견 여부;시간적 근접성","기존 치료력;반복 진료 이력;퇴행성 또는 만성 변화;건강검진 이상소견","최근 3개월 내 진료 여부;정밀검사 여부;입원/수술/장기투약 여부;의사가 중대한 질환으로 설명했는지 여부","영구장해 여부;객관적 기능 제한;장해 고정 시점;기왕장해 기여도","입원 필요성은 증상 정도, 검사결과, 치료 내용, 관찰 필요성으로 검토 필요","수술 여부, 수술 목적, 수술기록지상 주요 소견 확인 필요","진료기록지;처방전;진료비 세부내역서;검사결과지 또는 판독지;의사 소견서","E78.2;E78;고지혈증;대사 / 내분비 / 만성질환;고지의무 / 기왕증 / 합병증 인과관계 / 입원 필요성;수치가 높음;약 복용;혈액검사 이상;장기투약","medical_knowledge;terms_standards;fss_dispute_cases;legal_statutes;precedents;issue_playbooks","이 데이터는 의료 판단 확정용이 아니라 보험 실무상 쟁점 연결용 내부 보강 데이터다. 질병코드만으로 진단, 인과관계, 장해율, 고지의무 위반을 단정하지 말고 실제 진료내용, 검사결과, 치료기간, 약관을 확인해야 한다.","medical_issue_codes","internal_medical_issue_code","internal_review_required","needs_human_review"
"MIC224","E03.3","갑상선기능저하증 관련 보험쟁점 4","E03","대사 / 내분비 / 만성질환","고지의무 / 기왕증 / 합병증 인과관계 / 입원 필요성","실손의료비;입원비;진단비;수술비","수치가 높음;약 복용;정기검사;만성질환;합병증","혈액검사 이상;장기투약;정기 추적;합병증;만성질환","혈액검사;소변검사;초음파;기능검사;추적검사","투약 기간;검사 수치 추이;합병증 발생 여부;가입 전 치료력;장기 추적 여부","갑상선기능저하증 관련 보험쟁점 4은(는) 고지의무 / 기왕증 / 합병증 인과관계 / 입원 필요성와 연결될 수 있는 내부 검색 보강 항목이다. 코드명만으로 결론을 내리지 않고 실제 문서상 진단 경위, 검사, 치료기간, 약관상 담보를 함께 확인해야 한다.","사고 직후 증상 발생 여부;사고 전 동일 부위 또는 동일 질환 치료력;검사상 급성 소견 여부;시간적 근접성","기존 치료력;반복 진료 이력;퇴행성 또는 만성 변화;건강검진 이상소견","최근 3개월 내 진료 여부;정밀검사 여부;입원/수술/장기투약 여부;의사가 중대한 질환으로 설명했는지 여부","영구장해 여부;객관적 기능 제한;장해 고정 시점;기왕장해 기여도","입원 필요성은 증상 정도, 검사결과, 치료 내용, 관찰 필요성으로 검토 필요","수술 여부, 수술 목적, 수술기록지상 주요 소견 확인 필요","진료기록지;처방전;진료비 세부내역서;검사결과지 또는 판독지;의사 소견서","E03.3;E03;갑상선기능저하증;대사 / 내분비 / 만성질환;고지의무 / 기왕증 / 합병증 인과관계 / 입원 필요성;수치가 높음;약 복용;혈액검사 이상;장기투약","medical_knowledge;terms_standards;fss_dispute_cases;legal_statutes;precedents;issue_playbooks","이 데이터는 의료 판단 확정용이 아니라 보험 실무상 쟁점 연결용 내부 보강 데이터다. 질병코드만으로 진단, 인과관계, 장해율, 고지의무 위반을 단정하지 말고 실제 진료내용, 검사결과, 치료기간, 약관을 확인해야 한다.","medical_issue_codes","internal_medical_issue_code","internal_review_required","needs_human_review"
"MIC225","E05.4","갑상선기능항진증 관련 보험쟁점 5","E05","대사 / 내분비 / 만성질환","고지의무 / 기왕증 / 합병증 인과관계 / 입원 필요성","실손의료비;입원비;진단비;수술비","수치가 높음;약 복용;정기검사;만성질환;합병증","혈액검사 이상;장기투약;정기 추적;합병증;만성질환","혈액검사;소변검사;초음파;기능검사;추적검사","투약 기간;검사 수치 추이;합병증 발생 여부;가입 전 치료력;장기 추적 여부","갑상선기능항진증 관련 보험쟁점 5은(는) 고지의무 / 기왕증 / 합병증 인과관계 / 입원 필요성와 연결될 수 있는 내부 검색 보강 항목이다. 코드명만으로 결론을 내리지 않고 실제 문서상 진단 경위, 검사, 치료기간, 약관상 담보를 함께 확인해야 한다.","사고 직후 증상 발생 여부;사고 전 동일 부위 또는 동일 질환 치료력;검사상 급성 소견 여부;시간적 근접성","기존 치료력;반복 진료 이력;퇴행성 또는 만성 변화;건강검진 이상소견","최근 3개월 내 진료 여부;정밀검사 여부;입원/수술/장기투약 여부;의사가 중대한 질환으로 설명했는지 여부","영구장해 여부;객관적 기능 제한;장해 고정 시점;기왕장해 기여도","입원 필요성은 증상 정도, 검사결과, 치료 내용, 관찰 필요성으로 검토 필요","수술 여부, 수술 목적, 수술기록지상 주요 소견 확인 필요","진료기록지;처방전;진료비 세부내역서;검사결과지 또는 판독지;의사 소견서","E05.4;E05;갑상선기능항진증;대사 / 내분비 / 만성질환;고지의무 / 기왕증 / 합병증 인과관계 / 입원 필요성;수치가 높음;약 복용;혈액검사 이상;장기투약","medical_knowledge;terms_standards;fss_dispute_cases;legal_statutes;precedents;issue_playbooks","이 데이터는 의료 판단 확정용이 아니라 보험 실무상 쟁점 연결용 내부 보강 데이터다. 질병코드만으로 진단, 인과관계, 장해율, 고지의무 위반을 단정하지 말고 실제 진료내용, 검사결과, 치료기간, 약관을 확인해야 한다.","medical_issue_codes","internal_medical_issue_code","internal_review_required","needs_human_review"
"MIC226","N18.5","만성신장병 관련 보험쟁점 6","N18","대사 / 내분비 / 만성질환","고지의무 / 기왕증 / 합병증 인과관계 / 입원 필요성","실손의료비;입원비;진단비;수술비","수치가 높음;약 복용;정기검사;만성질환;합병증","혈액검사 이상;장기투약;정기 추적;합병증;만성질환","혈액검사;소변검사;초음파;기능검사;추적검사","투약 기간;검사 수치 추이;합병증 발생 여부;가입 전 치료력;장기 추적 여부","만성신장병 관련 보험쟁점 6은(는) 고지의무 / 기왕증 / 합병증 인과관계 / 입원 필요성와 연결될 수 있는 내부 검색 보강 항목이다. 코드명만으로 결론을 내리지 않고 실제 문서상 진단 경위, 검사, 치료기간, 약관상 담보를 함께 확인해야 한다.","사고 직후 증상 발생 여부;사고 전 동일 부위 또는 동일 질환 치료력;검사상 급성 소견 여부;시간적 근접성","기존 치료력;반복 진료 이력;퇴행성 또는 만성 변화;건강검진 이상소견","최근 3개월 내 진료 여부;정밀검사 여부;입원/수술/장기투약 여부;의사가 중대한 질환으로 설명했는지 여부","영구장해 여부;객관적 기능 제한;장해 고정 시점;기왕장해 기여도","입원 필요성은 증상 정도, 검사결과, 치료 내용, 관찰 필요성으로 검토 필요","수술 여부, 수술 목적, 수술기록지상 주요 소견 확인 필요","진료기록지;처방전;진료비 세부내역서;검사결과지 또는 판독지;의사 소견서","N18.5;N18;만성신장병;대사 / 내분비 / 만성질환;고지의무 / 기왕증 / 합병증 인과관계 / 입원 필요성;수치가 높음;약 복용;혈액검사 이상;장기투약","medical_knowledge;terms_standards;fss_dispute_cases;legal_statutes;precedents;issue_playbooks","이 데이터는 의료 판단 확정용이 아니라 보험 실무상 쟁점 연결용 내부 보강 데이터다. 질병코드만으로 진단, 인과관계, 장해율, 고지의무 위반을 단정하지 말고 실제 진료내용, 검사결과, 치료기간, 약관을 확인해야 한다.","medical_issue_codes","internal_medical_issue_code","internal_review_required","needs_human_review"
"MIC227","K76.6","지방간 관련 보험쟁점 7","K76","대사 / 내분비 / 만성질환","고지의무 / 기왕증 / 합병증 인과관계 / 입원 필요성","실손의료비;입원비;진단비;수술비","수치가 높음;약 복용;정기검사;만성질환;합병증","혈액검사 이상;장기투약;정기 추적;합병증;만성질환","혈액검사;소변검사;초음파;기능검사;추적검사","투약 기간;검사 수치 추이;합병증 발생 여부;가입 전 치료력;장기 추적 여부","지방간 관련 보험쟁점 7은(는) 고지의무 / 기왕증 / 합병증 인과관계 / 입원 필요성와 연결될 수 있는 내부 검색 보강 항목이다. 코드명만으로 결론을 내리지 않고 실제 문서상 진단 경위, 검사, 치료기간, 약관상 담보를 함께 확인해야 한다.","사고 직후 증상 발생 여부;사고 전 동일 부위 또는 동일 질환 치료력;검사상 급성 소견 여부;시간적 근접성","기존 치료력;반복 진료 이력;퇴행성 또는 만성 변화;건강검진 이상소견","최근 3개월 내 진료 여부;정밀검사 여부;입원/수술/장기투약 여부;의사가 중대한 질환으로 설명했는지 여부","영구장해 여부;객관적 기능 제한;장해 고정 시점;기왕장해 기여도","입원 필요성은 증상 정도, 검사결과, 치료 내용, 관찰 필요성으로 검토 필요","수술 여부, 수술 목적, 수술기록지상 주요 소견 확인 필요","진료기록지;처방전;진료비 세부내역서;검사결과지 또는 판독지;의사 소견서","K76.6;K76;지방간;대사 / 내분비 / 만성질환;고지의무 / 기왕증 / 합병증 인과관계 / 입원 필요성;수치가 높음;약 복용;혈액검사 이상;장기투약","medical_knowledge;terms_standards;fss_dispute_cases;legal_statutes;precedents;issue_playbooks","이 데이터는 의료 판단 확정용이 아니라 보험 실무상 쟁점 연결용 내부 보강 데이터다. 질병코드만으로 진단, 인과관계, 장해율, 고지의무 위반을 단정하지 말고 실제 진료내용, 검사결과, 치료기간, 약관을 확인해야 한다.","medical_issue_codes","internal_medical_issue_code","internal_review_required","needs_human_review"
"MIC228","K74.7","간경변 관련 보험쟁점 8","K74","대사 / 내분비 / 만성질환","고지의무 / 기왕증 / 합병증 인과관계 / 입원 필요성","실손의료비;입원비;진단비;수술비","수치가 높음;약 복용;정기검사;만성질환;합병증","혈액검사 이상;장기투약;정기 추적;합병증;만성질환","혈액검사;소변검사;초음파;기능검사;추적검사","투약 기간;검사 수치 추이;합병증 발생 여부;가입 전 치료력;장기 추적 여부","간경변 관련 보험쟁점 8은(는) 고지의무 / 기왕증 / 합병증 인과관계 / 입원 필요성와 연결될 수 있는 내부 검색 보강 항목이다. 코드명만으로 결론을 내리지 않고 실제 문서상 진단 경위, 검사, 치료기간, 약관상 담보를 함께 확인해야 한다.","사고 직후 증상 발생 여부;사고 전 동일 부위 또는 동일 질환 치료력;검사상 급성 소견 여부;시간적 근접성","기존 치료력;반복 진료 이력;퇴행성 또는 만성 변화;건강검진 이상소견","최근 3개월 내 진료 여부;정밀검사 여부;입원/수술/장기투약 여부;의사가 중대한 질환으로 설명했는지 여부","영구장해 여부;객관적 기능 제한;장해 고정 시점;기왕장해 기여도","입원 필요성은 증상 정도, 검사결과, 치료 내용, 관찰 필요성으로 검토 필요","수술 여부, 수술 목적, 수술기록지상 주요 소견 확인 필요","진료기록지;처방전;진료비 세부내역서;검사결과지 또는 판독지;의사 소견서","K74.7;K74;간경변;대사 / 내분비 / 만성질환;고지의무 / 기왕증 / 합병증 인과관계 / 입원 필요성;수치가 높음;약 복용;혈액검사 이상;장기투약","medical_knowledge;terms_standards;fss_dispute_cases;legal_statutes;precedents;issue_playbooks","이 데이터는 의료 판단 확정용이 아니라 보험 실무상 쟁점 연결용 내부 보강 데이터다. 질병코드만으로 진단, 인과관계, 장해율, 고지의무 위반을 단정하지 말고 실제 진료내용, 검사결과, 치료기간, 약관을 확인해야 한다.","medical_issue_codes","internal_medical_issue_code","internal_review_required","needs_human_review"
"MIC229","M10.8","통풍 관련 보험쟁점 9","M10","대사 / 내분비 / 만성질환","고지의무 / 기왕증 / 합병증 인과관계 / 입원 필요성","실손의료비;입원비;진단비;수술비","수치가 높음;약 복용;정기검사;만성질환;합병증","혈액검사 이상;장기투약;정기 추적;합병증;만성질환","혈액검사;소변검사;초음파;기능검사;추적검사","투약 기간;검사 수치 추이;합병증 발생 여부;가입 전 치료력;장기 추적 여부","통풍 관련 보험쟁점 9은(는) 고지의무 / 기왕증 / 합병증 인과관계 / 입원 필요성와 연결될 수 있는 내부 검색 보강 항목이다. 코드명만으로 결론을 내리지 않고 실제 문서상 진단 경위, 검사, 치료기간, 약관상 담보를 함께 확인해야 한다.","사고 직후 증상 발생 여부;사고 전 동일 부위 또는 동일 질환 치료력;검사상 급성 소견 여부;시간적 근접성","기존 치료력;반복 진료 이력;퇴행성 또는 만성 변화;건강검진 이상소견","최근 3개월 내 진료 여부;정밀검사 여부;입원/수술/장기투약 여부;의사가 중대한 질환으로 설명했는지 여부","영구장해 여부;객관적 기능 제한;장해 고정 시점;기왕장해 기여도","입원 필요성은 증상 정도, 검사결과, 치료 내용, 관찰 필요성으로 검토 필요","수술 여부, 수술 목적, 수술기록지상 주요 소견 확인 필요","진료기록지;처방전;진료비 세부내역서;검사결과지 또는 판독지;의사 소견서","M10.8;M10;통풍;대사 / 내분비 / 만성질환;고지의무 / 기왕증 / 합병증 인과관계 / 입원 필요성;수치가 높음;약 복용;혈액검사 이상;장기투약","medical_knowledge;terms_standards;fss_dispute_cases;legal_statutes;precedents;issue_playbooks","이 데이터는 의료 판단 확정용이 아니라 보험 실무상 쟁점 연결용 내부 보강 데이터다. 질병코드만으로 진단, 인과관계, 장해율, 고지의무 위반을 단정하지 말고 실제 진료내용, 검사결과, 치료기간, 약관을 확인해야 한다.","medical_issue_codes","internal_medical_issue_code","internal_review_required","needs_human_review"
"MIC230","M06.9","류마티스관절염 관련 보험쟁점 10","M06","대사 / 내분비 / 만성질환","고지의무 / 기왕증 / 합병증 인과관계 / 입원 필요성","실손의료비;입원비;진단비;수술비","수치가 높음;약 복용;정기검사;만성질환;합병증","혈액검사 이상;장기투약;정기 추적;합병증;만성질환","혈액검사;소변검사;초음파;기능검사;추적검사","투약 기간;검사 수치 추이;합병증 발생 여부;가입 전 치료력;장기 추적 여부","류마티스관절염 관련 보험쟁점 10은(는) 고지의무 / 기왕증 / 합병증 인과관계 / 입원 필요성와 연결될 수 있는 내부 검색 보강 항목이다. 코드명만으로 결론을 내리지 않고 실제 문서상 진단 경위, 검사, 치료기간, 약관상 담보를 함께 확인해야 한다.","사고 직후 증상 발생 여부;사고 전 동일 부위 또는 동일 질환 치료력;검사상 급성 소견 여부;시간적 근접성","기존 치료력;반복 진료 이력;퇴행성 또는 만성 변화;건강검진 이상소견","최근 3개월 내 진료 여부;정밀검사 여부;입원/수술/장기투약 여부;의사가 중대한 질환으로 설명했는지 여부","영구장해 여부;객관적 기능 제한;장해 고정 시점;기왕장해 기여도","입원 필요성은 증상 정도, 검사결과, 치료 내용, 관찰 필요성으로 검토 필요","수술 여부, 수술 목적, 수술기록지상 주요 소견 확인 필요","진료기록지;처방전;진료비 세부내역서;검사결과지 또는 판독지;의사 소견서","M06.9;M06;류마티스관절염;대사 / 내분비 / 만성질환;고지의무 / 기왕증 / 합병증 인과관계 / 입원 필요성;수치가 높음;약 복용;혈액검사 이상;장기투약","medical_knowledge;terms_standards;fss_dispute_cases;legal_statutes;precedents;issue_playbooks","이 데이터는 의료 판단 확정용이 아니라 보험 실무상 쟁점 연결용 내부 보강 데이터다. 질병코드만으로 진단, 인과관계, 장해율, 고지의무 위반을 단정하지 말고 실제 진료내용, 검사결과, 치료기간, 약관을 확인해야 한다.","medical_issue_codes","internal_medical_issue_code","internal_review_required","needs_human_review"
"MIC231","E11.0:MIC231","당뇨병 관련 보험쟁점 11","E11","대사 / 내분비 / 만성질환","고지의무 / 기왕증 / 합병증 인과관계 / 입원 필요성","실손의료비;입원비;진단비;수술비","수치가 높음;약 복용;정기검사;만성질환;합병증","혈액검사 이상;장기투약;정기 추적;합병증;만성질환","혈액검사;소변검사;초음파;기능검사;추적검사","투약 기간;검사 수치 추이;합병증 발생 여부;가입 전 치료력;장기 추적 여부","당뇨병 관련 보험쟁점 11은(는) 고지의무 / 기왕증 / 합병증 인과관계 / 입원 필요성와 연결될 수 있는 내부 검색 보강 항목이다. 코드명만으로 결론을 내리지 않고 실제 문서상 진단 경위, 검사, 치료기간, 약관상 담보를 함께 확인해야 한다.","사고 직후 증상 발생 여부;사고 전 동일 부위 또는 동일 질환 치료력;검사상 급성 소견 여부;시간적 근접성","기존 치료력;반복 진료 이력;퇴행성 또는 만성 변화;건강검진 이상소견","최근 3개월 내 진료 여부;정밀검사 여부;입원/수술/장기투약 여부;의사가 중대한 질환으로 설명했는지 여부","영구장해 여부;객관적 기능 제한;장해 고정 시점;기왕장해 기여도","입원 필요성은 증상 정도, 검사결과, 치료 내용, 관찰 필요성으로 검토 필요","수술 여부, 수술 목적, 수술기록지상 주요 소견 확인 필요","진료기록지;처방전;진료비 세부내역서;검사결과지 또는 판독지;의사 소견서","E11.0:MIC231;E11;당뇨병;대사 / 내분비 / 만성질환;고지의무 / 기왕증 / 합병증 인과관계 / 입원 필요성;수치가 높음;약 복용;혈액검사 이상;장기투약","medical_knowledge;terms_standards;fss_dispute_cases;legal_statutes;precedents;issue_playbooks","이 데이터는 의료 판단 확정용이 아니라 보험 실무상 쟁점 연결용 내부 보강 데이터다. 질병코드만으로 진단, 인과관계, 장해율, 고지의무 위반을 단정하지 말고 실제 진료내용, 검사결과, 치료기간, 약관을 확인해야 한다.","medical_issue_codes","internal_medical_issue_code","internal_review_required","needs_human_review"
"MIC232","E10.1:MIC232","1형 당뇨병 관련 보험쟁점 12","E10","대사 / 내분비 / 만성질환","고지의무 / 기왕증 / 합병증 인과관계 / 입원 필요성","실손의료비;입원비;진단비;수술비","수치가 높음;약 복용;정기검사;만성질환;합병증","혈액검사 이상;장기투약;정기 추적;합병증;만성질환","혈액검사;소변검사;초음파;기능검사;추적검사","투약 기간;검사 수치 추이;합병증 발생 여부;가입 전 치료력;장기 추적 여부","1형 당뇨병 관련 보험쟁점 12은(는) 고지의무 / 기왕증 / 합병증 인과관계 / 입원 필요성와 연결될 수 있는 내부 검색 보강 항목이다. 코드명만으로 결론을 내리지 않고 실제 문서상 진단 경위, 검사, 치료기간, 약관상 담보를 함께 확인해야 한다.","사고 직후 증상 발생 여부;사고 전 동일 부위 또는 동일 질환 치료력;검사상 급성 소견 여부;시간적 근접성","기존 치료력;반복 진료 이력;퇴행성 또는 만성 변화;건강검진 이상소견","최근 3개월 내 진료 여부;정밀검사 여부;입원/수술/장기투약 여부;의사가 중대한 질환으로 설명했는지 여부","영구장해 여부;객관적 기능 제한;장해 고정 시점;기왕장해 기여도","입원 필요성은 증상 정도, 검사결과, 치료 내용, 관찰 필요성으로 검토 필요","수술 여부, 수술 목적, 수술기록지상 주요 소견 확인 필요","진료기록지;처방전;진료비 세부내역서;검사결과지 또는 판독지;의사 소견서","E10.1:MIC232;E10;1형 당뇨병;대사 / 내분비 / 만성질환;고지의무 / 기왕증 / 합병증 인과관계 / 입원 필요성;수치가 높음;약 복용;혈액검사 이상;장기투약","medical_knowledge;terms_standards;fss_dispute_cases;legal_statutes;precedents;issue_playbooks","이 데이터는 의료 판단 확정용이 아니라 보험 실무상 쟁점 연결용 내부 보강 데이터다. 질병코드만으로 진단, 인과관계, 장해율, 고지의무 위반을 단정하지 말고 실제 진료내용, 검사결과, 치료기간, 약관을 확인해야 한다.","medical_issue_codes","internal_medical_issue_code","internal_review_required","needs_human_review"
"MIC233","E78.2:MIC233","고지혈증 관련 보험쟁점 13","E78","대사 / 내분비 / 만성질환","고지의무 / 기왕증 / 합병증 인과관계 / 입원 필요성","실손의료비;입원비;진단비;수술비","수치가 높음;약 복용;정기검사;만성질환;합병증","혈액검사 이상;장기투약;정기 추적;합병증;만성질환","혈액검사;소변검사;초음파;기능검사;추적검사","투약 기간;검사 수치 추이;합병증 발생 여부;가입 전 치료력;장기 추적 여부","고지혈증 관련 보험쟁점 13은(는) 고지의무 / 기왕증 / 합병증 인과관계 / 입원 필요성와 연결될 수 있는 내부 검색 보강 항목이다. 코드명만으로 결론을 내리지 않고 실제 문서상 진단 경위, 검사, 치료기간, 약관상 담보를 함께 확인해야 한다.","사고 직후 증상 발생 여부;사고 전 동일 부위 또는 동일 질환 치료력;검사상 급성 소견 여부;시간적 근접성","기존 치료력;반복 진료 이력;퇴행성 또는 만성 변화;건강검진 이상소견","최근 3개월 내 진료 여부;정밀검사 여부;입원/수술/장기투약 여부;의사가 중대한 질환으로 설명했는지 여부","영구장해 여부;객관적 기능 제한;장해 고정 시점;기왕장해 기여도","입원 필요성은 증상 정도, 검사결과, 치료 내용, 관찰 필요성으로 검토 필요","수술 여부, 수술 목적, 수술기록지상 주요 소견 확인 필요","진료기록지;처방전;진료비 세부내역서;검사결과지 또는 판독지;의사 소견서","E78.2:MIC233;E78;고지혈증;대사 / 내분비 / 만성질환;고지의무 / 기왕증 / 합병증 인과관계 / 입원 필요성;수치가 높음;약 복용;혈액검사 이상;장기투약","medical_knowledge;terms_standards;fss_dispute_cases;legal_statutes;precedents;issue_playbooks","이 데이터는 의료 판단 확정용이 아니라 보험 실무상 쟁점 연결용 내부 보강 데이터다. 질병코드만으로 진단, 인과관계, 장해율, 고지의무 위반을 단정하지 말고 실제 진료내용, 검사결과, 치료기간, 약관을 확인해야 한다.","medical_issue_codes","internal_medical_issue_code","internal_review_required","needs_human_review"
"MIC234","E03.3:MIC234","갑상선기능저하증 관련 보험쟁점 14","E03","대사 / 내분비 / 만성질환","고지의무 / 기왕증 / 합병증 인과관계 / 입원 필요성","실손의료비;입원비;진단비;수술비","수치가 높음;약 복용;정기검사;만성질환;합병증","혈액검사 이상;장기투약;정기 추적;합병증;만성질환","혈액검사;소변검사;초음파;기능검사;추적검사","투약 기간;검사 수치 추이;합병증 발생 여부;가입 전 치료력;장기 추적 여부","갑상선기능저하증 관련 보험쟁점 14은(는) 고지의무 / 기왕증 / 합병증 인과관계 / 입원 필요성와 연결될 수 있는 내부 검색 보강 항목이다. 코드명만으로 결론을 내리지 않고 실제 문서상 진단 경위, 검사, 치료기간, 약관상 담보를 함께 확인해야 한다.","사고 직후 증상 발생 여부;사고 전 동일 부위 또는 동일 질환 치료력;검사상 급성 소견 여부;시간적 근접성","기존 치료력;반복 진료 이력;퇴행성 또는 만성 변화;건강검진 이상소견","최근 3개월 내 진료 여부;정밀검사 여부;입원/수술/장기투약 여부;의사가 중대한 질환으로 설명했는지 여부","영구장해 여부;객관적 기능 제한;장해 고정 시점;기왕장해 기여도","입원 필요성은 증상 정도, 검사결과, 치료 내용, 관찰 필요성으로 검토 필요","수술 여부, 수술 목적, 수술기록지상 주요 소견 확인 필요","진료기록지;처방전;진료비 세부내역서;검사결과지 또는 판독지;의사 소견서","E03.3:MIC234;E03;갑상선기능저하증;대사 / 내분비 / 만성질환;고지의무 / 기왕증 / 합병증 인과관계 / 입원 필요성;수치가 높음;약 복용;혈액검사 이상;장기투약","medical_knowledge;terms_standards;fss_dispute_cases;legal_statutes;precedents;issue_playbooks","이 데이터는 의료 판단 확정용이 아니라 보험 실무상 쟁점 연결용 내부 보강 데이터다. 질병코드만으로 진단, 인과관계, 장해율, 고지의무 위반을 단정하지 말고 실제 진료내용, 검사결과, 치료기간, 약관을 확인해야 한다.","medical_issue_codes","internal_medical_issue_code","internal_review_required","needs_human_review"
"MIC235","E05.4:MIC235","갑상선기능항진증 관련 보험쟁점 15","E05","대사 / 내분비 / 만성질환","고지의무 / 기왕증 / 합병증 인과관계 / 입원 필요성","실손의료비;입원비;진단비;수술비","수치가 높음;약 복용;정기검사;만성질환;합병증","혈액검사 이상;장기투약;정기 추적;합병증;만성질환","혈액검사;소변검사;초음파;기능검사;추적검사","투약 기간;검사 수치 추이;합병증 발생 여부;가입 전 치료력;장기 추적 여부","갑상선기능항진증 관련 보험쟁점 15은(는) 고지의무 / 기왕증 / 합병증 인과관계 / 입원 필요성와 연결될 수 있는 내부 검색 보강 항목이다. 코드명만으로 결론을 내리지 않고 실제 문서상 진단 경위, 검사, 치료기간, 약관상 담보를 함께 확인해야 한다.","사고 직후 증상 발생 여부;사고 전 동일 부위 또는 동일 질환 치료력;검사상 급성 소견 여부;시간적 근접성","기존 치료력;반복 진료 이력;퇴행성 또는 만성 변화;건강검진 이상소견","최근 3개월 내 진료 여부;정밀검사 여부;입원/수술/장기투약 여부;의사가 중대한 질환으로 설명했는지 여부","영구장해 여부;객관적 기능 제한;장해 고정 시점;기왕장해 기여도","입원 필요성은 증상 정도, 검사결과, 치료 내용, 관찰 필요성으로 검토 필요","수술 여부, 수술 목적, 수술기록지상 주요 소견 확인 필요","진료기록지;처방전;진료비 세부내역서;검사결과지 또는 판독지;의사 소견서","E05.4:MIC235;E05;갑상선기능항진증;대사 / 내분비 / 만성질환;고지의무 / 기왕증 / 합병증 인과관계 / 입원 필요성;수치가 높음;약 복용;혈액검사 이상;장기투약","medical_knowledge;terms_standards;fss_dispute_cases;legal_statutes;precedents;issue_playbooks","이 데이터는 의료 판단 확정용이 아니라 보험 실무상 쟁점 연결용 내부 보강 데이터다. 질병코드만으로 진단, 인과관계, 장해율, 고지의무 위반을 단정하지 말고 실제 진료내용, 검사결과, 치료기간, 약관을 확인해야 한다.","medical_issue_codes","internal_medical_issue_code","internal_review_required","needs_human_review"
"MIC236","N18.5:MIC236","만성신장병 관련 보험쟁점 16","N18","대사 / 내분비 / 만성질환","고지의무 / 기왕증 / 합병증 인과관계 / 입원 필요성","실손의료비;입원비;진단비;수술비","수치가 높음;약 복용;정기검사;만성질환;합병증","혈액검사 이상;장기투약;정기 추적;합병증;만성질환","혈액검사;소변검사;초음파;기능검사;추적검사","투약 기간;검사 수치 추이;합병증 발생 여부;가입 전 치료력;장기 추적 여부","만성신장병 관련 보험쟁점 16은(는) 고지의무 / 기왕증 / 합병증 인과관계 / 입원 필요성와 연결될 수 있는 내부 검색 보강 항목이다. 코드명만으로 결론을 내리지 않고 실제 문서상 진단 경위, 검사, 치료기간, 약관상 담보를 함께 확인해야 한다.","사고 직후 증상 발생 여부;사고 전 동일 부위 또는 동일 질환 치료력;검사상 급성 소견 여부;시간적 근접성","기존 치료력;반복 진료 이력;퇴행성 또는 만성 변화;건강검진 이상소견","최근 3개월 내 진료 여부;정밀검사 여부;입원/수술/장기투약 여부;의사가 중대한 질환으로 설명했는지 여부","영구장해 여부;객관적 기능 제한;장해 고정 시점;기왕장해 기여도","입원 필요성은 증상 정도, 검사결과, 치료 내용, 관찰 필요성으로 검토 필요","수술 여부, 수술 목적, 수술기록지상 주요 소견 확인 필요","진료기록지;처방전;진료비 세부내역서;검사결과지 또는 판독지;의사 소견서","N18.5:MIC236;N18;만성신장병;대사 / 내분비 / 만성질환;고지의무 / 기왕증 / 합병증 인과관계 / 입원 필요성;수치가 높음;약 복용;혈액검사 이상;장기투약","medical_knowledge;terms_standards;fss_dispute_cases;legal_statutes;precedents;issue_playbooks","이 데이터는 의료 판단 확정용이 아니라 보험 실무상 쟁점 연결용 내부 보강 데이터다. 질병코드만으로 진단, 인과관계, 장해율, 고지의무 위반을 단정하지 말고 실제 진료내용, 검사결과, 치료기간, 약관을 확인해야 한다.","medical_issue_codes","internal_medical_issue_code","internal_review_required","needs_human_review"
"MIC237","K76.6:MIC237","지방간 관련 보험쟁점 17","K76","대사 / 내분비 / 만성질환","고지의무 / 기왕증 / 합병증 인과관계 / 입원 필요성","실손의료비;입원비;진단비;수술비","수치가 높음;약 복용;정기검사;만성질환;합병증","혈액검사 이상;장기투약;정기 추적;합병증;만성질환","혈액검사;소변검사;초음파;기능검사;추적검사","투약 기간;검사 수치 추이;합병증 발생 여부;가입 전 치료력;장기 추적 여부","지방간 관련 보험쟁점 17은(는) 고지의무 / 기왕증 / 합병증 인과관계 / 입원 필요성와 연결될 수 있는 내부 검색 보강 항목이다. 코드명만으로 결론을 내리지 않고 실제 문서상 진단 경위, 검사, 치료기간, 약관상 담보를 함께 확인해야 한다.","사고 직후 증상 발생 여부;사고 전 동일 부위 또는 동일 질환 치료력;검사상 급성 소견 여부;시간적 근접성","기존 치료력;반복 진료 이력;퇴행성 또는 만성 변화;건강검진 이상소견","최근 3개월 내 진료 여부;정밀검사 여부;입원/수술/장기투약 여부;의사가 중대한 질환으로 설명했는지 여부","영구장해 여부;객관적 기능 제한;장해 고정 시점;기왕장해 기여도","입원 필요성은 증상 정도, 검사결과, 치료 내용, 관찰 필요성으로 검토 필요","수술 여부, 수술 목적, 수술기록지상 주요 소견 확인 필요","진료기록지;처방전;진료비 세부내역서;검사결과지 또는 판독지;의사 소견서","K76.6:MIC237;K76;지방간;대사 / 내분비 / 만성질환;고지의무 / 기왕증 / 합병증 인과관계 / 입원 필요성;수치가 높음;약 복용;혈액검사 이상;장기투약","medical_knowledge;terms_standards;fss_dispute_cases;legal_statutes;precedents;issue_playbooks","이 데이터는 의료 판단 확정용이 아니라 보험 실무상 쟁점 연결용 내부 보강 데이터다. 질병코드만으로 진단, 인과관계, 장해율, 고지의무 위반을 단정하지 말고 실제 진료내용, 검사결과, 치료기간, 약관을 확인해야 한다.","medical_issue_codes","internal_medical_issue_code","internal_review_required","needs_human_review"
"MIC238","K74.7:MIC238","간경변 관련 보험쟁점 18","K74","대사 / 내분비 / 만성질환","고지의무 / 기왕증 / 합병증 인과관계 / 입원 필요성","실손의료비;입원비;진단비;수술비","수치가 높음;약 복용;정기검사;만성질환;합병증","혈액검사 이상;장기투약;정기 추적;합병증;만성질환","혈액검사;소변검사;초음파;기능검사;추적검사","투약 기간;검사 수치 추이;합병증 발생 여부;가입 전 치료력;장기 추적 여부","간경변 관련 보험쟁점 18은(는) 고지의무 / 기왕증 / 합병증 인과관계 / 입원 필요성와 연결될 수 있는 내부 검색 보강 항목이다. 코드명만으로 결론을 내리지 않고 실제 문서상 진단 경위, 검사, 치료기간, 약관상 담보를 함께 확인해야 한다.","사고 직후 증상 발생 여부;사고 전 동일 부위 또는 동일 질환 치료력;검사상 급성 소견 여부;시간적 근접성","기존 치료력;반복 진료 이력;퇴행성 또는 만성 변화;건강검진 이상소견","최근 3개월 내 진료 여부;정밀검사 여부;입원/수술/장기투약 여부;의사가 중대한 질환으로 설명했는지 여부","영구장해 여부;객관적 기능 제한;장해 고정 시점;기왕장해 기여도","입원 필요성은 증상 정도, 검사결과, 치료 내용, 관찰 필요성으로 검토 필요","수술 여부, 수술 목적, 수술기록지상 주요 소견 확인 필요","진료기록지;처방전;진료비 세부내역서;검사결과지 또는 판독지;의사 소견서","K74.7:MIC238;K74;간경변;대사 / 내분비 / 만성질환;고지의무 / 기왕증 / 합병증 인과관계 / 입원 필요성;수치가 높음;약 복용;혈액검사 이상;장기투약","medical_knowledge;terms_standards;fss_dispute_cases;legal_statutes;precedents;issue_playbooks","이 데이터는 의료 판단 확정용이 아니라 보험 실무상 쟁점 연결용 내부 보강 데이터다. 질병코드만으로 진단, 인과관계, 장해율, 고지의무 위반을 단정하지 말고 실제 진료내용, 검사결과, 치료기간, 약관을 확인해야 한다.","medical_issue_codes","internal_medical_issue_code","internal_review_required","needs_human_review"
"MIC239","M10.8:MIC239","통풍 관련 보험쟁점 19","M10","대사 / 내분비 / 만성질환","고지의무 / 기왕증 / 합병증 인과관계 / 입원 필요성","실손의료비;입원비;진단비;수술비","수치가 높음;약 복용;정기검사;만성질환;합병증","혈액검사 이상;장기투약;정기 추적;합병증;만성질환","혈액검사;소변검사;초음파;기능검사;추적검사","투약 기간;검사 수치 추이;합병증 발생 여부;가입 전 치료력;장기 추적 여부","통풍 관련 보험쟁점 19은(는) 고지의무 / 기왕증 / 합병증 인과관계 / 입원 필요성와 연결될 수 있는 내부 검색 보강 항목이다. 코드명만으로 결론을 내리지 않고 실제 문서상 진단 경위, 검사, 치료기간, 약관상 담보를 함께 확인해야 한다.","사고 직후 증상 발생 여부;사고 전 동일 부위 또는 동일 질환 치료력;검사상 급성 소견 여부;시간적 근접성","기존 치료력;반복 진료 이력;퇴행성 또는 만성 변화;건강검진 이상소견","최근 3개월 내 진료 여부;정밀검사 여부;입원/수술/장기투약 여부;의사가 중대한 질환으로 설명했는지 여부","영구장해 여부;객관적 기능 제한;장해 고정 시점;기왕장해 기여도","입원 필요성은 증상 정도, 검사결과, 치료 내용, 관찰 필요성으로 검토 필요","수술 여부, 수술 목적, 수술기록지상 주요 소견 확인 필요","진료기록지;처방전;진료비 세부내역서;검사결과지 또는 판독지;의사 소견서","M10.8:MIC239;M10;통풍;대사 / 내분비 / 만성질환;고지의무 / 기왕증 / 합병증 인과관계 / 입원 필요성;수치가 높음;약 복용;혈액검사 이상;장기투약","medical_knowledge;terms_standards;fss_dispute_cases;legal_statutes;precedents;issue_playbooks","이 데이터는 의료 판단 확정용이 아니라 보험 실무상 쟁점 연결용 내부 보강 데이터다. 질병코드만으로 진단, 인과관계, 장해율, 고지의무 위반을 단정하지 말고 실제 진료내용, 검사결과, 치료기간, 약관을 확인해야 한다.","medical_issue_codes","internal_medical_issue_code","internal_review_required","needs_human_review"
"MIC240","M06.9:MIC240","류마티스관절염 관련 보험쟁점 20","M06","대사 / 내분비 / 만성질환","고지의무 / 기왕증 / 합병증 인과관계 / 입원 필요성","실손의료비;입원비;진단비;수술비","수치가 높음;약 복용;정기검사;만성질환;합병증","혈액검사 이상;장기투약;정기 추적;합병증;만성질환","혈액검사;소변검사;초음파;기능검사;추적검사","투약 기간;검사 수치 추이;합병증 발생 여부;가입 전 치료력;장기 추적 여부","류마티스관절염 관련 보험쟁점 20은(는) 고지의무 / 기왕증 / 합병증 인과관계 / 입원 필요성와 연결될 수 있는 내부 검색 보강 항목이다. 코드명만으로 결론을 내리지 않고 실제 문서상 진단 경위, 검사, 치료기간, 약관상 담보를 함께 확인해야 한다.","사고 직후 증상 발생 여부;사고 전 동일 부위 또는 동일 질환 치료력;검사상 급성 소견 여부;시간적 근접성","기존 치료력;반복 진료 이력;퇴행성 또는 만성 변화;건강검진 이상소견","최근 3개월 내 진료 여부;정밀검사 여부;입원/수술/장기투약 여부;의사가 중대한 질환으로 설명했는지 여부","영구장해 여부;객관적 기능 제한;장해 고정 시점;기왕장해 기여도","입원 필요성은 증상 정도, 검사결과, 치료 내용, 관찰 필요성으로 검토 필요","수술 여부, 수술 목적, 수술기록지상 주요 소견 확인 필요","진료기록지;처방전;진료비 세부내역서;검사결과지 또는 판독지;의사 소견서","M06.9:MIC240;M06;류마티스관절염;대사 / 내분비 / 만성질환;고지의무 / 기왕증 / 합병증 인과관계 / 입원 필요성;수치가 높음;약 복용;혈액검사 이상;장기투약","medical_knowledge;terms_standards;fss_dispute_cases;legal_statutes;precedents;issue_playbooks","이 데이터는 의료 판단 확정용이 아니라 보험 실무상 쟁점 연결용 내부 보강 데이터다. 질병코드만으로 진단, 인과관계, 장해율, 고지의무 위반을 단정하지 말고 실제 진료내용, 검사결과, 치료기간, 약관을 확인해야 한다.","medical_issue_codes","internal_medical_issue_code","internal_review_required","needs_human_review"
"MIC241","E11.0:MIC241","당뇨병 관련 보험쟁점 21","E11","대사 / 내분비 / 만성질환","고지의무 / 기왕증 / 합병증 인과관계 / 입원 필요성","실손의료비;입원비;진단비;수술비","수치가 높음;약 복용;정기검사;만성질환;합병증","혈액검사 이상;장기투약;정기 추적;합병증;만성질환","혈액검사;소변검사;초음파;기능검사;추적검사","투약 기간;검사 수치 추이;합병증 발생 여부;가입 전 치료력;장기 추적 여부","당뇨병 관련 보험쟁점 21은(는) 고지의무 / 기왕증 / 합병증 인과관계 / 입원 필요성와 연결될 수 있는 내부 검색 보강 항목이다. 코드명만으로 결론을 내리지 않고 실제 문서상 진단 경위, 검사, 치료기간, 약관상 담보를 함께 확인해야 한다.","사고 직후 증상 발생 여부;사고 전 동일 부위 또는 동일 질환 치료력;검사상 급성 소견 여부;시간적 근접성","기존 치료력;반복 진료 이력;퇴행성 또는 만성 변화;건강검진 이상소견","최근 3개월 내 진료 여부;정밀검사 여부;입원/수술/장기투약 여부;의사가 중대한 질환으로 설명했는지 여부","영구장해 여부;객관적 기능 제한;장해 고정 시점;기왕장해 기여도","입원 필요성은 증상 정도, 검사결과, 치료 내용, 관찰 필요성으로 검토 필요","수술 여부, 수술 목적, 수술기록지상 주요 소견 확인 필요","진료기록지;처방전;진료비 세부내역서;검사결과지 또는 판독지;의사 소견서","E11.0:MIC241;E11;당뇨병;대사 / 내분비 / 만성질환;고지의무 / 기왕증 / 합병증 인과관계 / 입원 필요성;수치가 높음;약 복용;혈액검사 이상;장기투약","medical_knowledge;terms_standards;fss_dispute_cases;legal_statutes;precedents;issue_playbooks","이 데이터는 의료 판단 확정용이 아니라 보험 실무상 쟁점 연결용 내부 보강 데이터다. 질병코드만으로 진단, 인과관계, 장해율, 고지의무 위반을 단정하지 말고 실제 진료내용, 검사결과, 치료기간, 약관을 확인해야 한다.","medical_issue_codes","internal_medical_issue_code","internal_review_required","needs_human_review"
"MIC242","E10.1:MIC242","1형 당뇨병 관련 보험쟁점 22","E10","대사 / 내분비 / 만성질환","고지의무 / 기왕증 / 합병증 인과관계 / 입원 필요성","실손의료비;입원비;진단비;수술비","수치가 높음;약 복용;정기검사;만성질환;합병증","혈액검사 이상;장기투약;정기 추적;합병증;만성질환","혈액검사;소변검사;초음파;기능검사;추적검사","투약 기간;검사 수치 추이;합병증 발생 여부;가입 전 치료력;장기 추적 여부","1형 당뇨병 관련 보험쟁점 22은(는) 고지의무 / 기왕증 / 합병증 인과관계 / 입원 필요성와 연결될 수 있는 내부 검색 보강 항목이다. 코드명만으로 결론을 내리지 않고 실제 문서상 진단 경위, 검사, 치료기간, 약관상 담보를 함께 확인해야 한다.","사고 직후 증상 발생 여부;사고 전 동일 부위 또는 동일 질환 치료력;검사상 급성 소견 여부;시간적 근접성","기존 치료력;반복 진료 이력;퇴행성 또는 만성 변화;건강검진 이상소견","최근 3개월 내 진료 여부;정밀검사 여부;입원/수술/장기투약 여부;의사가 중대한 질환으로 설명했는지 여부","영구장해 여부;객관적 기능 제한;장해 고정 시점;기왕장해 기여도","입원 필요성은 증상 정도, 검사결과, 치료 내용, 관찰 필요성으로 검토 필요","수술 여부, 수술 목적, 수술기록지상 주요 소견 확인 필요","진료기록지;처방전;진료비 세부내역서;검사결과지 또는 판독지;의사 소견서","E10.1:MIC242;E10;1형 당뇨병;대사 / 내분비 / 만성질환;고지의무 / 기왕증 / 합병증 인과관계 / 입원 필요성;수치가 높음;약 복용;혈액검사 이상;장기투약","medical_knowledge;terms_standards;fss_dispute_cases;legal_statutes;precedents;issue_playbooks","이 데이터는 의료 판단 확정용이 아니라 보험 실무상 쟁점 연결용 내부 보강 데이터다. 질병코드만으로 진단, 인과관계, 장해율, 고지의무 위반을 단정하지 말고 실제 진료내용, 검사결과, 치료기간, 약관을 확인해야 한다.","medical_issue_codes","internal_medical_issue_code","internal_review_required","needs_human_review"
"MIC243","E78.2:MIC243","고지혈증 관련 보험쟁점 23","E78","대사 / 내분비 / 만성질환","고지의무 / 기왕증 / 합병증 인과관계 / 입원 필요성","실손의료비;입원비;진단비;수술비","수치가 높음;약 복용;정기검사;만성질환;합병증","혈액검사 이상;장기투약;정기 추적;합병증;만성질환","혈액검사;소변검사;초음파;기능검사;추적검사","투약 기간;검사 수치 추이;합병증 발생 여부;가입 전 치료력;장기 추적 여부","고지혈증 관련 보험쟁점 23은(는) 고지의무 / 기왕증 / 합병증 인과관계 / 입원 필요성와 연결될 수 있는 내부 검색 보강 항목이다. 코드명만으로 결론을 내리지 않고 실제 문서상 진단 경위, 검사, 치료기간, 약관상 담보를 함께 확인해야 한다.","사고 직후 증상 발생 여부;사고 전 동일 부위 또는 동일 질환 치료력;검사상 급성 소견 여부;시간적 근접성","기존 치료력;반복 진료 이력;퇴행성 또는 만성 변화;건강검진 이상소견","최근 3개월 내 진료 여부;정밀검사 여부;입원/수술/장기투약 여부;의사가 중대한 질환으로 설명했는지 여부","영구장해 여부;객관적 기능 제한;장해 고정 시점;기왕장해 기여도","입원 필요성은 증상 정도, 검사결과, 치료 내용, 관찰 필요성으로 검토 필요","수술 여부, 수술 목적, 수술기록지상 주요 소견 확인 필요","진료기록지;처방전;진료비 세부내역서;검사결과지 또는 판독지;의사 소견서","E78.2:MIC243;E78;고지혈증;대사 / 내분비 / 만성질환;고지의무 / 기왕증 / 합병증 인과관계 / 입원 필요성;수치가 높음;약 복용;혈액검사 이상;장기투약","medical_knowledge;terms_standards;fss_dispute_cases;legal_statutes;precedents;issue_playbooks","이 데이터는 의료 판단 확정용이 아니라 보험 실무상 쟁점 연결용 내부 보강 데이터다. 질병코드만으로 진단, 인과관계, 장해율, 고지의무 위반을 단정하지 말고 실제 진료내용, 검사결과, 치료기간, 약관을 확인해야 한다.","medical_issue_codes","internal_medical_issue_code","internal_review_required","needs_human_review"
"MIC244","E03.3:MIC244","갑상선기능저하증 관련 보험쟁점 24","E03","대사 / 내분비 / 만성질환","고지의무 / 기왕증 / 합병증 인과관계 / 입원 필요성","실손의료비;입원비;진단비;수술비","수치가 높음;약 복용;정기검사;만성질환;합병증","혈액검사 이상;장기투약;정기 추적;합병증;만성질환","혈액검사;소변검사;초음파;기능검사;추적검사","투약 기간;검사 수치 추이;합병증 발생 여부;가입 전 치료력;장기 추적 여부","갑상선기능저하증 관련 보험쟁점 24은(는) 고지의무 / 기왕증 / 합병증 인과관계 / 입원 필요성와 연결될 수 있는 내부 검색 보강 항목이다. 코드명만으로 결론을 내리지 않고 실제 문서상 진단 경위, 검사, 치료기간, 약관상 담보를 함께 확인해야 한다.","사고 직후 증상 발생 여부;사고 전 동일 부위 또는 동일 질환 치료력;검사상 급성 소견 여부;시간적 근접성","기존 치료력;반복 진료 이력;퇴행성 또는 만성 변화;건강검진 이상소견","최근 3개월 내 진료 여부;정밀검사 여부;입원/수술/장기투약 여부;의사가 중대한 질환으로 설명했는지 여부","영구장해 여부;객관적 기능 제한;장해 고정 시점;기왕장해 기여도","입원 필요성은 증상 정도, 검사결과, 치료 내용, 관찰 필요성으로 검토 필요","수술 여부, 수술 목적, 수술기록지상 주요 소견 확인 필요","진료기록지;처방전;진료비 세부내역서;검사결과지 또는 판독지;의사 소견서","E03.3:MIC244;E03;갑상선기능저하증;대사 / 내분비 / 만성질환;고지의무 / 기왕증 / 합병증 인과관계 / 입원 필요성;수치가 높음;약 복용;혈액검사 이상;장기투약","medical_knowledge;terms_standards;fss_dispute_cases;legal_statutes;precedents;issue_playbooks","이 데이터는 의료 판단 확정용이 아니라 보험 실무상 쟁점 연결용 내부 보강 데이터다. 질병코드만으로 진단, 인과관계, 장해율, 고지의무 위반을 단정하지 말고 실제 진료내용, 검사결과, 치료기간, 약관을 확인해야 한다.","medical_issue_codes","internal_medical_issue_code","internal_review_required","needs_human_review"
"MIC245","E05.4:MIC245","갑상선기능항진증 관련 보험쟁점 25","E05","대사 / 내분비 / 만성질환","고지의무 / 기왕증 / 합병증 인과관계 / 입원 필요성","실손의료비;입원비;진단비;수술비","수치가 높음;약 복용;정기검사;만성질환;합병증","혈액검사 이상;장기투약;정기 추적;합병증;만성질환","혈액검사;소변검사;초음파;기능검사;추적검사","투약 기간;검사 수치 추이;합병증 발생 여부;가입 전 치료력;장기 추적 여부","갑상선기능항진증 관련 보험쟁점 25은(는) 고지의무 / 기왕증 / 합병증 인과관계 / 입원 필요성와 연결될 수 있는 내부 검색 보강 항목이다. 코드명만으로 결론을 내리지 않고 실제 문서상 진단 경위, 검사, 치료기간, 약관상 담보를 함께 확인해야 한다.","사고 직후 증상 발생 여부;사고 전 동일 부위 또는 동일 질환 치료력;검사상 급성 소견 여부;시간적 근접성","기존 치료력;반복 진료 이력;퇴행성 또는 만성 변화;건강검진 이상소견","최근 3개월 내 진료 여부;정밀검사 여부;입원/수술/장기투약 여부;의사가 중대한 질환으로 설명했는지 여부","영구장해 여부;객관적 기능 제한;장해 고정 시점;기왕장해 기여도","입원 필요성은 증상 정도, 검사결과, 치료 내용, 관찰 필요성으로 검토 필요","수술 여부, 수술 목적, 수술기록지상 주요 소견 확인 필요","진료기록지;처방전;진료비 세부내역서;검사결과지 또는 판독지;의사 소견서","E05.4:MIC245;E05;갑상선기능항진증;대사 / 내분비 / 만성질환;고지의무 / 기왕증 / 합병증 인과관계 / 입원 필요성;수치가 높음;약 복용;혈액검사 이상;장기투약","medical_knowledge;terms_standards;fss_dispute_cases;legal_statutes;precedents;issue_playbooks","이 데이터는 의료 판단 확정용이 아니라 보험 실무상 쟁점 연결용 내부 보강 데이터다. 질병코드만으로 진단, 인과관계, 장해율, 고지의무 위반을 단정하지 말고 실제 진료내용, 검사결과, 치료기간, 약관을 확인해야 한다.","medical_issue_codes","internal_medical_issue_code","internal_review_required","needs_human_review"
"MIC246","N18.5:MIC246","만성신장병 관련 보험쟁점 26","N18","대사 / 내분비 / 만성질환","고지의무 / 기왕증 / 합병증 인과관계 / 입원 필요성","실손의료비;입원비;진단비;수술비","수치가 높음;약 복용;정기검사;만성질환;합병증","혈액검사 이상;장기투약;정기 추적;합병증;만성질환","혈액검사;소변검사;초음파;기능검사;추적검사","투약 기간;검사 수치 추이;합병증 발생 여부;가입 전 치료력;장기 추적 여부","만성신장병 관련 보험쟁점 26은(는) 고지의무 / 기왕증 / 합병증 인과관계 / 입원 필요성와 연결될 수 있는 내부 검색 보강 항목이다. 코드명만으로 결론을 내리지 않고 실제 문서상 진단 경위, 검사, 치료기간, 약관상 담보를 함께 확인해야 한다.","사고 직후 증상 발생 여부;사고 전 동일 부위 또는 동일 질환 치료력;검사상 급성 소견 여부;시간적 근접성","기존 치료력;반복 진료 이력;퇴행성 또는 만성 변화;건강검진 이상소견","최근 3개월 내 진료 여부;정밀검사 여부;입원/수술/장기투약 여부;의사가 중대한 질환으로 설명했는지 여부","영구장해 여부;객관적 기능 제한;장해 고정 시점;기왕장해 기여도","입원 필요성은 증상 정도, 검사결과, 치료 내용, 관찰 필요성으로 검토 필요","수술 여부, 수술 목적, 수술기록지상 주요 소견 확인 필요","진료기록지;처방전;진료비 세부내역서;검사결과지 또는 판독지;의사 소견서","N18.5:MIC246;N18;만성신장병;대사 / 내분비 / 만성질환;고지의무 / 기왕증 / 합병증 인과관계 / 입원 필요성;수치가 높음;약 복용;혈액검사 이상;장기투약","medical_knowledge;terms_standards;fss_dispute_cases;legal_statutes;precedents;issue_playbooks","이 데이터는 의료 판단 확정용이 아니라 보험 실무상 쟁점 연결용 내부 보강 데이터다. 질병코드만으로 진단, 인과관계, 장해율, 고지의무 위반을 단정하지 말고 실제 진료내용, 검사결과, 치료기간, 약관을 확인해야 한다.","medical_issue_codes","internal_medical_issue_code","internal_review_required","needs_human_review"
"MIC247","K76.6:MIC247","지방간 관련 보험쟁점 27","K76","대사 / 내분비 / 만성질환","고지의무 / 기왕증 / 합병증 인과관계 / 입원 필요성","실손의료비;입원비;진단비;수술비","수치가 높음;약 복용;정기검사;만성질환;합병증","혈액검사 이상;장기투약;정기 추적;합병증;만성질환","혈액검사;소변검사;초음파;기능검사;추적검사","투약 기간;검사 수치 추이;합병증 발생 여부;가입 전 치료력;장기 추적 여부","지방간 관련 보험쟁점 27은(는) 고지의무 / 기왕증 / 합병증 인과관계 / 입원 필요성와 연결될 수 있는 내부 검색 보강 항목이다. 코드명만으로 결론을 내리지 않고 실제 문서상 진단 경위, 검사, 치료기간, 약관상 담보를 함께 확인해야 한다.","사고 직후 증상 발생 여부;사고 전 동일 부위 또는 동일 질환 치료력;검사상 급성 소견 여부;시간적 근접성","기존 치료력;반복 진료 이력;퇴행성 또는 만성 변화;건강검진 이상소견","최근 3개월 내 진료 여부;정밀검사 여부;입원/수술/장기투약 여부;의사가 중대한 질환으로 설명했는지 여부","영구장해 여부;객관적 기능 제한;장해 고정 시점;기왕장해 기여도","입원 필요성은 증상 정도, 검사결과, 치료 내용, 관찰 필요성으로 검토 필요","수술 여부, 수술 목적, 수술기록지상 주요 소견 확인 필요","진료기록지;처방전;진료비 세부내역서;검사결과지 또는 판독지;의사 소견서","K76.6:MIC247;K76;지방간;대사 / 내분비 / 만성질환;고지의무 / 기왕증 / 합병증 인과관계 / 입원 필요성;수치가 높음;약 복용;혈액검사 이상;장기투약","medical_knowledge;terms_standards;fss_dispute_cases;legal_statutes;precedents;issue_playbooks","이 데이터는 의료 판단 확정용이 아니라 보험 실무상 쟁점 연결용 내부 보강 데이터다. 질병코드만으로 진단, 인과관계, 장해율, 고지의무 위반을 단정하지 말고 실제 진료내용, 검사결과, 치료기간, 약관을 확인해야 한다.","medical_issue_codes","internal_medical_issue_code","internal_review_required","needs_human_review"
"MIC248","K74.7:MIC248","간경변 관련 보험쟁점 28","K74","대사 / 내분비 / 만성질환","고지의무 / 기왕증 / 합병증 인과관계 / 입원 필요성","실손의료비;입원비;진단비;수술비","수치가 높음;약 복용;정기검사;만성질환;합병증","혈액검사 이상;장기투약;정기 추적;합병증;만성질환","혈액검사;소변검사;초음파;기능검사;추적검사","투약 기간;검사 수치 추이;합병증 발생 여부;가입 전 치료력;장기 추적 여부","간경변 관련 보험쟁점 28은(는) 고지의무 / 기왕증 / 합병증 인과관계 / 입원 필요성와 연결될 수 있는 내부 검색 보강 항목이다. 코드명만으로 결론을 내리지 않고 실제 문서상 진단 경위, 검사, 치료기간, 약관상 담보를 함께 확인해야 한다.","사고 직후 증상 발생 여부;사고 전 동일 부위 또는 동일 질환 치료력;검사상 급성 소견 여부;시간적 근접성","기존 치료력;반복 진료 이력;퇴행성 또는 만성 변화;건강검진 이상소견","최근 3개월 내 진료 여부;정밀검사 여부;입원/수술/장기투약 여부;의사가 중대한 질환으로 설명했는지 여부","영구장해 여부;객관적 기능 제한;장해 고정 시점;기왕장해 기여도","입원 필요성은 증상 정도, 검사결과, 치료 내용, 관찰 필요성으로 검토 필요","수술 여부, 수술 목적, 수술기록지상 주요 소견 확인 필요","진료기록지;처방전;진료비 세부내역서;검사결과지 또는 판독지;의사 소견서","K74.7:MIC248;K74;간경변;대사 / 내분비 / 만성질환;고지의무 / 기왕증 / 합병증 인과관계 / 입원 필요성;수치가 높음;약 복용;혈액검사 이상;장기투약","medical_knowledge;terms_standards;fss_dispute_cases;legal_statutes;precedents;issue_playbooks","이 데이터는 의료 판단 확정용이 아니라 보험 실무상 쟁점 연결용 내부 보강 데이터다. 질병코드만으로 진단, 인과관계, 장해율, 고지의무 위반을 단정하지 말고 실제 진료내용, 검사결과, 치료기간, 약관을 확인해야 한다.","medical_issue_codes","internal_medical_issue_code","internal_review_required","needs_human_review"
"MIC249","M10.8:MIC249","통풍 관련 보험쟁점 29","M10","대사 / 내분비 / 만성질환","고지의무 / 기왕증 / 합병증 인과관계 / 입원 필요성","실손의료비;입원비;진단비;수술비","수치가 높음;약 복용;정기검사;만성질환;합병증","혈액검사 이상;장기투약;정기 추적;합병증;만성질환","혈액검사;소변검사;초음파;기능검사;추적검사","투약 기간;검사 수치 추이;합병증 발생 여부;가입 전 치료력;장기 추적 여부","통풍 관련 보험쟁점 29은(는) 고지의무 / 기왕증 / 합병증 인과관계 / 입원 필요성와 연결될 수 있는 내부 검색 보강 항목이다. 코드명만으로 결론을 내리지 않고 실제 문서상 진단 경위, 검사, 치료기간, 약관상 담보를 함께 확인해야 한다.","사고 직후 증상 발생 여부;사고 전 동일 부위 또는 동일 질환 치료력;검사상 급성 소견 여부;시간적 근접성","기존 치료력;반복 진료 이력;퇴행성 또는 만성 변화;건강검진 이상소견","최근 3개월 내 진료 여부;정밀검사 여부;입원/수술/장기투약 여부;의사가 중대한 질환으로 설명했는지 여부","영구장해 여부;객관적 기능 제한;장해 고정 시점;기왕장해 기여도","입원 필요성은 증상 정도, 검사결과, 치료 내용, 관찰 필요성으로 검토 필요","수술 여부, 수술 목적, 수술기록지상 주요 소견 확인 필요","진료기록지;처방전;진료비 세부내역서;검사결과지 또는 판독지;의사 소견서","M10.8:MIC249;M10;통풍;대사 / 내분비 / 만성질환;고지의무 / 기왕증 / 합병증 인과관계 / 입원 필요성;수치가 높음;약 복용;혈액검사 이상;장기투약","medical_knowledge;terms_standards;fss_dispute_cases;legal_statutes;precedents;issue_playbooks","이 데이터는 의료 판단 확정용이 아니라 보험 실무상 쟁점 연결용 내부 보강 데이터다. 질병코드만으로 진단, 인과관계, 장해율, 고지의무 위반을 단정하지 말고 실제 진료내용, 검사결과, 치료기간, 약관을 확인해야 한다.","medical_issue_codes","internal_medical_issue_code","internal_review_required","needs_human_review"
"MIC250","M06.9:MIC250","류마티스관절염 관련 보험쟁점 30","M06","대사 / 내분비 / 만성질환","고지의무 / 기왕증 / 합병증 인과관계 / 입원 필요성","실손의료비;입원비;진단비;수술비","수치가 높음;약 복용;정기검사;만성질환;합병증","혈액검사 이상;장기투약;정기 추적;합병증;만성질환","혈액검사;소변검사;초음파;기능검사;추적검사","투약 기간;검사 수치 추이;합병증 발생 여부;가입 전 치료력;장기 추적 여부","류마티스관절염 관련 보험쟁점 30은(는) 고지의무 / 기왕증 / 합병증 인과관계 / 입원 필요성와 연결될 수 있는 내부 검색 보강 항목이다. 코드명만으로 결론을 내리지 않고 실제 문서상 진단 경위, 검사, 치료기간, 약관상 담보를 함께 확인해야 한다.","사고 직후 증상 발생 여부;사고 전 동일 부위 또는 동일 질환 치료력;검사상 급성 소견 여부;시간적 근접성","기존 치료력;반복 진료 이력;퇴행성 또는 만성 변화;건강검진 이상소견","최근 3개월 내 진료 여부;정밀검사 여부;입원/수술/장기투약 여부;의사가 중대한 질환으로 설명했는지 여부","영구장해 여부;객관적 기능 제한;장해 고정 시점;기왕장해 기여도","입원 필요성은 증상 정도, 검사결과, 치료 내용, 관찰 필요성으로 검토 필요","수술 여부, 수술 목적, 수술기록지상 주요 소견 확인 필요","진료기록지;처방전;진료비 세부내역서;검사결과지 또는 판독지;의사 소견서","M06.9:MIC250;M06;류마티스관절염;대사 / 내분비 / 만성질환;고지의무 / 기왕증 / 합병증 인과관계 / 입원 필요성;수치가 높음;약 복용;혈액검사 이상;장기투약","medical_knowledge;terms_standards;fss_dispute_cases;legal_statutes;precedents;issue_playbooks","이 데이터는 의료 판단 확정용이 아니라 보험 실무상 쟁점 연결용 내부 보강 데이터다. 질병코드만으로 진단, 인과관계, 장해율, 고지의무 위반을 단정하지 말고 실제 진료내용, 검사결과, 치료기간, 약관을 확인해야 한다.","medical_issue_codes","internal_medical_issue_code","internal_review_required","needs_human_review"
"MIC251","TREAT-DOSU:01","도수치료 관련 보험쟁점 1","TREAT-DOSU","실손보험 다빈도 치료/검사 쟁점","실손보험 부지급 / 치료목적 / 의학적 필요성 / 비급여","실손의료비;통원비;입원비;수술비","비급여가 많음;보험금 거절;치료 목적;검사비;입원비","진료비 세부내역서;비급여 항목;처방전;시술기록;검사결과지","진료비 세부내역 확인;처방 확인;검사결과 확인;치료 경과 확인","치료 목적 여부;의학적 필요성;반복 치료 횟수;비급여 항목명;약관상 보상 제외 여부","도수치료 관련 보험쟁점 1은(는) 실손보험 부지급 / 치료목적 / 의학적 필요성 / 비급여와 연결될 수 있는 내부 검색 보강 항목이다. 코드명만으로 결론을 내리지 않고 실제 문서상 진단 경위, 검사, 치료기간, 약관상 담보를 함께 확인해야 한다.","사고 직후 증상 발생 여부;사고 전 동일 부위 또는 동일 질환 치료력;검사상 급성 소견 여부;시간적 근접성","기존 치료력;반복 진료 이력;퇴행성 또는 만성 변화;건강검진 이상소견","최근 3개월 내 진료 여부;정밀검사 여부;입원/수술/장기투약 여부;의사가 중대한 질환으로 설명했는지 여부","영구장해 여부;객관적 기능 제한;장해 고정 시점;기왕장해 기여도","입원 필요성은 증상 정도, 검사결과, 치료 내용, 관찰 필요성으로 검토 필요","수술 여부, 수술 목적, 수술기록지상 주요 소견 확인 필요","진료기록지;처방전;진료비 세부내역서;검사결과지 또는 판독지;의사 소견서","TREAT-DOSU:01;TREAT-DOSU;도수치료;실손보험 다빈도 치료/검사 쟁점;실손보험 부지급 / 치료목적 / 의학적 필요성 / 비급여;비급여가 많음;보험금 거절;진료비 세부내역서;비급여 항목","medical_knowledge;terms_standards;fss_dispute_cases;legal_statutes;precedents;issue_playbooks","이 데이터는 의료 판단 확정용이 아니라 보험 실무상 쟁점 연결용 내부 보강 데이터다. 질병코드만으로 진단, 인과관계, 장해율, 고지의무 위반을 단정하지 말고 실제 진료내용, 검사결과, 치료기간, 약관을 확인해야 한다.","medical_issue_codes","internal_medical_issue_code","internal_review_required","needs_human_review"
"MIC252","TREAT-ESWT:02","체외충격파 관련 보험쟁점 2","TREAT-ESWT","실손보험 다빈도 치료/검사 쟁점","실손보험 부지급 / 치료목적 / 의학적 필요성 / 비급여","실손의료비;통원비;입원비;수술비","비급여가 많음;보험금 거절;치료 목적;검사비;입원비","진료비 세부내역서;비급여 항목;처방전;시술기록;검사결과지","진료비 세부내역 확인;처방 확인;검사결과 확인;치료 경과 확인","치료 목적 여부;의학적 필요성;반복 치료 횟수;비급여 항목명;약관상 보상 제외 여부","체외충격파 관련 보험쟁점 2은(는) 실손보험 부지급 / 치료목적 / 의학적 필요성 / 비급여와 연결될 수 있는 내부 검색 보강 항목이다. 코드명만으로 결론을 내리지 않고 실제 문서상 진단 경위, 검사, 치료기간, 약관상 담보를 함께 확인해야 한다.","사고 직후 증상 발생 여부;사고 전 동일 부위 또는 동일 질환 치료력;검사상 급성 소견 여부;시간적 근접성","기존 치료력;반복 진료 이력;퇴행성 또는 만성 변화;건강검진 이상소견","최근 3개월 내 진료 여부;정밀검사 여부;입원/수술/장기투약 여부;의사가 중대한 질환으로 설명했는지 여부","영구장해 여부;객관적 기능 제한;장해 고정 시점;기왕장해 기여도","입원 필요성은 증상 정도, 검사결과, 치료 내용, 관찰 필요성으로 검토 필요","수술 여부, 수술 목적, 수술기록지상 주요 소견 확인 필요","진료기록지;처방전;진료비 세부내역서;검사결과지 또는 판독지;의사 소견서","TREAT-ESWT:02;TREAT-ESWT;체외충격파;실손보험 다빈도 치료/검사 쟁점;실손보험 부지급 / 치료목적 / 의학적 필요성 / 비급여;비급여가 많음;보험금 거절;진료비 세부내역서;비급여 항목","medical_knowledge;terms_standards;fss_dispute_cases;legal_statutes;precedents;issue_playbooks","이 데이터는 의료 판단 확정용이 아니라 보험 실무상 쟁점 연결용 내부 보강 데이터다. 질병코드만으로 진단, 인과관계, 장해율, 고지의무 위반을 단정하지 말고 실제 진료내용, 검사결과, 치료기간, 약관을 확인해야 한다.","medical_issue_codes","internal_medical_issue_code","internal_review_required","needs_human_review"
"MIC253","H25/H26:03","백내장 관련 보험쟁점 3","H25/H26","실손보험 다빈도 치료/검사 쟁점","실손보험 부지급 / 치료목적 / 의학적 필요성 / 비급여","실손의료비;통원비;입원비;수술비","비급여가 많음;보험금 거절;치료 목적;검사비;입원비","진료비 세부내역서;비급여 항목;처방전;시술기록;검사결과지","진료비 세부내역 확인;처방 확인;검사결과 확인;치료 경과 확인","치료 목적 여부;의학적 필요성;반복 치료 횟수;비급여 항목명;약관상 보상 제외 여부","백내장 관련 보험쟁점 3은(는) 실손보험 부지급 / 치료목적 / 의학적 필요성 / 비급여와 연결될 수 있는 내부 검색 보강 항목이다. 코드명만으로 결론을 내리지 않고 실제 문서상 진단 경위, 검사, 치료기간, 약관상 담보를 함께 확인해야 한다.","사고 직후 증상 발생 여부;사고 전 동일 부위 또는 동일 질환 치료력;검사상 급성 소견 여부;시간적 근접성","기존 치료력;반복 진료 이력;퇴행성 또는 만성 변화;건강검진 이상소견","최근 3개월 내 진료 여부;정밀검사 여부;입원/수술/장기투약 여부;의사가 중대한 질환으로 설명했는지 여부","영구장해 여부;객관적 기능 제한;장해 고정 시점;기왕장해 기여도","입원 필요성은 증상 정도, 검사결과, 치료 내용, 관찰 필요성으로 검토 필요","수술 여부, 수술 목적, 수술기록지상 주요 소견 확인 필요","진료기록지;처방전;진료비 세부내역서;검사결과지 또는 판독지;의사 소견서","H25/H26:03;H25/H26;백내장;실손보험 다빈도 치료/검사 쟁점;실손보험 부지급 / 치료목적 / 의학적 필요성 / 비급여;비급여가 많음;보험금 거절;진료비 세부내역서;비급여 항목","medical_knowledge;terms_standards;fss_dispute_cases;legal_statutes;precedents;issue_playbooks","이 데이터는 의료 판단 확정용이 아니라 보험 실무상 쟁점 연결용 내부 보강 데이터다. 질병코드만으로 진단, 인과관계, 장해율, 고지의무 위반을 단정하지 말고 실제 진료내용, 검사결과, 치료기간, 약관을 확인해야 한다.","medical_issue_codes","internal_medical_issue_code","internal_review_required","needs_human_review"
"MIC254","TREAT-MFIOL:04","다초점 인공수정체 관련 보험쟁점 4","TREAT-MFIOL","실손보험 다빈도 치료/검사 쟁점","실손보험 부지급 / 치료목적 / 의학적 필요성 / 비급여","실손의료비;통원비;입원비;수술비","비급여가 많음;보험금 거절;치료 목적;검사비;입원비","진료비 세부내역서;비급여 항목;처방전;시술기록;검사결과지","진료비 세부내역 확인;처방 확인;검사결과 확인;치료 경과 확인","치료 목적 여부;의학적 필요성;반복 치료 횟수;비급여 항목명;약관상 보상 제외 여부","다초점 인공수정체 관련 보험쟁점 4은(는) 실손보험 부지급 / 치료목적 / 의학적 필요성 / 비급여와 연결될 수 있는 내부 검색 보강 항목이다. 코드명만으로 결론을 내리지 않고 실제 문서상 진단 경위, 검사, 치료기간, 약관상 담보를 함께 확인해야 한다.","사고 직후 증상 발생 여부;사고 전 동일 부위 또는 동일 질환 치료력;검사상 급성 소견 여부;시간적 근접성","기존 치료력;반복 진료 이력;퇴행성 또는 만성 변화;건강검진 이상소견","최근 3개월 내 진료 여부;정밀검사 여부;입원/수술/장기투약 여부;의사가 중대한 질환으로 설명했는지 여부","영구장해 여부;객관적 기능 제한;장해 고정 시점;기왕장해 기여도","입원 필요성은 증상 정도, 검사결과, 치료 내용, 관찰 필요성으로 검토 필요","수술 여부, 수술 목적, 수술기록지상 주요 소견 확인 필요","진료기록지;처방전;진료비 세부내역서;검사결과지 또는 판독지;의사 소견서","TREAT-MFIOL:04;TREAT-MFIOL;다초점 인공수정체;실손보험 다빈도 치료/검사 쟁점;실손보험 부지급 / 치료목적 / 의학적 필요성 / 비급여;비급여가 많음;보험금 거절;진료비 세부내역서;비급여 항목","medical_knowledge;terms_standards;fss_dispute_cases;legal_statutes;precedents;issue_playbooks","이 데이터는 의료 판단 확정용이 아니라 보험 실무상 쟁점 연결용 내부 보강 데이터다. 질병코드만으로 진단, 인과관계, 장해율, 고지의무 위반을 단정하지 말고 실제 진료내용, 검사결과, 치료기간, 약관을 확인해야 한다.","medical_issue_codes","internal_medical_issue_code","internal_review_required","needs_human_review"
"MIC255","TREAT-INJ:05","비급여 주사치료 관련 보험쟁점 5","TREAT-INJ","실손보험 다빈도 치료/검사 쟁점","실손보험 부지급 / 치료목적 / 의학적 필요성 / 비급여","실손의료비;통원비;입원비;수술비","비급여가 많음;보험금 거절;치료 목적;검사비;입원비","진료비 세부내역서;비급여 항목;처방전;시술기록;검사결과지","진료비 세부내역 확인;처방 확인;검사결과 확인;치료 경과 확인","치료 목적 여부;의학적 필요성;반복 치료 횟수;비급여 항목명;약관상 보상 제외 여부","비급여 주사치료 관련 보험쟁점 5은(는) 실손보험 부지급 / 치료목적 / 의학적 필요성 / 비급여와 연결될 수 있는 내부 검색 보강 항목이다. 코드명만으로 결론을 내리지 않고 실제 문서상 진단 경위, 검사, 치료기간, 약관상 담보를 함께 확인해야 한다.","사고 직후 증상 발생 여부;사고 전 동일 부위 또는 동일 질환 치료력;검사상 급성 소견 여부;시간적 근접성","기존 치료력;반복 진료 이력;퇴행성 또는 만성 변화;건강검진 이상소견","최근 3개월 내 진료 여부;정밀검사 여부;입원/수술/장기투약 여부;의사가 중대한 질환으로 설명했는지 여부","영구장해 여부;객관적 기능 제한;장해 고정 시점;기왕장해 기여도","입원 필요성은 증상 정도, 검사결과, 치료 내용, 관찰 필요성으로 검토 필요","수술 여부, 수술 목적, 수술기록지상 주요 소견 확인 필요","진료기록지;처방전;진료비 세부내역서;검사결과지 또는 판독지;의사 소견서","TREAT-INJ:05;TREAT-INJ;비급여 주사치료;실손보험 다빈도 치료/검사 쟁점;실손보험 부지급 / 치료목적 / 의학적 필요성 / 비급여;비급여가 많음;보험금 거절;진료비 세부내역서;비급여 항목","medical_knowledge;terms_standards;fss_dispute_cases;legal_statutes;precedents;issue_playbooks","이 데이터는 의료 판단 확정용이 아니라 보험 실무상 쟁점 연결용 내부 보강 데이터다. 질병코드만으로 진단, 인과관계, 장해율, 고지의무 위반을 단정하지 말고 실제 진료내용, 검사결과, 치료기간, 약관을 확인해야 한다.","medical_issue_codes","internal_medical_issue_code","internal_review_required","needs_human_review"
"MIC256","TREAT-IVNT:06","영양수액 관련 보험쟁점 6","TREAT-IVNT","실손보험 다빈도 치료/검사 쟁점","실손보험 부지급 / 치료목적 / 의학적 필요성 / 비급여","실손의료비;통원비;입원비;수술비","비급여가 많음;보험금 거절;치료 목적;검사비;입원비","진료비 세부내역서;비급여 항목;처방전;시술기록;검사결과지","진료비 세부내역 확인;처방 확인;검사결과 확인;치료 경과 확인","치료 목적 여부;의학적 필요성;반복 치료 횟수;비급여 항목명;약관상 보상 제외 여부","영양수액 관련 보험쟁점 6은(는) 실손보험 부지급 / 치료목적 / 의학적 필요성 / 비급여와 연결될 수 있는 내부 검색 보강 항목이다. 코드명만으로 결론을 내리지 않고 실제 문서상 진단 경위, 검사, 치료기간, 약관상 담보를 함께 확인해야 한다.","사고 직후 증상 발생 여부;사고 전 동일 부위 또는 동일 질환 치료력;검사상 급성 소견 여부;시간적 근접성","기존 치료력;반복 진료 이력;퇴행성 또는 만성 변화;건강검진 이상소견","최근 3개월 내 진료 여부;정밀검사 여부;입원/수술/장기투약 여부;의사가 중대한 질환으로 설명했는지 여부","영구장해 여부;객관적 기능 제한;장해 고정 시점;기왕장해 기여도","입원 필요성은 증상 정도, 검사결과, 치료 내용, 관찰 필요성으로 검토 필요","수술 여부, 수술 목적, 수술기록지상 주요 소견 확인 필요","진료기록지;처방전;진료비 세부내역서;검사결과지 또는 판독지;의사 소견서","TREAT-IVNT:06;TREAT-IVNT;영양수액;실손보험 다빈도 치료/검사 쟁점;실손보험 부지급 / 치료목적 / 의학적 필요성 / 비급여;비급여가 많음;보험금 거절;진료비 세부내역서;비급여 항목","medical_knowledge;terms_standards;fss_dispute_cases;legal_statutes;precedents;issue_playbooks","이 데이터는 의료 판단 확정용이 아니라 보험 실무상 쟁점 연결용 내부 보강 데이터다. 질병코드만으로 진단, 인과관계, 장해율, 고지의무 위반을 단정하지 말고 실제 진료내용, 검사결과, 치료기간, 약관을 확인해야 한다.","medical_issue_codes","internal_medical_issue_code","internal_review_required","needs_human_review"
"MIC257","TREAT-CANCER-HOSP:07","요양병원 암 입원 관련 보험쟁점 7","TREAT-CANCER-HOSP","실손보험 다빈도 치료/검사 쟁점","실손보험 부지급 / 치료목적 / 의학적 필요성 / 비급여","실손의료비;통원비;입원비;수술비","비급여가 많음;보험금 거절;치료 목적;검사비;입원비","진료비 세부내역서;비급여 항목;처방전;시술기록;검사결과지","진료비 세부내역 확인;처방 확인;검사결과 확인;치료 경과 확인","치료 목적 여부;의학적 필요성;반복 치료 횟수;비급여 항목명;약관상 보상 제외 여부","요양병원 암 입원 관련 보험쟁점 7은(는) 실손보험 부지급 / 치료목적 / 의학적 필요성 / 비급여와 연결될 수 있는 내부 검색 보강 항목이다. 코드명만으로 결론을 내리지 않고 실제 문서상 진단 경위, 검사, 치료기간, 약관상 담보를 함께 확인해야 한다.","사고 직후 증상 발생 여부;사고 전 동일 부위 또는 동일 질환 치료력;검사상 급성 소견 여부;시간적 근접성","기존 치료력;반복 진료 이력;퇴행성 또는 만성 변화;건강검진 이상소견","최근 3개월 내 진료 여부;정밀검사 여부;입원/수술/장기투약 여부;의사가 중대한 질환으로 설명했는지 여부","영구장해 여부;객관적 기능 제한;장해 고정 시점;기왕장해 기여도","입원 필요성은 증상 정도, 검사결과, 치료 내용, 관찰 필요성으로 검토 필요","수술 여부, 수술 목적, 수술기록지상 주요 소견 확인 필요","진료기록지;처방전;진료비 세부내역서;검사결과지 또는 판독지;의사 소견서","TREAT-CANCER-HOSP:07;TREAT-CANCER-HOSP;요양병원 암 입원;실손보험 다빈도 치료/검사 쟁점;실손보험 부지급 / 치료목적 / 의학적 필요성 / 비급여;비급여가 많음;보험금 거절;진료비 세부내역서;비급여 항목","medical_knowledge;terms_standards;fss_dispute_cases;legal_statutes;precedents;issue_playbooks","이 데이터는 의료 판단 확정용이 아니라 보험 실무상 쟁점 연결용 내부 보강 데이터다. 질병코드만으로 진단, 인과관계, 장해율, 고지의무 위반을 단정하지 말고 실제 진료내용, 검사결과, 치료기간, 약관을 확인해야 한다.","medical_issue_codes","internal_medical_issue_code","internal_review_required","needs_human_review"
"MIC258","TREAT-NBLOCK:08","신경차단술 관련 보험쟁점 8","TREAT-NBLOCK","실손보험 다빈도 치료/검사 쟁점","실손보험 부지급 / 치료목적 / 의학적 필요성 / 비급여","실손의료비;통원비;입원비;수술비","비급여가 많음;보험금 거절;치료 목적;검사비;입원비","진료비 세부내역서;비급여 항목;처방전;시술기록;검사결과지","진료비 세부내역 확인;처방 확인;검사결과 확인;치료 경과 확인","치료 목적 여부;의학적 필요성;반복 치료 횟수;비급여 항목명;약관상 보상 제외 여부","신경차단술 관련 보험쟁점 8은(는) 실손보험 부지급 / 치료목적 / 의학적 필요성 / 비급여와 연결될 수 있는 내부 검색 보강 항목이다. 코드명만으로 결론을 내리지 않고 실제 문서상 진단 경위, 검사, 치료기간, 약관상 담보를 함께 확인해야 한다.","사고 직후 증상 발생 여부;사고 전 동일 부위 또는 동일 질환 치료력;검사상 급성 소견 여부;시간적 근접성","기존 치료력;반복 진료 이력;퇴행성 또는 만성 변화;건강검진 이상소견","최근 3개월 내 진료 여부;정밀검사 여부;입원/수술/장기투약 여부;의사가 중대한 질환으로 설명했는지 여부","영구장해 여부;객관적 기능 제한;장해 고정 시점;기왕장해 기여도","입원 필요성은 증상 정도, 검사결과, 치료 내용, 관찰 필요성으로 검토 필요","수술 여부, 수술 목적, 수술기록지상 주요 소견 확인 필요","진료기록지;처방전;진료비 세부내역서;검사결과지 또는 판독지;의사 소견서","TREAT-NBLOCK:08;TREAT-NBLOCK;신경차단술;실손보험 다빈도 치료/검사 쟁점;실손보험 부지급 / 치료목적 / 의학적 필요성 / 비급여;비급여가 많음;보험금 거절;진료비 세부내역서;비급여 항목","medical_knowledge;terms_standards;fss_dispute_cases;legal_statutes;precedents;issue_playbooks","이 데이터는 의료 판단 확정용이 아니라 보험 실무상 쟁점 연결용 내부 보강 데이터다. 질병코드만으로 진단, 인과관계, 장해율, 고지의무 위반을 단정하지 말고 실제 진료내용, 검사결과, 치료기간, 약관을 확인해야 한다.","medical_issue_codes","internal_medical_issue_code","internal_review_required","needs_human_review"
"MIC259","TREAT-EPIDURAL:09","경막외신경성형술 관련 보험쟁점 9","TREAT-EPIDURAL","실손보험 다빈도 치료/검사 쟁점","실손보험 부지급 / 치료목적 / 의학적 필요성 / 비급여","실손의료비;통원비;입원비;수술비","비급여가 많음;보험금 거절;치료 목적;검사비;입원비","진료비 세부내역서;비급여 항목;처방전;시술기록;검사결과지","진료비 세부내역 확인;처방 확인;검사결과 확인;치료 경과 확인","치료 목적 여부;의학적 필요성;반복 치료 횟수;비급여 항목명;약관상 보상 제외 여부","경막외신경성형술 관련 보험쟁점 9은(는) 실손보험 부지급 / 치료목적 / 의학적 필요성 / 비급여와 연결될 수 있는 내부 검색 보강 항목이다. 코드명만으로 결론을 내리지 않고 실제 문서상 진단 경위, 검사, 치료기간, 약관상 담보를 함께 확인해야 한다.","사고 직후 증상 발생 여부;사고 전 동일 부위 또는 동일 질환 치료력;검사상 급성 소견 여부;시간적 근접성","기존 치료력;반복 진료 이력;퇴행성 또는 만성 변화;건강검진 이상소견","최근 3개월 내 진료 여부;정밀검사 여부;입원/수술/장기투약 여부;의사가 중대한 질환으로 설명했는지 여부","영구장해 여부;객관적 기능 제한;장해 고정 시점;기왕장해 기여도","입원 필요성은 증상 정도, 검사결과, 치료 내용, 관찰 필요성으로 검토 필요","수술 여부, 수술 목적, 수술기록지상 주요 소견 확인 필요","진료기록지;처방전;진료비 세부내역서;검사결과지 또는 판독지;의사 소견서","TREAT-EPIDURAL:09;TREAT-EPIDURAL;경막외신경성형술;실손보험 다빈도 치료/검사 쟁점;실손보험 부지급 / 치료목적 / 의학적 필요성 / 비급여;비급여가 많음;보험금 거절;진료비 세부내역서;비급여 항목","medical_knowledge;terms_standards;fss_dispute_cases;legal_statutes;precedents;issue_playbooks","이 데이터는 의료 판단 확정용이 아니라 보험 실무상 쟁점 연결용 내부 보강 데이터다. 질병코드만으로 진단, 인과관계, 장해율, 고지의무 위반을 단정하지 말고 실제 진료내용, 검사결과, 치료기간, 약관을 확인해야 한다.","medical_issue_codes","internal_medical_issue_code","internal_review_required","needs_human_review"
"MIC260","TREAT-POLYPECTOMY:10","내시경 용종절제술 관련 보험쟁점 10","TREAT-POLYPECTOMY","실손보험 다빈도 치료/검사 쟁점","실손보험 부지급 / 치료목적 / 의학적 필요성 / 비급여","실손의료비;통원비;입원비;수술비","비급여가 많음;보험금 거절;치료 목적;검사비;입원비","진료비 세부내역서;비급여 항목;처방전;시술기록;검사결과지","진료비 세부내역 확인;처방 확인;검사결과 확인;치료 경과 확인","치료 목적 여부;의학적 필요성;반복 치료 횟수;비급여 항목명;약관상 보상 제외 여부","내시경 용종절제술 관련 보험쟁점 10은(는) 실손보험 부지급 / 치료목적 / 의학적 필요성 / 비급여와 연결될 수 있는 내부 검색 보강 항목이다. 코드명만으로 결론을 내리지 않고 실제 문서상 진단 경위, 검사, 치료기간, 약관상 담보를 함께 확인해야 한다.","사고 직후 증상 발생 여부;사고 전 동일 부위 또는 동일 질환 치료력;검사상 급성 소견 여부;시간적 근접성","기존 치료력;반복 진료 이력;퇴행성 또는 만성 변화;건강검진 이상소견","최근 3개월 내 진료 여부;정밀검사 여부;입원/수술/장기투약 여부;의사가 중대한 질환으로 설명했는지 여부","영구장해 여부;객관적 기능 제한;장해 고정 시점;기왕장해 기여도","입원 필요성은 증상 정도, 검사결과, 치료 내용, 관찰 필요성으로 검토 필요","수술 여부, 수술 목적, 수술기록지상 주요 소견 확인 필요","진료기록지;처방전;진료비 세부내역서;검사결과지 또는 판독지;의사 소견서","TREAT-POLYPECTOMY:10;TREAT-POLYPECTOMY;내시경 용종절제술;실손보험 다빈도 치료/검사 쟁점;실손보험 부지급 / 치료목적 / 의학적 필요성 / 비급여;비급여가 많음;보험금 거절;진료비 세부내역서;비급여 항목","medical_knowledge;terms_standards;fss_dispute_cases;legal_statutes;precedents;issue_playbooks","이 데이터는 의료 판단 확정용이 아니라 보험 실무상 쟁점 연결용 내부 보강 데이터다. 질병코드만으로 진단, 인과관계, 장해율, 고지의무 위반을 단정하지 말고 실제 진료내용, 검사결과, 치료기간, 약관을 확인해야 한다.","medical_issue_codes","internal_medical_issue_code","internal_review_required","needs_human_review"
"MIC261","TEST-MRI:11","MRI 검사 관련 보험쟁점 11","TEST-MRI","실손보험 다빈도 치료/검사 쟁점","실손보험 부지급 / 치료목적 / 의학적 필요성 / 비급여","실손의료비;통원비;입원비;수술비","비급여가 많음;보험금 거절;치료 목적;검사비;입원비","진료비 세부내역서;비급여 항목;처방전;시술기록;검사결과지","진료비 세부내역 확인;처방 확인;검사결과 확인;치료 경과 확인","치료 목적 여부;의학적 필요성;반복 치료 횟수;비급여 항목명;약관상 보상 제외 여부","MRI 검사 관련 보험쟁점 11은(는) 실손보험 부지급 / 치료목적 / 의학적 필요성 / 비급여와 연결될 수 있는 내부 검색 보강 항목이다. 코드명만으로 결론을 내리지 않고 실제 문서상 진단 경위, 검사, 치료기간, 약관상 담보를 함께 확인해야 한다.","사고 직후 증상 발생 여부;사고 전 동일 부위 또는 동일 질환 치료력;검사상 급성 소견 여부;시간적 근접성","기존 치료력;반복 진료 이력;퇴행성 또는 만성 변화;건강검진 이상소견","최근 3개월 내 진료 여부;정밀검사 여부;입원/수술/장기투약 여부;의사가 중대한 질환으로 설명했는지 여부","영구장해 여부;객관적 기능 제한;장해 고정 시점;기왕장해 기여도","입원 필요성은 증상 정도, 검사결과, 치료 내용, 관찰 필요성으로 검토 필요","수술 여부, 수술 목적, 수술기록지상 주요 소견 확인 필요","진료기록지;처방전;진료비 세부내역서;검사결과지 또는 판독지;의사 소견서","TEST-MRI:11;TEST-MRI;MRI 검사;실손보험 다빈도 치료/검사 쟁점;실손보험 부지급 / 치료목적 / 의학적 필요성 / 비급여;비급여가 많음;보험금 거절;진료비 세부내역서;비급여 항목","medical_knowledge;terms_standards;fss_dispute_cases;legal_statutes;precedents;issue_playbooks","이 데이터는 의료 판단 확정용이 아니라 보험 실무상 쟁점 연결용 내부 보강 데이터다. 질병코드만으로 진단, 인과관계, 장해율, 고지의무 위반을 단정하지 말고 실제 진료내용, 검사결과, 치료기간, 약관을 확인해야 한다.","medical_issue_codes","internal_medical_issue_code","internal_review_required","needs_human_review"
"MIC262","TEST-CT:12","CT 검사 관련 보험쟁점 12","TEST-CT","실손보험 다빈도 치료/검사 쟁점","실손보험 부지급 / 치료목적 / 의학적 필요성 / 비급여","실손의료비;통원비;입원비;수술비","비급여가 많음;보험금 거절;치료 목적;검사비;입원비","진료비 세부내역서;비급여 항목;처방전;시술기록;검사결과지","진료비 세부내역 확인;처방 확인;검사결과 확인;치료 경과 확인","치료 목적 여부;의학적 필요성;반복 치료 횟수;비급여 항목명;약관상 보상 제외 여부","CT 검사 관련 보험쟁점 12은(는) 실손보험 부지급 / 치료목적 / 의학적 필요성 / 비급여와 연결될 수 있는 내부 검색 보강 항목이다. 코드명만으로 결론을 내리지 않고 실제 문서상 진단 경위, 검사, 치료기간, 약관상 담보를 함께 확인해야 한다.","사고 직후 증상 발생 여부;사고 전 동일 부위 또는 동일 질환 치료력;검사상 급성 소견 여부;시간적 근접성","기존 치료력;반복 진료 이력;퇴행성 또는 만성 변화;건강검진 이상소견","최근 3개월 내 진료 여부;정밀검사 여부;입원/수술/장기투약 여부;의사가 중대한 질환으로 설명했는지 여부","영구장해 여부;객관적 기능 제한;장해 고정 시점;기왕장해 기여도","입원 필요성은 증상 정도, 검사결과, 치료 내용, 관찰 필요성으로 검토 필요","수술 여부, 수술 목적, 수술기록지상 주요 소견 확인 필요","진료기록지;처방전;진료비 세부내역서;검사결과지 또는 판독지;의사 소견서","TEST-CT:12;TEST-CT;CT 검사;실손보험 다빈도 치료/검사 쟁점;실손보험 부지급 / 치료목적 / 의학적 필요성 / 비급여;비급여가 많음;보험금 거절;진료비 세부내역서;비급여 항목","medical_knowledge;terms_standards;fss_dispute_cases;legal_statutes;precedents;issue_playbooks","이 데이터는 의료 판단 확정용이 아니라 보험 실무상 쟁점 연결용 내부 보강 데이터다. 질병코드만으로 진단, 인과관계, 장해율, 고지의무 위반을 단정하지 말고 실제 진료내용, 검사결과, 치료기간, 약관을 확인해야 한다.","medical_issue_codes","internal_medical_issue_code","internal_review_required","needs_human_review"
"MIC263","TEST-US:13","초음파 검사 관련 보험쟁점 13","TEST-US","실손보험 다빈도 치료/검사 쟁점","실손보험 부지급 / 치료목적 / 의학적 필요성 / 비급여","실손의료비;통원비;입원비;수술비","비급여가 많음;보험금 거절;치료 목적;검사비;입원비","진료비 세부내역서;비급여 항목;처방전;시술기록;검사결과지","진료비 세부내역 확인;처방 확인;검사결과 확인;치료 경과 확인","치료 목적 여부;의학적 필요성;반복 치료 횟수;비급여 항목명;약관상 보상 제외 여부","초음파 검사 관련 보험쟁점 13은(는) 실손보험 부지급 / 치료목적 / 의학적 필요성 / 비급여와 연결될 수 있는 내부 검색 보강 항목이다. 코드명만으로 결론을 내리지 않고 실제 문서상 진단 경위, 검사, 치료기간, 약관상 담보를 함께 확인해야 한다.","사고 직후 증상 발생 여부;사고 전 동일 부위 또는 동일 질환 치료력;검사상 급성 소견 여부;시간적 근접성","기존 치료력;반복 진료 이력;퇴행성 또는 만성 변화;건강검진 이상소견","최근 3개월 내 진료 여부;정밀검사 여부;입원/수술/장기투약 여부;의사가 중대한 질환으로 설명했는지 여부","영구장해 여부;객관적 기능 제한;장해 고정 시점;기왕장해 기여도","입원 필요성은 증상 정도, 검사결과, 치료 내용, 관찰 필요성으로 검토 필요","수술 여부, 수술 목적, 수술기록지상 주요 소견 확인 필요","진료기록지;처방전;진료비 세부내역서;검사결과지 또는 판독지;의사 소견서","TEST-US:13;TEST-US;초음파 검사;실손보험 다빈도 치료/검사 쟁점;실손보험 부지급 / 치료목적 / 의학적 필요성 / 비급여;비급여가 많음;보험금 거절;진료비 세부내역서;비급여 항목","medical_knowledge;terms_standards;fss_dispute_cases;legal_statutes;precedents;issue_playbooks","이 데이터는 의료 판단 확정용이 아니라 보험 실무상 쟁점 연결용 내부 보강 데이터다. 질병코드만으로 진단, 인과관계, 장해율, 고지의무 위반을 단정하지 말고 실제 진료내용, 검사결과, 치료기간, 약관을 확인해야 한다.","medical_issue_codes","internal_medical_issue_code","internal_review_required","needs_human_review"
"MIC264","TREAT-DOSU:14","도수치료 관련 보험쟁점 14","TREAT-DOSU","실손보험 다빈도 치료/검사 쟁점","실손보험 부지급 / 치료목적 / 의학적 필요성 / 비급여","실손의료비;통원비;입원비;수술비","비급여가 많음;보험금 거절;치료 목적;검사비;입원비","진료비 세부내역서;비급여 항목;처방전;시술기록;검사결과지","진료비 세부내역 확인;처방 확인;검사결과 확인;치료 경과 확인","치료 목적 여부;의학적 필요성;반복 치료 횟수;비급여 항목명;약관상 보상 제외 여부","도수치료 관련 보험쟁점 14은(는) 실손보험 부지급 / 치료목적 / 의학적 필요성 / 비급여와 연결될 수 있는 내부 검색 보강 항목이다. 코드명만으로 결론을 내리지 않고 실제 문서상 진단 경위, 검사, 치료기간, 약관상 담보를 함께 확인해야 한다.","사고 직후 증상 발생 여부;사고 전 동일 부위 또는 동일 질환 치료력;검사상 급성 소견 여부;시간적 근접성","기존 치료력;반복 진료 이력;퇴행성 또는 만성 변화;건강검진 이상소견","최근 3개월 내 진료 여부;정밀검사 여부;입원/수술/장기투약 여부;의사가 중대한 질환으로 설명했는지 여부","영구장해 여부;객관적 기능 제한;장해 고정 시점;기왕장해 기여도","입원 필요성은 증상 정도, 검사결과, 치료 내용, 관찰 필요성으로 검토 필요","수술 여부, 수술 목적, 수술기록지상 주요 소견 확인 필요","진료기록지;처방전;진료비 세부내역서;검사결과지 또는 판독지;의사 소견서","TREAT-DOSU:14;TREAT-DOSU;도수치료;실손보험 다빈도 치료/검사 쟁점;실손보험 부지급 / 치료목적 / 의학적 필요성 / 비급여;비급여가 많음;보험금 거절;진료비 세부내역서;비급여 항목","medical_knowledge;terms_standards;fss_dispute_cases;legal_statutes;precedents;issue_playbooks","이 데이터는 의료 판단 확정용이 아니라 보험 실무상 쟁점 연결용 내부 보강 데이터다. 질병코드만으로 진단, 인과관계, 장해율, 고지의무 위반을 단정하지 말고 실제 진료내용, 검사결과, 치료기간, 약관을 확인해야 한다.","medical_issue_codes","internal_medical_issue_code","internal_review_required","needs_human_review"
"MIC265","TREAT-ESWT:15","체외충격파 관련 보험쟁점 15","TREAT-ESWT","실손보험 다빈도 치료/검사 쟁점","실손보험 부지급 / 치료목적 / 의학적 필요성 / 비급여","실손의료비;통원비;입원비;수술비","비급여가 많음;보험금 거절;치료 목적;검사비;입원비","진료비 세부내역서;비급여 항목;처방전;시술기록;검사결과지","진료비 세부내역 확인;처방 확인;검사결과 확인;치료 경과 확인","치료 목적 여부;의학적 필요성;반복 치료 횟수;비급여 항목명;약관상 보상 제외 여부","체외충격파 관련 보험쟁점 15은(는) 실손보험 부지급 / 치료목적 / 의학적 필요성 / 비급여와 연결될 수 있는 내부 검색 보강 항목이다. 코드명만으로 결론을 내리지 않고 실제 문서상 진단 경위, 검사, 치료기간, 약관상 담보를 함께 확인해야 한다.","사고 직후 증상 발생 여부;사고 전 동일 부위 또는 동일 질환 치료력;검사상 급성 소견 여부;시간적 근접성","기존 치료력;반복 진료 이력;퇴행성 또는 만성 변화;건강검진 이상소견","최근 3개월 내 진료 여부;정밀검사 여부;입원/수술/장기투약 여부;의사가 중대한 질환으로 설명했는지 여부","영구장해 여부;객관적 기능 제한;장해 고정 시점;기왕장해 기여도","입원 필요성은 증상 정도, 검사결과, 치료 내용, 관찰 필요성으로 검토 필요","수술 여부, 수술 목적, 수술기록지상 주요 소견 확인 필요","진료기록지;처방전;진료비 세부내역서;검사결과지 또는 판독지;의사 소견서","TREAT-ESWT:15;TREAT-ESWT;체외충격파;실손보험 다빈도 치료/검사 쟁점;실손보험 부지급 / 치료목적 / 의학적 필요성 / 비급여;비급여가 많음;보험금 거절;진료비 세부내역서;비급여 항목","medical_knowledge;terms_standards;fss_dispute_cases;legal_statutes;precedents;issue_playbooks","이 데이터는 의료 판단 확정용이 아니라 보험 실무상 쟁점 연결용 내부 보강 데이터다. 질병코드만으로 진단, 인과관계, 장해율, 고지의무 위반을 단정하지 말고 실제 진료내용, 검사결과, 치료기간, 약관을 확인해야 한다.","medical_issue_codes","internal_medical_issue_code","internal_review_required","needs_human_review"
"MIC266","H25/H26:16","백내장 관련 보험쟁점 16","H25/H26","실손보험 다빈도 치료/검사 쟁점","실손보험 부지급 / 치료목적 / 의학적 필요성 / 비급여","실손의료비;통원비;입원비;수술비","비급여가 많음;보험금 거절;치료 목적;검사비;입원비","진료비 세부내역서;비급여 항목;처방전;시술기록;검사결과지","진료비 세부내역 확인;처방 확인;검사결과 확인;치료 경과 확인","치료 목적 여부;의학적 필요성;반복 치료 횟수;비급여 항목명;약관상 보상 제외 여부","백내장 관련 보험쟁점 16은(는) 실손보험 부지급 / 치료목적 / 의학적 필요성 / 비급여와 연결될 수 있는 내부 검색 보강 항목이다. 코드명만으로 결론을 내리지 않고 실제 문서상 진단 경위, 검사, 치료기간, 약관상 담보를 함께 확인해야 한다.","사고 직후 증상 발생 여부;사고 전 동일 부위 또는 동일 질환 치료력;검사상 급성 소견 여부;시간적 근접성","기존 치료력;반복 진료 이력;퇴행성 또는 만성 변화;건강검진 이상소견","최근 3개월 내 진료 여부;정밀검사 여부;입원/수술/장기투약 여부;의사가 중대한 질환으로 설명했는지 여부","영구장해 여부;객관적 기능 제한;장해 고정 시점;기왕장해 기여도","입원 필요성은 증상 정도, 검사결과, 치료 내용, 관찰 필요성으로 검토 필요","수술 여부, 수술 목적, 수술기록지상 주요 소견 확인 필요","진료기록지;처방전;진료비 세부내역서;검사결과지 또는 판독지;의사 소견서","H25/H26:16;H25/H26;백내장;실손보험 다빈도 치료/검사 쟁점;실손보험 부지급 / 치료목적 / 의학적 필요성 / 비급여;비급여가 많음;보험금 거절;진료비 세부내역서;비급여 항목","medical_knowledge;terms_standards;fss_dispute_cases;legal_statutes;precedents;issue_playbooks","이 데이터는 의료 판단 확정용이 아니라 보험 실무상 쟁점 연결용 내부 보강 데이터다. 질병코드만으로 진단, 인과관계, 장해율, 고지의무 위반을 단정하지 말고 실제 진료내용, 검사결과, 치료기간, 약관을 확인해야 한다.","medical_issue_codes","internal_medical_issue_code","internal_review_required","needs_human_review"
"MIC267","TREAT-MFIOL:17","다초점 인공수정체 관련 보험쟁점 17","TREAT-MFIOL","실손보험 다빈도 치료/검사 쟁점","실손보험 부지급 / 치료목적 / 의학적 필요성 / 비급여","실손의료비;통원비;입원비;수술비","비급여가 많음;보험금 거절;치료 목적;검사비;입원비","진료비 세부내역서;비급여 항목;처방전;시술기록;검사결과지","진료비 세부내역 확인;처방 확인;검사결과 확인;치료 경과 확인","치료 목적 여부;의학적 필요성;반복 치료 횟수;비급여 항목명;약관상 보상 제외 여부","다초점 인공수정체 관련 보험쟁점 17은(는) 실손보험 부지급 / 치료목적 / 의학적 필요성 / 비급여와 연결될 수 있는 내부 검색 보강 항목이다. 코드명만으로 결론을 내리지 않고 실제 문서상 진단 경위, 검사, 치료기간, 약관상 담보를 함께 확인해야 한다.","사고 직후 증상 발생 여부;사고 전 동일 부위 또는 동일 질환 치료력;검사상 급성 소견 여부;시간적 근접성","기존 치료력;반복 진료 이력;퇴행성 또는 만성 변화;건강검진 이상소견","최근 3개월 내 진료 여부;정밀검사 여부;입원/수술/장기투약 여부;의사가 중대한 질환으로 설명했는지 여부","영구장해 여부;객관적 기능 제한;장해 고정 시점;기왕장해 기여도","입원 필요성은 증상 정도, 검사결과, 치료 내용, 관찰 필요성으로 검토 필요","수술 여부, 수술 목적, 수술기록지상 주요 소견 확인 필요","진료기록지;처방전;진료비 세부내역서;검사결과지 또는 판독지;의사 소견서","TREAT-MFIOL:17;TREAT-MFIOL;다초점 인공수정체;실손보험 다빈도 치료/검사 쟁점;실손보험 부지급 / 치료목적 / 의학적 필요성 / 비급여;비급여가 많음;보험금 거절;진료비 세부내역서;비급여 항목","medical_knowledge;terms_standards;fss_dispute_cases;legal_statutes;precedents;issue_playbooks","이 데이터는 의료 판단 확정용이 아니라 보험 실무상 쟁점 연결용 내부 보강 데이터다. 질병코드만으로 진단, 인과관계, 장해율, 고지의무 위반을 단정하지 말고 실제 진료내용, 검사결과, 치료기간, 약관을 확인해야 한다.","medical_issue_codes","internal_medical_issue_code","internal_review_required","needs_human_review"
"MIC268","TREAT-INJ:18","비급여 주사치료 관련 보험쟁점 18","TREAT-INJ","실손보험 다빈도 치료/검사 쟁점","실손보험 부지급 / 치료목적 / 의학적 필요성 / 비급여","실손의료비;통원비;입원비;수술비","비급여가 많음;보험금 거절;치료 목적;검사비;입원비","진료비 세부내역서;비급여 항목;처방전;시술기록;검사결과지","진료비 세부내역 확인;처방 확인;검사결과 확인;치료 경과 확인","치료 목적 여부;의학적 필요성;반복 치료 횟수;비급여 항목명;약관상 보상 제외 여부","비급여 주사치료 관련 보험쟁점 18은(는) 실손보험 부지급 / 치료목적 / 의학적 필요성 / 비급여와 연결될 수 있는 내부 검색 보강 항목이다. 코드명만으로 결론을 내리지 않고 실제 문서상 진단 경위, 검사, 치료기간, 약관상 담보를 함께 확인해야 한다.","사고 직후 증상 발생 여부;사고 전 동일 부위 또는 동일 질환 치료력;검사상 급성 소견 여부;시간적 근접성","기존 치료력;반복 진료 이력;퇴행성 또는 만성 변화;건강검진 이상소견","최근 3개월 내 진료 여부;정밀검사 여부;입원/수술/장기투약 여부;의사가 중대한 질환으로 설명했는지 여부","영구장해 여부;객관적 기능 제한;장해 고정 시점;기왕장해 기여도","입원 필요성은 증상 정도, 검사결과, 치료 내용, 관찰 필요성으로 검토 필요","수술 여부, 수술 목적, 수술기록지상 주요 소견 확인 필요","진료기록지;처방전;진료비 세부내역서;검사결과지 또는 판독지;의사 소견서","TREAT-INJ:18;TREAT-INJ;비급여 주사치료;실손보험 다빈도 치료/검사 쟁점;실손보험 부지급 / 치료목적 / 의학적 필요성 / 비급여;비급여가 많음;보험금 거절;진료비 세부내역서;비급여 항목","medical_knowledge;terms_standards;fss_dispute_cases;legal_statutes;precedents;issue_playbooks","이 데이터는 의료 판단 확정용이 아니라 보험 실무상 쟁점 연결용 내부 보강 데이터다. 질병코드만으로 진단, 인과관계, 장해율, 고지의무 위반을 단정하지 말고 실제 진료내용, 검사결과, 치료기간, 약관을 확인해야 한다.","medical_issue_codes","internal_medical_issue_code","internal_review_required","needs_human_review"
"MIC269","TREAT-IVNT:19","영양수액 관련 보험쟁점 19","TREAT-IVNT","실손보험 다빈도 치료/검사 쟁점","실손보험 부지급 / 치료목적 / 의학적 필요성 / 비급여","실손의료비;통원비;입원비;수술비","비급여가 많음;보험금 거절;치료 목적;검사비;입원비","진료비 세부내역서;비급여 항목;처방전;시술기록;검사결과지","진료비 세부내역 확인;처방 확인;검사결과 확인;치료 경과 확인","치료 목적 여부;의학적 필요성;반복 치료 횟수;비급여 항목명;약관상 보상 제외 여부","영양수액 관련 보험쟁점 19은(는) 실손보험 부지급 / 치료목적 / 의학적 필요성 / 비급여와 연결될 수 있는 내부 검색 보강 항목이다. 코드명만으로 결론을 내리지 않고 실제 문서상 진단 경위, 검사, 치료기간, 약관상 담보를 함께 확인해야 한다.","사고 직후 증상 발생 여부;사고 전 동일 부위 또는 동일 질환 치료력;검사상 급성 소견 여부;시간적 근접성","기존 치료력;반복 진료 이력;퇴행성 또는 만성 변화;건강검진 이상소견","최근 3개월 내 진료 여부;정밀검사 여부;입원/수술/장기투약 여부;의사가 중대한 질환으로 설명했는지 여부","영구장해 여부;객관적 기능 제한;장해 고정 시점;기왕장해 기여도","입원 필요성은 증상 정도, 검사결과, 치료 내용, 관찰 필요성으로 검토 필요","수술 여부, 수술 목적, 수술기록지상 주요 소견 확인 필요","진료기록지;처방전;진료비 세부내역서;검사결과지 또는 판독지;의사 소견서","TREAT-IVNT:19;TREAT-IVNT;영양수액;실손보험 다빈도 치료/검사 쟁점;실손보험 부지급 / 치료목적 / 의학적 필요성 / 비급여;비급여가 많음;보험금 거절;진료비 세부내역서;비급여 항목","medical_knowledge;terms_standards;fss_dispute_cases;legal_statutes;precedents;issue_playbooks","이 데이터는 의료 판단 확정용이 아니라 보험 실무상 쟁점 연결용 내부 보강 데이터다. 질병코드만으로 진단, 인과관계, 장해율, 고지의무 위반을 단정하지 말고 실제 진료내용, 검사결과, 치료기간, 약관을 확인해야 한다.","medical_issue_codes","internal_medical_issue_code","internal_review_required","needs_human_review"
"MIC270","TREAT-CANCER-HOSP:20","요양병원 암 입원 관련 보험쟁점 20","TREAT-CANCER-HOSP","실손보험 다빈도 치료/검사 쟁점","실손보험 부지급 / 치료목적 / 의학적 필요성 / 비급여","실손의료비;통원비;입원비;수술비","비급여가 많음;보험금 거절;치료 목적;검사비;입원비","진료비 세부내역서;비급여 항목;처방전;시술기록;검사결과지","진료비 세부내역 확인;처방 확인;검사결과 확인;치료 경과 확인","치료 목적 여부;의학적 필요성;반복 치료 횟수;비급여 항목명;약관상 보상 제외 여부","요양병원 암 입원 관련 보험쟁점 20은(는) 실손보험 부지급 / 치료목적 / 의학적 필요성 / 비급여와 연결될 수 있는 내부 검색 보강 항목이다. 코드명만으로 결론을 내리지 않고 실제 문서상 진단 경위, 검사, 치료기간, 약관상 담보를 함께 확인해야 한다.","사고 직후 증상 발생 여부;사고 전 동일 부위 또는 동일 질환 치료력;검사상 급성 소견 여부;시간적 근접성","기존 치료력;반복 진료 이력;퇴행성 또는 만성 변화;건강검진 이상소견","최근 3개월 내 진료 여부;정밀검사 여부;입원/수술/장기투약 여부;의사가 중대한 질환으로 설명했는지 여부","영구장해 여부;객관적 기능 제한;장해 고정 시점;기왕장해 기여도","입원 필요성은 증상 정도, 검사결과, 치료 내용, 관찰 필요성으로 검토 필요","수술 여부, 수술 목적, 수술기록지상 주요 소견 확인 필요","진료기록지;처방전;진료비 세부내역서;검사결과지 또는 판독지;의사 소견서","TREAT-CANCER-HOSP:20;TREAT-CANCER-HOSP;요양병원 암 입원;실손보험 다빈도 치료/검사 쟁점;실손보험 부지급 / 치료목적 / 의학적 필요성 / 비급여;비급여가 많음;보험금 거절;진료비 세부내역서;비급여 항목","medical_knowledge;terms_standards;fss_dispute_cases;legal_statutes;precedents;issue_playbooks","이 데이터는 의료 판단 확정용이 아니라 보험 실무상 쟁점 연결용 내부 보강 데이터다. 질병코드만으로 진단, 인과관계, 장해율, 고지의무 위반을 단정하지 말고 실제 진료내용, 검사결과, 치료기간, 약관을 확인해야 한다.","medical_issue_codes","internal_medical_issue_code","internal_review_required","needs_human_review"
"MIC271","TREAT-NBLOCK:21","신경차단술 관련 보험쟁점 21","TREAT-NBLOCK","실손보험 다빈도 치료/검사 쟁점","실손보험 부지급 / 치료목적 / 의학적 필요성 / 비급여","실손의료비;통원비;입원비;수술비","비급여가 많음;보험금 거절;치료 목적;검사비;입원비","진료비 세부내역서;비급여 항목;처방전;시술기록;검사결과지","진료비 세부내역 확인;처방 확인;검사결과 확인;치료 경과 확인","치료 목적 여부;의학적 필요성;반복 치료 횟수;비급여 항목명;약관상 보상 제외 여부","신경차단술 관련 보험쟁점 21은(는) 실손보험 부지급 / 치료목적 / 의학적 필요성 / 비급여와 연결될 수 있는 내부 검색 보강 항목이다. 코드명만으로 결론을 내리지 않고 실제 문서상 진단 경위, 검사, 치료기간, 약관상 담보를 함께 확인해야 한다.","사고 직후 증상 발생 여부;사고 전 동일 부위 또는 동일 질환 치료력;검사상 급성 소견 여부;시간적 근접성","기존 치료력;반복 진료 이력;퇴행성 또는 만성 변화;건강검진 이상소견","최근 3개월 내 진료 여부;정밀검사 여부;입원/수술/장기투약 여부;의사가 중대한 질환으로 설명했는지 여부","영구장해 여부;객관적 기능 제한;장해 고정 시점;기왕장해 기여도","입원 필요성은 증상 정도, 검사결과, 치료 내용, 관찰 필요성으로 검토 필요","수술 여부, 수술 목적, 수술기록지상 주요 소견 확인 필요","진료기록지;처방전;진료비 세부내역서;검사결과지 또는 판독지;의사 소견서","TREAT-NBLOCK:21;TREAT-NBLOCK;신경차단술;실손보험 다빈도 치료/검사 쟁점;실손보험 부지급 / 치료목적 / 의학적 필요성 / 비급여;비급여가 많음;보험금 거절;진료비 세부내역서;비급여 항목","medical_knowledge;terms_standards;fss_dispute_cases;legal_statutes;precedents;issue_playbooks","이 데이터는 의료 판단 확정용이 아니라 보험 실무상 쟁점 연결용 내부 보강 데이터다. 질병코드만으로 진단, 인과관계, 장해율, 고지의무 위반을 단정하지 말고 실제 진료내용, 검사결과, 치료기간, 약관을 확인해야 한다.","medical_issue_codes","internal_medical_issue_code","internal_review_required","needs_human_review"
"MIC272","TREAT-EPIDURAL:22","경막외신경성형술 관련 보험쟁점 22","TREAT-EPIDURAL","실손보험 다빈도 치료/검사 쟁점","실손보험 부지급 / 치료목적 / 의학적 필요성 / 비급여","실손의료비;통원비;입원비;수술비","비급여가 많음;보험금 거절;치료 목적;검사비;입원비","진료비 세부내역서;비급여 항목;처방전;시술기록;검사결과지","진료비 세부내역 확인;처방 확인;검사결과 확인;치료 경과 확인","치료 목적 여부;의학적 필요성;반복 치료 횟수;비급여 항목명;약관상 보상 제외 여부","경막외신경성형술 관련 보험쟁점 22은(는) 실손보험 부지급 / 치료목적 / 의학적 필요성 / 비급여와 연결될 수 있는 내부 검색 보강 항목이다. 코드명만으로 결론을 내리지 않고 실제 문서상 진단 경위, 검사, 치료기간, 약관상 담보를 함께 확인해야 한다.","사고 직후 증상 발생 여부;사고 전 동일 부위 또는 동일 질환 치료력;검사상 급성 소견 여부;시간적 근접성","기존 치료력;반복 진료 이력;퇴행성 또는 만성 변화;건강검진 이상소견","최근 3개월 내 진료 여부;정밀검사 여부;입원/수술/장기투약 여부;의사가 중대한 질환으로 설명했는지 여부","영구장해 여부;객관적 기능 제한;장해 고정 시점;기왕장해 기여도","입원 필요성은 증상 정도, 검사결과, 치료 내용, 관찰 필요성으로 검토 필요","수술 여부, 수술 목적, 수술기록지상 주요 소견 확인 필요","진료기록지;처방전;진료비 세부내역서;검사결과지 또는 판독지;의사 소견서","TREAT-EPIDURAL:22;TREAT-EPIDURAL;경막외신경성형술;실손보험 다빈도 치료/검사 쟁점;실손보험 부지급 / 치료목적 / 의학적 필요성 / 비급여;비급여가 많음;보험금 거절;진료비 세부내역서;비급여 항목","medical_knowledge;terms_standards;fss_dispute_cases;legal_statutes;precedents;issue_playbooks","이 데이터는 의료 판단 확정용이 아니라 보험 실무상 쟁점 연결용 내부 보강 데이터다. 질병코드만으로 진단, 인과관계, 장해율, 고지의무 위반을 단정하지 말고 실제 진료내용, 검사결과, 치료기간, 약관을 확인해야 한다.","medical_issue_codes","internal_medical_issue_code","internal_review_required","needs_human_review"
"MIC273","TREAT-POLYPECTOMY:23","내시경 용종절제술 관련 보험쟁점 23","TREAT-POLYPECTOMY","실손보험 다빈도 치료/검사 쟁점","실손보험 부지급 / 치료목적 / 의학적 필요성 / 비급여","실손의료비;통원비;입원비;수술비","비급여가 많음;보험금 거절;치료 목적;검사비;입원비","진료비 세부내역서;비급여 항목;처방전;시술기록;검사결과지","진료비 세부내역 확인;처방 확인;검사결과 확인;치료 경과 확인","치료 목적 여부;의학적 필요성;반복 치료 횟수;비급여 항목명;약관상 보상 제외 여부","내시경 용종절제술 관련 보험쟁점 23은(는) 실손보험 부지급 / 치료목적 / 의학적 필요성 / 비급여와 연결될 수 있는 내부 검색 보강 항목이다. 코드명만으로 결론을 내리지 않고 실제 문서상 진단 경위, 검사, 치료기간, 약관상 담보를 함께 확인해야 한다.","사고 직후 증상 발생 여부;사고 전 동일 부위 또는 동일 질환 치료력;검사상 급성 소견 여부;시간적 근접성","기존 치료력;반복 진료 이력;퇴행성 또는 만성 변화;건강검진 이상소견","최근 3개월 내 진료 여부;정밀검사 여부;입원/수술/장기투약 여부;의사가 중대한 질환으로 설명했는지 여부","영구장해 여부;객관적 기능 제한;장해 고정 시점;기왕장해 기여도","입원 필요성은 증상 정도, 검사결과, 치료 내용, 관찰 필요성으로 검토 필요","수술 여부, 수술 목적, 수술기록지상 주요 소견 확인 필요","진료기록지;처방전;진료비 세부내역서;검사결과지 또는 판독지;의사 소견서","TREAT-POLYPECTOMY:23;TREAT-POLYPECTOMY;내시경 용종절제술;실손보험 다빈도 치료/검사 쟁점;실손보험 부지급 / 치료목적 / 의학적 필요성 / 비급여;비급여가 많음;보험금 거절;진료비 세부내역서;비급여 항목","medical_knowledge;terms_standards;fss_dispute_cases;legal_statutes;precedents;issue_playbooks","이 데이터는 의료 판단 확정용이 아니라 보험 실무상 쟁점 연결용 내부 보강 데이터다. 질병코드만으로 진단, 인과관계, 장해율, 고지의무 위반을 단정하지 말고 실제 진료내용, 검사결과, 치료기간, 약관을 확인해야 한다.","medical_issue_codes","internal_medical_issue_code","internal_review_required","needs_human_review"
"MIC274","TEST-MRI:24","MRI 검사 관련 보험쟁점 24","TEST-MRI","실손보험 다빈도 치료/검사 쟁점","실손보험 부지급 / 치료목적 / 의학적 필요성 / 비급여","실손의료비;통원비;입원비;수술비","비급여가 많음;보험금 거절;치료 목적;검사비;입원비","진료비 세부내역서;비급여 항목;처방전;시술기록;검사결과지","진료비 세부내역 확인;처방 확인;검사결과 확인;치료 경과 확인","치료 목적 여부;의학적 필요성;반복 치료 횟수;비급여 항목명;약관상 보상 제외 여부","MRI 검사 관련 보험쟁점 24은(는) 실손보험 부지급 / 치료목적 / 의학적 필요성 / 비급여와 연결될 수 있는 내부 검색 보강 항목이다. 코드명만으로 결론을 내리지 않고 실제 문서상 진단 경위, 검사, 치료기간, 약관상 담보를 함께 확인해야 한다.","사고 직후 증상 발생 여부;사고 전 동일 부위 또는 동일 질환 치료력;검사상 급성 소견 여부;시간적 근접성","기존 치료력;반복 진료 이력;퇴행성 또는 만성 변화;건강검진 이상소견","최근 3개월 내 진료 여부;정밀검사 여부;입원/수술/장기투약 여부;의사가 중대한 질환으로 설명했는지 여부","영구장해 여부;객관적 기능 제한;장해 고정 시점;기왕장해 기여도","입원 필요성은 증상 정도, 검사결과, 치료 내용, 관찰 필요성으로 검토 필요","수술 여부, 수술 목적, 수술기록지상 주요 소견 확인 필요","진료기록지;처방전;진료비 세부내역서;검사결과지 또는 판독지;의사 소견서","TEST-MRI:24;TEST-MRI;MRI 검사;실손보험 다빈도 치료/검사 쟁점;실손보험 부지급 / 치료목적 / 의학적 필요성 / 비급여;비급여가 많음;보험금 거절;진료비 세부내역서;비급여 항목","medical_knowledge;terms_standards;fss_dispute_cases;legal_statutes;precedents;issue_playbooks","이 데이터는 의료 판단 확정용이 아니라 보험 실무상 쟁점 연결용 내부 보강 데이터다. 질병코드만으로 진단, 인과관계, 장해율, 고지의무 위반을 단정하지 말고 실제 진료내용, 검사결과, 치료기간, 약관을 확인해야 한다.","medical_issue_codes","internal_medical_issue_code","internal_review_required","needs_human_review"
"MIC275","TEST-CT:25","CT 검사 관련 보험쟁점 25","TEST-CT","실손보험 다빈도 치료/검사 쟁점","실손보험 부지급 / 치료목적 / 의학적 필요성 / 비급여","실손의료비;통원비;입원비;수술비","비급여가 많음;보험금 거절;치료 목적;검사비;입원비","진료비 세부내역서;비급여 항목;처방전;시술기록;검사결과지","진료비 세부내역 확인;처방 확인;검사결과 확인;치료 경과 확인","치료 목적 여부;의학적 필요성;반복 치료 횟수;비급여 항목명;약관상 보상 제외 여부","CT 검사 관련 보험쟁점 25은(는) 실손보험 부지급 / 치료목적 / 의학적 필요성 / 비급여와 연결될 수 있는 내부 검색 보강 항목이다. 코드명만으로 결론을 내리지 않고 실제 문서상 진단 경위, 검사, 치료기간, 약관상 담보를 함께 확인해야 한다.","사고 직후 증상 발생 여부;사고 전 동일 부위 또는 동일 질환 치료력;검사상 급성 소견 여부;시간적 근접성","기존 치료력;반복 진료 이력;퇴행성 또는 만성 변화;건강검진 이상소견","최근 3개월 내 진료 여부;정밀검사 여부;입원/수술/장기투약 여부;의사가 중대한 질환으로 설명했는지 여부","영구장해 여부;객관적 기능 제한;장해 고정 시점;기왕장해 기여도","입원 필요성은 증상 정도, 검사결과, 치료 내용, 관찰 필요성으로 검토 필요","수술 여부, 수술 목적, 수술기록지상 주요 소견 확인 필요","진료기록지;처방전;진료비 세부내역서;검사결과지 또는 판독지;의사 소견서","TEST-CT:25;TEST-CT;CT 검사;실손보험 다빈도 치료/검사 쟁점;실손보험 부지급 / 치료목적 / 의학적 필요성 / 비급여;비급여가 많음;보험금 거절;진료비 세부내역서;비급여 항목","medical_knowledge;terms_standards;fss_dispute_cases;legal_statutes;precedents;issue_playbooks","이 데이터는 의료 판단 확정용이 아니라 보험 실무상 쟁점 연결용 내부 보강 데이터다. 질병코드만으로 진단, 인과관계, 장해율, 고지의무 위반을 단정하지 말고 실제 진료내용, 검사결과, 치료기간, 약관을 확인해야 한다.","medical_issue_codes","internal_medical_issue_code","internal_review_required","needs_human_review"
"MIC276","TEST-US:26","초음파 검사 관련 보험쟁점 26","TEST-US","실손보험 다빈도 치료/검사 쟁점","실손보험 부지급 / 치료목적 / 의학적 필요성 / 비급여","실손의료비;통원비;입원비;수술비","비급여가 많음;보험금 거절;치료 목적;검사비;입원비","진료비 세부내역서;비급여 항목;처방전;시술기록;검사결과지","진료비 세부내역 확인;처방 확인;검사결과 확인;치료 경과 확인","치료 목적 여부;의학적 필요성;반복 치료 횟수;비급여 항목명;약관상 보상 제외 여부","초음파 검사 관련 보험쟁점 26은(는) 실손보험 부지급 / 치료목적 / 의학적 필요성 / 비급여와 연결될 수 있는 내부 검색 보강 항목이다. 코드명만으로 결론을 내리지 않고 실제 문서상 진단 경위, 검사, 치료기간, 약관상 담보를 함께 확인해야 한다.","사고 직후 증상 발생 여부;사고 전 동일 부위 또는 동일 질환 치료력;검사상 급성 소견 여부;시간적 근접성","기존 치료력;반복 진료 이력;퇴행성 또는 만성 변화;건강검진 이상소견","최근 3개월 내 진료 여부;정밀검사 여부;입원/수술/장기투약 여부;의사가 중대한 질환으로 설명했는지 여부","영구장해 여부;객관적 기능 제한;장해 고정 시점;기왕장해 기여도","입원 필요성은 증상 정도, 검사결과, 치료 내용, 관찰 필요성으로 검토 필요","수술 여부, 수술 목적, 수술기록지상 주요 소견 확인 필요","진료기록지;처방전;진료비 세부내역서;검사결과지 또는 판독지;의사 소견서","TEST-US:26;TEST-US;초음파 검사;실손보험 다빈도 치료/검사 쟁점;실손보험 부지급 / 치료목적 / 의학적 필요성 / 비급여;비급여가 많음;보험금 거절;진료비 세부내역서;비급여 항목","medical_knowledge;terms_standards;fss_dispute_cases;legal_statutes;precedents;issue_playbooks","이 데이터는 의료 판단 확정용이 아니라 보험 실무상 쟁점 연결용 내부 보강 데이터다. 질병코드만으로 진단, 인과관계, 장해율, 고지의무 위반을 단정하지 말고 실제 진료내용, 검사결과, 치료기간, 약관을 확인해야 한다.","medical_issue_codes","internal_medical_issue_code","internal_review_required","needs_human_review"
"MIC277","TREAT-DOSU:27","도수치료 관련 보험쟁점 27","TREAT-DOSU","실손보험 다빈도 치료/검사 쟁점","실손보험 부지급 / 치료목적 / 의학적 필요성 / 비급여","실손의료비;통원비;입원비;수술비","비급여가 많음;보험금 거절;치료 목적;검사비;입원비","진료비 세부내역서;비급여 항목;처방전;시술기록;검사결과지","진료비 세부내역 확인;처방 확인;검사결과 확인;치료 경과 확인","치료 목적 여부;의학적 필요성;반복 치료 횟수;비급여 항목명;약관상 보상 제외 여부","도수치료 관련 보험쟁점 27은(는) 실손보험 부지급 / 치료목적 / 의학적 필요성 / 비급여와 연결될 수 있는 내부 검색 보강 항목이다. 코드명만으로 결론을 내리지 않고 실제 문서상 진단 경위, 검사, 치료기간, 약관상 담보를 함께 확인해야 한다.","사고 직후 증상 발생 여부;사고 전 동일 부위 또는 동일 질환 치료력;검사상 급성 소견 여부;시간적 근접성","기존 치료력;반복 진료 이력;퇴행성 또는 만성 변화;건강검진 이상소견","최근 3개월 내 진료 여부;정밀검사 여부;입원/수술/장기투약 여부;의사가 중대한 질환으로 설명했는지 여부","영구장해 여부;객관적 기능 제한;장해 고정 시점;기왕장해 기여도","입원 필요성은 증상 정도, 검사결과, 치료 내용, 관찰 필요성으로 검토 필요","수술 여부, 수술 목적, 수술기록지상 주요 소견 확인 필요","진료기록지;처방전;진료비 세부내역서;검사결과지 또는 판독지;의사 소견서","TREAT-DOSU:27;TREAT-DOSU;도수치료;실손보험 다빈도 치료/검사 쟁점;실손보험 부지급 / 치료목적 / 의학적 필요성 / 비급여;비급여가 많음;보험금 거절;진료비 세부내역서;비급여 항목","medical_knowledge;terms_standards;fss_dispute_cases;legal_statutes;precedents;issue_playbooks","이 데이터는 의료 판단 확정용이 아니라 보험 실무상 쟁점 연결용 내부 보강 데이터다. 질병코드만으로 진단, 인과관계, 장해율, 고지의무 위반을 단정하지 말고 실제 진료내용, 검사결과, 치료기간, 약관을 확인해야 한다.","medical_issue_codes","internal_medical_issue_code","internal_review_required","needs_human_review"
"MIC278","TREAT-ESWT:28","체외충격파 관련 보험쟁점 28","TREAT-ESWT","실손보험 다빈도 치료/검사 쟁점","실손보험 부지급 / 치료목적 / 의학적 필요성 / 비급여","실손의료비;통원비;입원비;수술비","비급여가 많음;보험금 거절;치료 목적;검사비;입원비","진료비 세부내역서;비급여 항목;처방전;시술기록;검사결과지","진료비 세부내역 확인;처방 확인;검사결과 확인;치료 경과 확인","치료 목적 여부;의학적 필요성;반복 치료 횟수;비급여 항목명;약관상 보상 제외 여부","체외충격파 관련 보험쟁점 28은(는) 실손보험 부지급 / 치료목적 / 의학적 필요성 / 비급여와 연결될 수 있는 내부 검색 보강 항목이다. 코드명만으로 결론을 내리지 않고 실제 문서상 진단 경위, 검사, 치료기간, 약관상 담보를 함께 확인해야 한다.","사고 직후 증상 발생 여부;사고 전 동일 부위 또는 동일 질환 치료력;검사상 급성 소견 여부;시간적 근접성","기존 치료력;반복 진료 이력;퇴행성 또는 만성 변화;건강검진 이상소견","최근 3개월 내 진료 여부;정밀검사 여부;입원/수술/장기투약 여부;의사가 중대한 질환으로 설명했는지 여부","영구장해 여부;객관적 기능 제한;장해 고정 시점;기왕장해 기여도","입원 필요성은 증상 정도, 검사결과, 치료 내용, 관찰 필요성으로 검토 필요","수술 여부, 수술 목적, 수술기록지상 주요 소견 확인 필요","진료기록지;처방전;진료비 세부내역서;검사결과지 또는 판독지;의사 소견서","TREAT-ESWT:28;TREAT-ESWT;체외충격파;실손보험 다빈도 치료/검사 쟁점;실손보험 부지급 / 치료목적 / 의학적 필요성 / 비급여;비급여가 많음;보험금 거절;진료비 세부내역서;비급여 항목","medical_knowledge;terms_standards;fss_dispute_cases;legal_statutes;precedents;issue_playbooks","이 데이터는 의료 판단 확정용이 아니라 보험 실무상 쟁점 연결용 내부 보강 데이터다. 질병코드만으로 진단, 인과관계, 장해율, 고지의무 위반을 단정하지 말고 실제 진료내용, 검사결과, 치료기간, 약관을 확인해야 한다.","medical_issue_codes","internal_medical_issue_code","internal_review_required","needs_human_review"
"MIC279","H25/H26:29","백내장 관련 보험쟁점 29","H25/H26","실손보험 다빈도 치료/검사 쟁점","실손보험 부지급 / 치료목적 / 의학적 필요성 / 비급여","실손의료비;통원비;입원비;수술비","비급여가 많음;보험금 거절;치료 목적;검사비;입원비","진료비 세부내역서;비급여 항목;처방전;시술기록;검사결과지","진료비 세부내역 확인;처방 확인;검사결과 확인;치료 경과 확인","치료 목적 여부;의학적 필요성;반복 치료 횟수;비급여 항목명;약관상 보상 제외 여부","백내장 관련 보험쟁점 29은(는) 실손보험 부지급 / 치료목적 / 의학적 필요성 / 비급여와 연결될 수 있는 내부 검색 보강 항목이다. 코드명만으로 결론을 내리지 않고 실제 문서상 진단 경위, 검사, 치료기간, 약관상 담보를 함께 확인해야 한다.","사고 직후 증상 발생 여부;사고 전 동일 부위 또는 동일 질환 치료력;검사상 급성 소견 여부;시간적 근접성","기존 치료력;반복 진료 이력;퇴행성 또는 만성 변화;건강검진 이상소견","최근 3개월 내 진료 여부;정밀검사 여부;입원/수술/장기투약 여부;의사가 중대한 질환으로 설명했는지 여부","영구장해 여부;객관적 기능 제한;장해 고정 시점;기왕장해 기여도","입원 필요성은 증상 정도, 검사결과, 치료 내용, 관찰 필요성으로 검토 필요","수술 여부, 수술 목적, 수술기록지상 주요 소견 확인 필요","진료기록지;처방전;진료비 세부내역서;검사결과지 또는 판독지;의사 소견서","H25/H26:29;H25/H26;백내장;실손보험 다빈도 치료/검사 쟁점;실손보험 부지급 / 치료목적 / 의학적 필요성 / 비급여;비급여가 많음;보험금 거절;진료비 세부내역서;비급여 항목","medical_knowledge;terms_standards;fss_dispute_cases;legal_statutes;precedents;issue_playbooks","이 데이터는 의료 판단 확정용이 아니라 보험 실무상 쟁점 연결용 내부 보강 데이터다. 질병코드만으로 진단, 인과관계, 장해율, 고지의무 위반을 단정하지 말고 실제 진료내용, 검사결과, 치료기간, 약관을 확인해야 한다.","medical_issue_codes","internal_medical_issue_code","internal_review_required","needs_human_review"
"MIC280","TREAT-MFIOL:30","다초점 인공수정체 관련 보험쟁점 30","TREAT-MFIOL","실손보험 다빈도 치료/검사 쟁점","실손보험 부지급 / 치료목적 / 의학적 필요성 / 비급여","실손의료비;통원비;입원비;수술비","비급여가 많음;보험금 거절;치료 목적;검사비;입원비","진료비 세부내역서;비급여 항목;처방전;시술기록;검사결과지","진료비 세부내역 확인;처방 확인;검사결과 확인;치료 경과 확인","치료 목적 여부;의학적 필요성;반복 치료 횟수;비급여 항목명;약관상 보상 제외 여부","다초점 인공수정체 관련 보험쟁점 30은(는) 실손보험 부지급 / 치료목적 / 의학적 필요성 / 비급여와 연결될 수 있는 내부 검색 보강 항목이다. 코드명만으로 결론을 내리지 않고 실제 문서상 진단 경위, 검사, 치료기간, 약관상 담보를 함께 확인해야 한다.","사고 직후 증상 발생 여부;사고 전 동일 부위 또는 동일 질환 치료력;검사상 급성 소견 여부;시간적 근접성","기존 치료력;반복 진료 이력;퇴행성 또는 만성 변화;건강검진 이상소견","최근 3개월 내 진료 여부;정밀검사 여부;입원/수술/장기투약 여부;의사가 중대한 질환으로 설명했는지 여부","영구장해 여부;객관적 기능 제한;장해 고정 시점;기왕장해 기여도","입원 필요성은 증상 정도, 검사결과, 치료 내용, 관찰 필요성으로 검토 필요","수술 여부, 수술 목적, 수술기록지상 주요 소견 확인 필요","진료기록지;처방전;진료비 세부내역서;검사결과지 또는 판독지;의사 소견서","TREAT-MFIOL:30;TREAT-MFIOL;다초점 인공수정체;실손보험 다빈도 치료/검사 쟁점;실손보험 부지급 / 치료목적 / 의학적 필요성 / 비급여;비급여가 많음;보험금 거절;진료비 세부내역서;비급여 항목","medical_knowledge;terms_standards;fss_dispute_cases;legal_statutes;precedents;issue_playbooks","이 데이터는 의료 판단 확정용이 아니라 보험 실무상 쟁점 연결용 내부 보강 데이터다. 질병코드만으로 진단, 인과관계, 장해율, 고지의무 위반을 단정하지 말고 실제 진료내용, 검사결과, 치료기간, 약관을 확인해야 한다.","medical_issue_codes","internal_medical_issue_code","internal_review_required","needs_human_review"
"MIC281","L50.0","알레르기성 두드러기 관련 보험쟁점 1","L50","기타 보험분쟁 다빈도 질환/문서 쟁점","고지의무 / 실손보험 / 면책약관 / 장해 / 진단비","실손의료비;입원비;통원비;후유장해;진단비","반복 증상;통원치료;약 처방;검사;보험금 거절","진단서;소견서;검사결과지;처방전;입퇴원확인서","기본검사;전문의 진찰;기능검사;추적검사","반복 치료 여부;증상 기간;면책 조항 해당성;기존 치료력;기능 제한 여부","알레르기성 두드러기 관련 보험쟁점 1은(는) 고지의무 / 실손보험 / 면책약관 / 장해 / 진단비와 연결될 수 있는 내부 검색 보강 항목이다. 코드명만으로 결론을 내리지 않고 실제 문서상 진단 경위, 검사, 치료기간, 약관상 담보를 함께 확인해야 한다.","사고 직후 증상 발생 여부;사고 전 동일 부위 또는 동일 질환 치료력;검사상 급성 소견 여부;시간적 근접성","기존 치료력;반복 진료 이력;퇴행성 또는 만성 변화;건강검진 이상소견","최근 3개월 내 진료 여부;정밀검사 여부;입원/수술/장기투약 여부;의사가 중대한 질환으로 설명했는지 여부","영구장해 여부;객관적 기능 제한;장해 고정 시점;기왕장해 기여도","입원 필요성은 증상 정도, 검사결과, 치료 내용, 관찰 필요성으로 검토 필요","수술 여부, 수술 목적, 수술기록지상 주요 소견 확인 필요","진료기록지;처방전;진료비 세부내역서;검사결과지 또는 판독지;의사 소견서","L50.0;L50;알레르기성 두드러기;기타 보험분쟁 다빈도 질환/문서 쟁점;고지의무 / 실손보험 / 면책약관 / 장해 / 진단비;반복 증상;통원치료;진단서;소견서","medical_knowledge;terms_standards;fss_dispute_cases;legal_statutes;precedents;issue_playbooks","이 데이터는 의료 판단 확정용이 아니라 보험 실무상 쟁점 연결용 내부 보강 데이터다. 질병코드만으로 진단, 인과관계, 장해율, 고지의무 위반을 단정하지 말고 실제 진료내용, 검사결과, 치료기간, 약관을 확인해야 한다.","medical_issue_codes","internal_medical_issue_code","internal_review_required","needs_human_review"
"MIC282","L23/L24:02","접촉피부염 관련 보험쟁점 2","L23/L24","기타 보험분쟁 다빈도 질환/문서 쟁점","고지의무 / 실손보험 / 면책약관 / 장해 / 진단비","실손의료비;입원비;통원비;후유장해;진단비","반복 증상;통원치료;약 처방;검사;보험금 거절","진단서;소견서;검사결과지;처방전;입퇴원확인서","기본검사;전문의 진찰;기능검사;추적검사","반복 치료 여부;증상 기간;면책 조항 해당성;기존 치료력;기능 제한 여부","접촉피부염 관련 보험쟁점 2은(는) 고지의무 / 실손보험 / 면책약관 / 장해 / 진단비와 연결될 수 있는 내부 검색 보강 항목이다. 코드명만으로 결론을 내리지 않고 실제 문서상 진단 경위, 검사, 치료기간, 약관상 담보를 함께 확인해야 한다.","사고 직후 증상 발생 여부;사고 전 동일 부위 또는 동일 질환 치료력;검사상 급성 소견 여부;시간적 근접성","기존 치료력;반복 진료 이력;퇴행성 또는 만성 변화;건강검진 이상소견","최근 3개월 내 진료 여부;정밀검사 여부;입원/수술/장기투약 여부;의사가 중대한 질환으로 설명했는지 여부","영구장해 여부;객관적 기능 제한;장해 고정 시점;기왕장해 기여도","입원 필요성은 증상 정도, 검사결과, 치료 내용, 관찰 필요성으로 검토 필요","수술 여부, 수술 목적, 수술기록지상 주요 소견 확인 필요","진료기록지;처방전;진료비 세부내역서;검사결과지 또는 판독지;의사 소견서","L23/L24:02;L23/L24;접촉피부염;기타 보험분쟁 다빈도 질환/문서 쟁점;고지의무 / 실손보험 / 면책약관 / 장해 / 진단비;반복 증상;통원치료;진단서;소견서","medical_knowledge;terms_standards;fss_dispute_cases;legal_statutes;precedents;issue_playbooks","이 데이터는 의료 판단 확정용이 아니라 보험 실무상 쟁점 연결용 내부 보강 데이터다. 질병코드만으로 진단, 인과관계, 장해율, 고지의무 위반을 단정하지 말고 실제 진료내용, 검사결과, 치료기간, 약관을 확인해야 한다.","medical_issue_codes","internal_medical_issue_code","internal_review_required","needs_human_review"
"MIC283","F32.2","우울증 관련 보험쟁점 3","F32","기타 보험분쟁 다빈도 질환/문서 쟁점","고지의무 / 실손보험 / 면책약관 / 장해 / 진단비","실손의료비;입원비;통원비;후유장해;진단비","반복 증상;통원치료;약 처방;검사;보험금 거절","진단서;소견서;검사결과지;처방전;입퇴원확인서","기본검사;전문의 진찰;기능검사;추적검사","반복 치료 여부;증상 기간;면책 조항 해당성;기존 치료력;기능 제한 여부","우울증 관련 보험쟁점 3은(는) 고지의무 / 실손보험 / 면책약관 / 장해 / 진단비와 연결될 수 있는 내부 검색 보강 항목이다. 코드명만으로 결론을 내리지 않고 실제 문서상 진단 경위, 검사, 치료기간, 약관상 담보를 함께 확인해야 한다.","사고 직후 증상 발생 여부;사고 전 동일 부위 또는 동일 질환 치료력;검사상 급성 소견 여부;시간적 근접성","기존 치료력;반복 진료 이력;퇴행성 또는 만성 변화;건강검진 이상소견","최근 3개월 내 진료 여부;정밀검사 여부;입원/수술/장기투약 여부;의사가 중대한 질환으로 설명했는지 여부","영구장해 여부;객관적 기능 제한;장해 고정 시점;기왕장해 기여도","입원 필요성은 증상 정도, 검사결과, 치료 내용, 관찰 필요성으로 검토 필요","수술 여부, 수술 목적, 수술기록지상 주요 소견 확인 필요","진료기록지;처방전;진료비 세부내역서;검사결과지 또는 판독지;의사 소견서","F32.2;F32;우울증;기타 보험분쟁 다빈도 질환/문서 쟁점;고지의무 / 실손보험 / 면책약관 / 장해 / 진단비;반복 증상;통원치료;진단서;소견서","medical_knowledge;terms_standards;fss_dispute_cases;legal_statutes;precedents;issue_playbooks","이 데이터는 의료 판단 확정용이 아니라 보험 실무상 쟁점 연결용 내부 보강 데이터다. 질병코드만으로 진단, 인과관계, 장해율, 고지의무 위반을 단정하지 말고 실제 진료내용, 검사결과, 치료기간, 약관을 확인해야 한다.","medical_issue_codes","internal_medical_issue_code","internal_review_required","needs_human_review"
"MIC284","F41.3","불안장애 관련 보험쟁점 4","F41","기타 보험분쟁 다빈도 질환/문서 쟁점","고지의무 / 실손보험 / 면책약관 / 장해 / 진단비","실손의료비;입원비;통원비;후유장해;진단비","반복 증상;통원치료;약 처방;검사;보험금 거절","진단서;소견서;검사결과지;처방전;입퇴원확인서","기본검사;전문의 진찰;기능검사;추적검사","반복 치료 여부;증상 기간;면책 조항 해당성;기존 치료력;기능 제한 여부","불안장애 관련 보험쟁점 4은(는) 고지의무 / 실손보험 / 면책약관 / 장해 / 진단비와 연결될 수 있는 내부 검색 보강 항목이다. 코드명만으로 결론을 내리지 않고 실제 문서상 진단 경위, 검사, 치료기간, 약관상 담보를 함께 확인해야 한다.","사고 직후 증상 발생 여부;사고 전 동일 부위 또는 동일 질환 치료력;검사상 급성 소견 여부;시간적 근접성","기존 치료력;반복 진료 이력;퇴행성 또는 만성 변화;건강검진 이상소견","최근 3개월 내 진료 여부;정밀검사 여부;입원/수술/장기투약 여부;의사가 중대한 질환으로 설명했는지 여부","영구장해 여부;객관적 기능 제한;장해 고정 시점;기왕장해 기여도","입원 필요성은 증상 정도, 검사결과, 치료 내용, 관찰 필요성으로 검토 필요","수술 여부, 수술 목적, 수술기록지상 주요 소견 확인 필요","진료기록지;처방전;진료비 세부내역서;검사결과지 또는 판독지;의사 소견서","F41.3;F41;불안장애;기타 보험분쟁 다빈도 질환/문서 쟁점;고지의무 / 실손보험 / 면책약관 / 장해 / 진단비;반복 증상;통원치료;진단서;소견서","medical_knowledge;terms_standards;fss_dispute_cases;legal_statutes;precedents;issue_playbooks","이 데이터는 의료 판단 확정용이 아니라 보험 실무상 쟁점 연결용 내부 보강 데이터다. 질병코드만으로 진단, 인과관계, 장해율, 고지의무 위반을 단정하지 말고 실제 진료내용, 검사결과, 치료기간, 약관을 확인해야 한다.","medical_issue_codes","internal_medical_issue_code","internal_review_required","needs_human_review"
"MIC285","G47.4","수면장애 관련 보험쟁점 5","G47","기타 보험분쟁 다빈도 질환/문서 쟁점","고지의무 / 실손보험 / 면책약관 / 장해 / 진단비","실손의료비;입원비;통원비;후유장해;진단비","반복 증상;통원치료;약 처방;검사;보험금 거절","진단서;소견서;검사결과지;처방전;입퇴원확인서","기본검사;전문의 진찰;기능검사;추적검사","반복 치료 여부;증상 기간;면책 조항 해당성;기존 치료력;기능 제한 여부","수면장애 관련 보험쟁점 5은(는) 고지의무 / 실손보험 / 면책약관 / 장해 / 진단비와 연결될 수 있는 내부 검색 보강 항목이다. 코드명만으로 결론을 내리지 않고 실제 문서상 진단 경위, 검사, 치료기간, 약관상 담보를 함께 확인해야 한다.","사고 직후 증상 발생 여부;사고 전 동일 부위 또는 동일 질환 치료력;검사상 급성 소견 여부;시간적 근접성","기존 치료력;반복 진료 이력;퇴행성 또는 만성 변화;건강검진 이상소견","최근 3개월 내 진료 여부;정밀검사 여부;입원/수술/장기투약 여부;의사가 중대한 질환으로 설명했는지 여부","영구장해 여부;객관적 기능 제한;장해 고정 시점;기왕장해 기여도","입원 필요성은 증상 정도, 검사결과, 치료 내용, 관찰 필요성으로 검토 필요","수술 여부, 수술 목적, 수술기록지상 주요 소견 확인 필요","진료기록지;처방전;진료비 세부내역서;검사결과지 또는 판독지;의사 소견서","G47.4;G47;수면장애;기타 보험분쟁 다빈도 질환/문서 쟁점;고지의무 / 실손보험 / 면책약관 / 장해 / 진단비;반복 증상;통원치료;진단서;소견서","medical_knowledge;terms_standards;fss_dispute_cases;legal_statutes;precedents;issue_playbooks","이 데이터는 의료 판단 확정용이 아니라 보험 실무상 쟁점 연결용 내부 보강 데이터다. 질병코드만으로 진단, 인과관계, 장해율, 고지의무 위반을 단정하지 말고 실제 진료내용, 검사결과, 치료기간, 약관을 확인해야 한다.","medical_issue_codes","internal_medical_issue_code","internal_review_required","needs_human_review"
"MIC286","O00-O99:06","임신/출산 관련 관련 보험쟁점 6","O00-O99","기타 보험분쟁 다빈도 질환/문서 쟁점","고지의무 / 실손보험 / 면책약관 / 장해 / 진단비","실손의료비;입원비;통원비;후유장해;진단비","반복 증상;통원치료;약 처방;검사;보험금 거절","진단서;소견서;검사결과지;처방전;입퇴원확인서","기본검사;전문의 진찰;기능검사;추적검사","반복 치료 여부;증상 기간;면책 조항 해당성;기존 치료력;기능 제한 여부","임신/출산 관련 관련 보험쟁점 6은(는) 고지의무 / 실손보험 / 면책약관 / 장해 / 진단비와 연결될 수 있는 내부 검색 보강 항목이다. 코드명만으로 결론을 내리지 않고 실제 문서상 진단 경위, 검사, 치료기간, 약관상 담보를 함께 확인해야 한다.","사고 직후 증상 발생 여부;사고 전 동일 부위 또는 동일 질환 치료력;검사상 급성 소견 여부;시간적 근접성","기존 치료력;반복 진료 이력;퇴행성 또는 만성 변화;건강검진 이상소견","최근 3개월 내 진료 여부;정밀검사 여부;입원/수술/장기투약 여부;의사가 중대한 질환으로 설명했는지 여부","영구장해 여부;객관적 기능 제한;장해 고정 시점;기왕장해 기여도","입원 필요성은 증상 정도, 검사결과, 치료 내용, 관찰 필요성으로 검토 필요","수술 여부, 수술 목적, 수술기록지상 주요 소견 확인 필요","진료기록지;처방전;진료비 세부내역서;검사결과지 또는 판독지;의사 소견서","O00-O99:06;O00-O99;임신/출산 관련;기타 보험분쟁 다빈도 질환/문서 쟁점;고지의무 / 실손보험 / 면책약관 / 장해 / 진단비;반복 증상;통원치료;진단서;소견서","medical_knowledge;terms_standards;fss_dispute_cases;legal_statutes;precedents;issue_playbooks","이 데이터는 의료 판단 확정용이 아니라 보험 실무상 쟁점 연결용 내부 보강 데이터다. 질병코드만으로 진단, 인과관계, 장해율, 고지의무 위반을 단정하지 말고 실제 진료내용, 검사결과, 치료기간, 약관을 확인해야 한다.","medical_issue_codes","internal_medical_issue_code","internal_review_required","needs_human_review"
"MIC287","K07.6","치과/턱관절 관련 보험쟁점 7","K07","기타 보험분쟁 다빈도 질환/문서 쟁점","고지의무 / 실손보험 / 면책약관 / 장해 / 진단비","실손의료비;입원비;통원비;후유장해;진단비","반복 증상;통원치료;약 처방;검사;보험금 거절","진단서;소견서;검사결과지;처방전;입퇴원확인서","기본검사;전문의 진찰;기능검사;추적검사","반복 치료 여부;증상 기간;면책 조항 해당성;기존 치료력;기능 제한 여부","치과/턱관절 관련 보험쟁점 7은(는) 고지의무 / 실손보험 / 면책약관 / 장해 / 진단비와 연결될 수 있는 내부 검색 보강 항목이다. 코드명만으로 결론을 내리지 않고 실제 문서상 진단 경위, 검사, 치료기간, 약관상 담보를 함께 확인해야 한다.","사고 직후 증상 발생 여부;사고 전 동일 부위 또는 동일 질환 치료력;검사상 급성 소견 여부;시간적 근접성","기존 치료력;반복 진료 이력;퇴행성 또는 만성 변화;건강검진 이상소견","최근 3개월 내 진료 여부;정밀검사 여부;입원/수술/장기투약 여부;의사가 중대한 질환으로 설명했는지 여부","영구장해 여부;객관적 기능 제한;장해 고정 시점;기왕장해 기여도","입원 필요성은 증상 정도, 검사결과, 치료 내용, 관찰 필요성으로 검토 필요","수술 여부, 수술 목적, 수술기록지상 주요 소견 확인 필요","진료기록지;처방전;진료비 세부내역서;검사결과지 또는 판독지;의사 소견서","K07.6;K07;치과/턱관절;기타 보험분쟁 다빈도 질환/문서 쟁점;고지의무 / 실손보험 / 면책약관 / 장해 / 진단비;반복 증상;통원치료;진단서;소견서","medical_knowledge;terms_standards;fss_dispute_cases;legal_statutes;precedents;issue_playbooks","이 데이터는 의료 판단 확정용이 아니라 보험 실무상 쟁점 연결용 내부 보강 데이터다. 질병코드만으로 진단, 인과관계, 장해율, 고지의무 위반을 단정하지 말고 실제 진료내용, 검사결과, 치료기간, 약관을 확인해야 한다.","medical_issue_codes","internal_medical_issue_code","internal_review_required","needs_human_review"
"MIC288","H90.7","난청 관련 보험쟁점 8","H90","기타 보험분쟁 다빈도 질환/문서 쟁점","고지의무 / 실손보험 / 면책약관 / 장해 / 진단비","실손의료비;입원비;통원비;후유장해;진단비","반복 증상;통원치료;약 처방;검사;보험금 거절","진단서;소견서;검사결과지;처방전;입퇴원확인서","기본검사;전문의 진찰;기능검사;추적검사","반복 치료 여부;증상 기간;면책 조항 해당성;기존 치료력;기능 제한 여부","난청 관련 보험쟁점 8은(는) 고지의무 / 실손보험 / 면책약관 / 장해 / 진단비와 연결될 수 있는 내부 검색 보강 항목이다. 코드명만으로 결론을 내리지 않고 실제 문서상 진단 경위, 검사, 치료기간, 약관상 담보를 함께 확인해야 한다.","사고 직후 증상 발생 여부;사고 전 동일 부위 또는 동일 질환 치료력;검사상 급성 소견 여부;시간적 근접성","기존 치료력;반복 진료 이력;퇴행성 또는 만성 변화;건강검진 이상소견","최근 3개월 내 진료 여부;정밀검사 여부;입원/수술/장기투약 여부;의사가 중대한 질환으로 설명했는지 여부","영구장해 여부;객관적 기능 제한;장해 고정 시점;기왕장해 기여도","입원 필요성은 증상 정도, 검사결과, 치료 내용, 관찰 필요성으로 검토 필요","수술 여부, 수술 목적, 수술기록지상 주요 소견 확인 필요","진료기록지;처방전;진료비 세부내역서;검사결과지 또는 판독지;의사 소견서","H90.7;H90;난청;기타 보험분쟁 다빈도 질환/문서 쟁점;고지의무 / 실손보험 / 면책약관 / 장해 / 진단비;반복 증상;통원치료;진단서;소견서","medical_knowledge;terms_standards;fss_dispute_cases;legal_statutes;precedents;issue_playbooks","이 데이터는 의료 판단 확정용이 아니라 보험 실무상 쟁점 연결용 내부 보강 데이터다. 질병코드만으로 진단, 인과관계, 장해율, 고지의무 위반을 단정하지 말고 실제 진료내용, 검사결과, 치료기간, 약관을 확인해야 한다.","medical_issue_codes","internal_medical_issue_code","internal_review_required","needs_human_review"
"MIC289","H25.8","백내장 관련 보험쟁점 9","H25","기타 보험분쟁 다빈도 질환/문서 쟁점","고지의무 / 실손보험 / 면책약관 / 장해 / 진단비","실손의료비;입원비;통원비;후유장해;진단비","반복 증상;통원치료;약 처방;검사;보험금 거절","진단서;소견서;검사결과지;처방전;입퇴원확인서","기본검사;전문의 진찰;기능검사;추적검사","반복 치료 여부;증상 기간;면책 조항 해당성;기존 치료력;기능 제한 여부","백내장 관련 보험쟁점 9은(는) 고지의무 / 실손보험 / 면책약관 / 장해 / 진단비와 연결될 수 있는 내부 검색 보강 항목이다. 코드명만으로 결론을 내리지 않고 실제 문서상 진단 경위, 검사, 치료기간, 약관상 담보를 함께 확인해야 한다.","사고 직후 증상 발생 여부;사고 전 동일 부위 또는 동일 질환 치료력;검사상 급성 소견 여부;시간적 근접성","기존 치료력;반복 진료 이력;퇴행성 또는 만성 변화;건강검진 이상소견","최근 3개월 내 진료 여부;정밀검사 여부;입원/수술/장기투약 여부;의사가 중대한 질환으로 설명했는지 여부","영구장해 여부;객관적 기능 제한;장해 고정 시점;기왕장해 기여도","입원 필요성은 증상 정도, 검사결과, 치료 내용, 관찰 필요성으로 검토 필요","수술 여부, 수술 목적, 수술기록지상 주요 소견 확인 필요","진료기록지;처방전;진료비 세부내역서;검사결과지 또는 판독지;의사 소견서","H25.8;H25;백내장;기타 보험분쟁 다빈도 질환/문서 쟁점;고지의무 / 실손보험 / 면책약관 / 장해 / 진단비;반복 증상;통원치료;진단서;소견서","medical_knowledge;terms_standards;fss_dispute_cases;legal_statutes;precedents;issue_playbooks","이 데이터는 의료 판단 확정용이 아니라 보험 실무상 쟁점 연결용 내부 보강 데이터다. 질병코드만으로 진단, 인과관계, 장해율, 고지의무 위반을 단정하지 말고 실제 진료내용, 검사결과, 치료기간, 약관을 확인해야 한다.","medical_issue_codes","internal_medical_issue_code","internal_review_required","needs_human_review"
"MIC290","H40.9","녹내장 관련 보험쟁점 10","H40","기타 보험분쟁 다빈도 질환/문서 쟁점","고지의무 / 실손보험 / 면책약관 / 장해 / 진단비","실손의료비;입원비;통원비;후유장해;진단비","반복 증상;통원치료;약 처방;검사;보험금 거절","진단서;소견서;검사결과지;처방전;입퇴원확인서","기본검사;전문의 진찰;기능검사;추적검사","반복 치료 여부;증상 기간;면책 조항 해당성;기존 치료력;기능 제한 여부","녹내장 관련 보험쟁점 10은(는) 고지의무 / 실손보험 / 면책약관 / 장해 / 진단비와 연결될 수 있는 내부 검색 보강 항목이다. 코드명만으로 결론을 내리지 않고 실제 문서상 진단 경위, 검사, 치료기간, 약관상 담보를 함께 확인해야 한다.","사고 직후 증상 발생 여부;사고 전 동일 부위 또는 동일 질환 치료력;검사상 급성 소견 여부;시간적 근접성","기존 치료력;반복 진료 이력;퇴행성 또는 만성 변화;건강검진 이상소견","최근 3개월 내 진료 여부;정밀검사 여부;입원/수술/장기투약 여부;의사가 중대한 질환으로 설명했는지 여부","영구장해 여부;객관적 기능 제한;장해 고정 시점;기왕장해 기여도","입원 필요성은 증상 정도, 검사결과, 치료 내용, 관찰 필요성으로 검토 필요","수술 여부, 수술 목적, 수술기록지상 주요 소견 확인 필요","진료기록지;처방전;진료비 세부내역서;검사결과지 또는 판독지;의사 소견서","H40.9;H40;녹내장;기타 보험분쟁 다빈도 질환/문서 쟁점;고지의무 / 실손보험 / 면책약관 / 장해 / 진단비;반복 증상;통원치료;진단서;소견서","medical_knowledge;terms_standards;fss_dispute_cases;legal_statutes;precedents;issue_playbooks","이 데이터는 의료 판단 확정용이 아니라 보험 실무상 쟁점 연결용 내부 보강 데이터다. 질병코드만으로 진단, 인과관계, 장해율, 고지의무 위반을 단정하지 말고 실제 진료내용, 검사결과, 치료기간, 약관을 확인해야 한다.","medical_issue_codes","internal_medical_issue_code","internal_review_required","needs_human_review"
"MIC291","L50.0:MIC291","알레르기성 두드러기 관련 보험쟁점 11","L50","기타 보험분쟁 다빈도 질환/문서 쟁점","고지의무 / 실손보험 / 면책약관 / 장해 / 진단비","실손의료비;입원비;통원비;후유장해;진단비","반복 증상;통원치료;약 처방;검사;보험금 거절","진단서;소견서;검사결과지;처방전;입퇴원확인서","기본검사;전문의 진찰;기능검사;추적검사","반복 치료 여부;증상 기간;면책 조항 해당성;기존 치료력;기능 제한 여부","알레르기성 두드러기 관련 보험쟁점 11은(는) 고지의무 / 실손보험 / 면책약관 / 장해 / 진단비와 연결될 수 있는 내부 검색 보강 항목이다. 코드명만으로 결론을 내리지 않고 실제 문서상 진단 경위, 검사, 치료기간, 약관상 담보를 함께 확인해야 한다.","사고 직후 증상 발생 여부;사고 전 동일 부위 또는 동일 질환 치료력;검사상 급성 소견 여부;시간적 근접성","기존 치료력;반복 진료 이력;퇴행성 또는 만성 변화;건강검진 이상소견","최근 3개월 내 진료 여부;정밀검사 여부;입원/수술/장기투약 여부;의사가 중대한 질환으로 설명했는지 여부","영구장해 여부;객관적 기능 제한;장해 고정 시점;기왕장해 기여도","입원 필요성은 증상 정도, 검사결과, 치료 내용, 관찰 필요성으로 검토 필요","수술 여부, 수술 목적, 수술기록지상 주요 소견 확인 필요","진료기록지;처방전;진료비 세부내역서;검사결과지 또는 판독지;의사 소견서","L50.0:MIC291;L50;알레르기성 두드러기;기타 보험분쟁 다빈도 질환/문서 쟁점;고지의무 / 실손보험 / 면책약관 / 장해 / 진단비;반복 증상;통원치료;진단서;소견서","medical_knowledge;terms_standards;fss_dispute_cases;legal_statutes;precedents;issue_playbooks","이 데이터는 의료 판단 확정용이 아니라 보험 실무상 쟁점 연결용 내부 보강 데이터다. 질병코드만으로 진단, 인과관계, 장해율, 고지의무 위반을 단정하지 말고 실제 진료내용, 검사결과, 치료기간, 약관을 확인해야 한다.","medical_issue_codes","internal_medical_issue_code","internal_review_required","needs_human_review"
"MIC292","L23/L24:12","접촉피부염 관련 보험쟁점 12","L23/L24","기타 보험분쟁 다빈도 질환/문서 쟁점","고지의무 / 실손보험 / 면책약관 / 장해 / 진단비","실손의료비;입원비;통원비;후유장해;진단비","반복 증상;통원치료;약 처방;검사;보험금 거절","진단서;소견서;검사결과지;처방전;입퇴원확인서","기본검사;전문의 진찰;기능검사;추적검사","반복 치료 여부;증상 기간;면책 조항 해당성;기존 치료력;기능 제한 여부","접촉피부염 관련 보험쟁점 12은(는) 고지의무 / 실손보험 / 면책약관 / 장해 / 진단비와 연결될 수 있는 내부 검색 보강 항목이다. 코드명만으로 결론을 내리지 않고 실제 문서상 진단 경위, 검사, 치료기간, 약관상 담보를 함께 확인해야 한다.","사고 직후 증상 발생 여부;사고 전 동일 부위 또는 동일 질환 치료력;검사상 급성 소견 여부;시간적 근접성","기존 치료력;반복 진료 이력;퇴행성 또는 만성 변화;건강검진 이상소견","최근 3개월 내 진료 여부;정밀검사 여부;입원/수술/장기투약 여부;의사가 중대한 질환으로 설명했는지 여부","영구장해 여부;객관적 기능 제한;장해 고정 시점;기왕장해 기여도","입원 필요성은 증상 정도, 검사결과, 치료 내용, 관찰 필요성으로 검토 필요","수술 여부, 수술 목적, 수술기록지상 주요 소견 확인 필요","진료기록지;처방전;진료비 세부내역서;검사결과지 또는 판독지;의사 소견서","L23/L24:12;L23/L24;접촉피부염;기타 보험분쟁 다빈도 질환/문서 쟁점;고지의무 / 실손보험 / 면책약관 / 장해 / 진단비;반복 증상;통원치료;진단서;소견서","medical_knowledge;terms_standards;fss_dispute_cases;legal_statutes;precedents;issue_playbooks","이 데이터는 의료 판단 확정용이 아니라 보험 실무상 쟁점 연결용 내부 보강 데이터다. 질병코드만으로 진단, 인과관계, 장해율, 고지의무 위반을 단정하지 말고 실제 진료내용, 검사결과, 치료기간, 약관을 확인해야 한다.","medical_issue_codes","internal_medical_issue_code","internal_review_required","needs_human_review"
"MIC293","F32.2:MIC293","우울증 관련 보험쟁점 13","F32","기타 보험분쟁 다빈도 질환/문서 쟁점","고지의무 / 실손보험 / 면책약관 / 장해 / 진단비","실손의료비;입원비;통원비;후유장해;진단비","반복 증상;통원치료;약 처방;검사;보험금 거절","진단서;소견서;검사결과지;처방전;입퇴원확인서","기본검사;전문의 진찰;기능검사;추적검사","반복 치료 여부;증상 기간;면책 조항 해당성;기존 치료력;기능 제한 여부","우울증 관련 보험쟁점 13은(는) 고지의무 / 실손보험 / 면책약관 / 장해 / 진단비와 연결될 수 있는 내부 검색 보강 항목이다. 코드명만으로 결론을 내리지 않고 실제 문서상 진단 경위, 검사, 치료기간, 약관상 담보를 함께 확인해야 한다.","사고 직후 증상 발생 여부;사고 전 동일 부위 또는 동일 질환 치료력;검사상 급성 소견 여부;시간적 근접성","기존 치료력;반복 진료 이력;퇴행성 또는 만성 변화;건강검진 이상소견","최근 3개월 내 진료 여부;정밀검사 여부;입원/수술/장기투약 여부;의사가 중대한 질환으로 설명했는지 여부","영구장해 여부;객관적 기능 제한;장해 고정 시점;기왕장해 기여도","입원 필요성은 증상 정도, 검사결과, 치료 내용, 관찰 필요성으로 검토 필요","수술 여부, 수술 목적, 수술기록지상 주요 소견 확인 필요","진료기록지;처방전;진료비 세부내역서;검사결과지 또는 판독지;의사 소견서","F32.2:MIC293;F32;우울증;기타 보험분쟁 다빈도 질환/문서 쟁점;고지의무 / 실손보험 / 면책약관 / 장해 / 진단비;반복 증상;통원치료;진단서;소견서","medical_knowledge;terms_standards;fss_dispute_cases;legal_statutes;precedents;issue_playbooks","이 데이터는 의료 판단 확정용이 아니라 보험 실무상 쟁점 연결용 내부 보강 데이터다. 질병코드만으로 진단, 인과관계, 장해율, 고지의무 위반을 단정하지 말고 실제 진료내용, 검사결과, 치료기간, 약관을 확인해야 한다.","medical_issue_codes","internal_medical_issue_code","internal_review_required","needs_human_review"
"MIC294","F41.3:MIC294","불안장애 관련 보험쟁점 14","F41","기타 보험분쟁 다빈도 질환/문서 쟁점","고지의무 / 실손보험 / 면책약관 / 장해 / 진단비","실손의료비;입원비;통원비;후유장해;진단비","반복 증상;통원치료;약 처방;검사;보험금 거절","진단서;소견서;검사결과지;처방전;입퇴원확인서","기본검사;전문의 진찰;기능검사;추적검사","반복 치료 여부;증상 기간;면책 조항 해당성;기존 치료력;기능 제한 여부","불안장애 관련 보험쟁점 14은(는) 고지의무 / 실손보험 / 면책약관 / 장해 / 진단비와 연결될 수 있는 내부 검색 보강 항목이다. 코드명만으로 결론을 내리지 않고 실제 문서상 진단 경위, 검사, 치료기간, 약관상 담보를 함께 확인해야 한다.","사고 직후 증상 발생 여부;사고 전 동일 부위 또는 동일 질환 치료력;검사상 급성 소견 여부;시간적 근접성","기존 치료력;반복 진료 이력;퇴행성 또는 만성 변화;건강검진 이상소견","최근 3개월 내 진료 여부;정밀검사 여부;입원/수술/장기투약 여부;의사가 중대한 질환으로 설명했는지 여부","영구장해 여부;객관적 기능 제한;장해 고정 시점;기왕장해 기여도","입원 필요성은 증상 정도, 검사결과, 치료 내용, 관찰 필요성으로 검토 필요","수술 여부, 수술 목적, 수술기록지상 주요 소견 확인 필요","진료기록지;처방전;진료비 세부내역서;검사결과지 또는 판독지;의사 소견서","F41.3:MIC294;F41;불안장애;기타 보험분쟁 다빈도 질환/문서 쟁점;고지의무 / 실손보험 / 면책약관 / 장해 / 진단비;반복 증상;통원치료;진단서;소견서","medical_knowledge;terms_standards;fss_dispute_cases;legal_statutes;precedents;issue_playbooks","이 데이터는 의료 판단 확정용이 아니라 보험 실무상 쟁점 연결용 내부 보강 데이터다. 질병코드만으로 진단, 인과관계, 장해율, 고지의무 위반을 단정하지 말고 실제 진료내용, 검사결과, 치료기간, 약관을 확인해야 한다.","medical_issue_codes","internal_medical_issue_code","internal_review_required","needs_human_review"
"MIC295","G47.4:MIC295","수면장애 관련 보험쟁점 15","G47","기타 보험분쟁 다빈도 질환/문서 쟁점","고지의무 / 실손보험 / 면책약관 / 장해 / 진단비","실손의료비;입원비;통원비;후유장해;진단비","반복 증상;통원치료;약 처방;검사;보험금 거절","진단서;소견서;검사결과지;처방전;입퇴원확인서","기본검사;전문의 진찰;기능검사;추적검사","반복 치료 여부;증상 기간;면책 조항 해당성;기존 치료력;기능 제한 여부","수면장애 관련 보험쟁점 15은(는) 고지의무 / 실손보험 / 면책약관 / 장해 / 진단비와 연결될 수 있는 내부 검색 보강 항목이다. 코드명만으로 결론을 내리지 않고 실제 문서상 진단 경위, 검사, 치료기간, 약관상 담보를 함께 확인해야 한다.","사고 직후 증상 발생 여부;사고 전 동일 부위 또는 동일 질환 치료력;검사상 급성 소견 여부;시간적 근접성","기존 치료력;반복 진료 이력;퇴행성 또는 만성 변화;건강검진 이상소견","최근 3개월 내 진료 여부;정밀검사 여부;입원/수술/장기투약 여부;의사가 중대한 질환으로 설명했는지 여부","영구장해 여부;객관적 기능 제한;장해 고정 시점;기왕장해 기여도","입원 필요성은 증상 정도, 검사결과, 치료 내용, 관찰 필요성으로 검토 필요","수술 여부, 수술 목적, 수술기록지상 주요 소견 확인 필요","진료기록지;처방전;진료비 세부내역서;검사결과지 또는 판독지;의사 소견서","G47.4:MIC295;G47;수면장애;기타 보험분쟁 다빈도 질환/문서 쟁점;고지의무 / 실손보험 / 면책약관 / 장해 / 진단비;반복 증상;통원치료;진단서;소견서","medical_knowledge;terms_standards;fss_dispute_cases;legal_statutes;precedents;issue_playbooks","이 데이터는 의료 판단 확정용이 아니라 보험 실무상 쟁점 연결용 내부 보강 데이터다. 질병코드만으로 진단, 인과관계, 장해율, 고지의무 위반을 단정하지 말고 실제 진료내용, 검사결과, 치료기간, 약관을 확인해야 한다.","medical_issue_codes","internal_medical_issue_code","internal_review_required","needs_human_review"
"MIC296","O00-O99:16","임신/출산 관련 관련 보험쟁점 16","O00-O99","기타 보험분쟁 다빈도 질환/문서 쟁점","고지의무 / 실손보험 / 면책약관 / 장해 / 진단비","실손의료비;입원비;통원비;후유장해;진단비","반복 증상;통원치료;약 처방;검사;보험금 거절","진단서;소견서;검사결과지;처방전;입퇴원확인서","기본검사;전문의 진찰;기능검사;추적검사","반복 치료 여부;증상 기간;면책 조항 해당성;기존 치료력;기능 제한 여부","임신/출산 관련 관련 보험쟁점 16은(는) 고지의무 / 실손보험 / 면책약관 / 장해 / 진단비와 연결될 수 있는 내부 검색 보강 항목이다. 코드명만으로 결론을 내리지 않고 실제 문서상 진단 경위, 검사, 치료기간, 약관상 담보를 함께 확인해야 한다.","사고 직후 증상 발생 여부;사고 전 동일 부위 또는 동일 질환 치료력;검사상 급성 소견 여부;시간적 근접성","기존 치료력;반복 진료 이력;퇴행성 또는 만성 변화;건강검진 이상소견","최근 3개월 내 진료 여부;정밀검사 여부;입원/수술/장기투약 여부;의사가 중대한 질환으로 설명했는지 여부","영구장해 여부;객관적 기능 제한;장해 고정 시점;기왕장해 기여도","입원 필요성은 증상 정도, 검사결과, 치료 내용, 관찰 필요성으로 검토 필요","수술 여부, 수술 목적, 수술기록지상 주요 소견 확인 필요","진료기록지;처방전;진료비 세부내역서;검사결과지 또는 판독지;의사 소견서","O00-O99:16;O00-O99;임신/출산 관련;기타 보험분쟁 다빈도 질환/문서 쟁점;고지의무 / 실손보험 / 면책약관 / 장해 / 진단비;반복 증상;통원치료;진단서;소견서","medical_knowledge;terms_standards;fss_dispute_cases;legal_statutes;precedents;issue_playbooks","이 데이터는 의료 판단 확정용이 아니라 보험 실무상 쟁점 연결용 내부 보강 데이터다. 질병코드만으로 진단, 인과관계, 장해율, 고지의무 위반을 단정하지 말고 실제 진료내용, 검사결과, 치료기간, 약관을 확인해야 한다.","medical_issue_codes","internal_medical_issue_code","internal_review_required","needs_human_review"
"MIC297","K07.6:MIC297","치과/턱관절 관련 보험쟁점 17","K07","기타 보험분쟁 다빈도 질환/문서 쟁점","고지의무 / 실손보험 / 면책약관 / 장해 / 진단비","실손의료비;입원비;통원비;후유장해;진단비","반복 증상;통원치료;약 처방;검사;보험금 거절","진단서;소견서;검사결과지;처방전;입퇴원확인서","기본검사;전문의 진찰;기능검사;추적검사","반복 치료 여부;증상 기간;면책 조항 해당성;기존 치료력;기능 제한 여부","치과/턱관절 관련 보험쟁점 17은(는) 고지의무 / 실손보험 / 면책약관 / 장해 / 진단비와 연결될 수 있는 내부 검색 보강 항목이다. 코드명만으로 결론을 내리지 않고 실제 문서상 진단 경위, 검사, 치료기간, 약관상 담보를 함께 확인해야 한다.","사고 직후 증상 발생 여부;사고 전 동일 부위 또는 동일 질환 치료력;검사상 급성 소견 여부;시간적 근접성","기존 치료력;반복 진료 이력;퇴행성 또는 만성 변화;건강검진 이상소견","최근 3개월 내 진료 여부;정밀검사 여부;입원/수술/장기투약 여부;의사가 중대한 질환으로 설명했는지 여부","영구장해 여부;객관적 기능 제한;장해 고정 시점;기왕장해 기여도","입원 필요성은 증상 정도, 검사결과, 치료 내용, 관찰 필요성으로 검토 필요","수술 여부, 수술 목적, 수술기록지상 주요 소견 확인 필요","진료기록지;처방전;진료비 세부내역서;검사결과지 또는 판독지;의사 소견서","K07.6:MIC297;K07;치과/턱관절;기타 보험분쟁 다빈도 질환/문서 쟁점;고지의무 / 실손보험 / 면책약관 / 장해 / 진단비;반복 증상;통원치료;진단서;소견서","medical_knowledge;terms_standards;fss_dispute_cases;legal_statutes;precedents;issue_playbooks","이 데이터는 의료 판단 확정용이 아니라 보험 실무상 쟁점 연결용 내부 보강 데이터다. 질병코드만으로 진단, 인과관계, 장해율, 고지의무 위반을 단정하지 말고 실제 진료내용, 검사결과, 치료기간, 약관을 확인해야 한다.","medical_issue_codes","internal_medical_issue_code","internal_review_required","needs_human_review"
"MIC298","H90.7:MIC298","난청 관련 보험쟁점 18","H90","기타 보험분쟁 다빈도 질환/문서 쟁점","고지의무 / 실손보험 / 면책약관 / 장해 / 진단비","실손의료비;입원비;통원비;후유장해;진단비","반복 증상;통원치료;약 처방;검사;보험금 거절","진단서;소견서;검사결과지;처방전;입퇴원확인서","기본검사;전문의 진찰;기능검사;추적검사","반복 치료 여부;증상 기간;면책 조항 해당성;기존 치료력;기능 제한 여부","난청 관련 보험쟁점 18은(는) 고지의무 / 실손보험 / 면책약관 / 장해 / 진단비와 연결될 수 있는 내부 검색 보강 항목이다. 코드명만으로 결론을 내리지 않고 실제 문서상 진단 경위, 검사, 치료기간, 약관상 담보를 함께 확인해야 한다.","사고 직후 증상 발생 여부;사고 전 동일 부위 또는 동일 질환 치료력;검사상 급성 소견 여부;시간적 근접성","기존 치료력;반복 진료 이력;퇴행성 또는 만성 변화;건강검진 이상소견","최근 3개월 내 진료 여부;정밀검사 여부;입원/수술/장기투약 여부;의사가 중대한 질환으로 설명했는지 여부","영구장해 여부;객관적 기능 제한;장해 고정 시점;기왕장해 기여도","입원 필요성은 증상 정도, 검사결과, 치료 내용, 관찰 필요성으로 검토 필요","수술 여부, 수술 목적, 수술기록지상 주요 소견 확인 필요","진료기록지;처방전;진료비 세부내역서;검사결과지 또는 판독지;의사 소견서","H90.7:MIC298;H90;난청;기타 보험분쟁 다빈도 질환/문서 쟁점;고지의무 / 실손보험 / 면책약관 / 장해 / 진단비;반복 증상;통원치료;진단서;소견서","medical_knowledge;terms_standards;fss_dispute_cases;legal_statutes;precedents;issue_playbooks","이 데이터는 의료 판단 확정용이 아니라 보험 실무상 쟁점 연결용 내부 보강 데이터다. 질병코드만으로 진단, 인과관계, 장해율, 고지의무 위반을 단정하지 말고 실제 진료내용, 검사결과, 치료기간, 약관을 확인해야 한다.","medical_issue_codes","internal_medical_issue_code","internal_review_required","needs_human_review"
"MIC299","H25.8:MIC299","백내장 관련 보험쟁점 19","H25","기타 보험분쟁 다빈도 질환/문서 쟁점","고지의무 / 실손보험 / 면책약관 / 장해 / 진단비","실손의료비;입원비;통원비;후유장해;진단비","반복 증상;통원치료;약 처방;검사;보험금 거절","진단서;소견서;검사결과지;처방전;입퇴원확인서","기본검사;전문의 진찰;기능검사;추적검사","반복 치료 여부;증상 기간;면책 조항 해당성;기존 치료력;기능 제한 여부","백내장 관련 보험쟁점 19은(는) 고지의무 / 실손보험 / 면책약관 / 장해 / 진단비와 연결될 수 있는 내부 검색 보강 항목이다. 코드명만으로 결론을 내리지 않고 실제 문서상 진단 경위, 검사, 치료기간, 약관상 담보를 함께 확인해야 한다.","사고 직후 증상 발생 여부;사고 전 동일 부위 또는 동일 질환 치료력;검사상 급성 소견 여부;시간적 근접성","기존 치료력;반복 진료 이력;퇴행성 또는 만성 변화;건강검진 이상소견","최근 3개월 내 진료 여부;정밀검사 여부;입원/수술/장기투약 여부;의사가 중대한 질환으로 설명했는지 여부","영구장해 여부;객관적 기능 제한;장해 고정 시점;기왕장해 기여도","입원 필요성은 증상 정도, 검사결과, 치료 내용, 관찰 필요성으로 검토 필요","수술 여부, 수술 목적, 수술기록지상 주요 소견 확인 필요","진료기록지;처방전;진료비 세부내역서;검사결과지 또는 판독지;의사 소견서","H25.8:MIC299;H25;백내장;기타 보험분쟁 다빈도 질환/문서 쟁점;고지의무 / 실손보험 / 면책약관 / 장해 / 진단비;반복 증상;통원치료;진단서;소견서","medical_knowledge;terms_standards;fss_dispute_cases;legal_statutes;precedents;issue_playbooks","이 데이터는 의료 판단 확정용이 아니라 보험 실무상 쟁점 연결용 내부 보강 데이터다. 질병코드만으로 진단, 인과관계, 장해율, 고지의무 위반을 단정하지 말고 실제 진료내용, 검사결과, 치료기간, 약관을 확인해야 한다.","medical_issue_codes","internal_medical_issue_code","internal_review_required","needs_human_review"
"MIC300","H40.9:MIC300","녹내장 관련 보험쟁점 20","H40","기타 보험분쟁 다빈도 질환/문서 쟁점","고지의무 / 실손보험 / 면책약관 / 장해 / 진단비","실손의료비;입원비;통원비;후유장해;진단비","반복 증상;통원치료;약 처방;검사;보험금 거절","진단서;소견서;검사결과지;처방전;입퇴원확인서","기본검사;전문의 진찰;기능검사;추적검사","반복 치료 여부;증상 기간;면책 조항 해당성;기존 치료력;기능 제한 여부","녹내장 관련 보험쟁점 20은(는) 고지의무 / 실손보험 / 면책약관 / 장해 / 진단비와 연결될 수 있는 내부 검색 보강 항목이다. 코드명만으로 결론을 내리지 않고 실제 문서상 진단 경위, 검사, 치료기간, 약관상 담보를 함께 확인해야 한다.","사고 직후 증상 발생 여부;사고 전 동일 부위 또는 동일 질환 치료력;검사상 급성 소견 여부;시간적 근접성","기존 치료력;반복 진료 이력;퇴행성 또는 만성 변화;건강검진 이상소견","최근 3개월 내 진료 여부;정밀검사 여부;입원/수술/장기투약 여부;의사가 중대한 질환으로 설명했는지 여부","영구장해 여부;객관적 기능 제한;장해 고정 시점;기왕장해 기여도","입원 필요성은 증상 정도, 검사결과, 치료 내용, 관찰 필요성으로 검토 필요","수술 여부, 수술 목적, 수술기록지상 주요 소견 확인 필요","진료기록지;처방전;진료비 세부내역서;검사결과지 또는 판독지;의사 소견서","H40.9:MIC300;H40;녹내장;기타 보험분쟁 다빈도 질환/문서 쟁점;고지의무 / 실손보험 / 면책약관 / 장해 / 진단비;반복 증상;통원치료;진단서;소견서","medical_knowledge;terms_standards;fss_dispute_cases;legal_statutes;precedents;issue_playbooks","이 데이터는 의료 판단 확정용이 아니라 보험 실무상 쟁점 연결용 내부 보강 데이터다. 질병코드만으로 진단, 인과관계, 장해율, 고지의무 위반을 단정하지 말고 실제 진료내용, 검사결과, 치료기간, 약관을 확인해야 한다.","medical_issue_codes","internal_medical_issue_code","internal_review_required","needs_human_review"
